<?xml version="1.0" encoding="UTF-8"?>
<xocs:doc xsi:schemaLocation="http://www.elsevier.com/xml/xocs/dtd http://schema.elsevier.com/dtds/document/fulltext/xcr/xocs-article.xsd" xmlns:xocs="http://www.elsevier.com/xml/xocs/dtd" xmlns:xs="http://www.w3.org/2001/XMLSchema" xmlns:xsi="http://www.w3.org/2001/XMLSchema-instance" xmlns="http://www.elsevier.com/xml/ja/dtd" xmlns:ja="http://www.elsevier.com/xml/ja/dtd" xmlns:mml="http://www.w3.org/1998/Math/MathML" xmlns:tb="http://www.elsevier.com/xml/common/table/dtd" xmlns:sb="http://www.elsevier.com/xml/common/struct-bib/dtd" xmlns:ce="http://www.elsevier.com/xml/common/dtd" xmlns:xlink="http://www.w3.org/1999/xlink" xmlns:cals="http://www.elsevier.com/xml/common/cals/dtd"><xocs:meta><xocs:content-family>serial</xocs:content-family><xocs:content-type>JL</xocs:content-type><xocs:cid>271350</xocs:cid><xocs:ssids><xocs:ssid type="alllist">291210</xocs:ssid><xocs:ssid type="subj">291687</xocs:ssid><xocs:ssid type="subj">291720</xocs:ssid><xocs:ssid type="subj">291790</xocs:ssid><xocs:ssid type="subj">291821</xocs:ssid><xocs:ssid type="subj">291940</xocs:ssid><xocs:ssid type="content">31</xocs:ssid><xocs:ssid type="oa">90</xocs:ssid></xocs:ssids><xocs:srctitle>Chemical Physics Letters</xocs:srctitle><xocs:normalized-srctitle>CHEMICALPHYSICSLETTERS</xocs:normalized-srctitle><xocs:orig-load-date yyyymmdd="20090608">2009-06-08</xocs:orig-load-date><xocs:ew-transaction-id>2014-11-18T10:56:28</xocs:ew-transaction-id><xocs:eid>1-s2.0-S0009261409006666</xocs:eid><xocs:pii-formatted>S0009-2614(09)00666-6</xocs:pii-formatted><xocs:pii-unformatted>S0009261409006666</xocs:pii-unformatted><xocs:doi>10.1016/j.cplett.2009.06.004</xocs:doi><xocs:item-stage>S300</xocs:item-stage><xocs:item-version-number>S300.4</xocs:item-version-number><xocs:item-weight>FULL-TEXT</xocs:item-weight><xocs:hub-eid>1-s2.0-S0009261409X00175</xocs:hub-eid><xocs:timestamp yyyymmdd="20141118">2014-11-18T06:55:06.961649-05:00</xocs:timestamp><xocs:dco>0</xocs:dco><xocs:tomb>0</xocs:tomb><xocs:date-search-begin>20090707</xocs:date-search-begin><xocs:year-nav>2009</xocs:year-nav><xocs:indexeddate epoch="1244419200">2009-06-08T00:00:00Z</xocs:indexeddate><xocs:articleinfo>absattachment articleinfo articletitlenorm authfirstinitialnorm authfirstsurnamenorm cid cids contenttype copyright crossmark dateloaded dateloadedtxt datesearch datesort dateupdated dco docsubtype doctype doi eid ewtransactionid fundingbodyid hubeid indexeddate issfirst issn issnnorm issuelist itemstage itemtransactionid itemweight oauserlicense openaccess openarchive pg pgfirst pglast pii piinorm pubdatestart pubdatetxt pubyr sectiontitle sortorder sponsoredaccesstype srctitle srctitlenorm srctype ssids alllist content oa subj subheadings tomb volfirst volissue volumelist webpdf webpdfpagecount yearnav figure table body mmlmath acknowledge affil articletitle auth authfirstini authfull authlast primabst ref specialabst</xocs:articleinfo><xocs:issns><xocs:issn-primary-formatted>0009-2614</xocs:issn-primary-formatted><xocs:issn-primary-unformatted>00092614</xocs:issn-primary-unformatted></xocs:issns><xocs:sponsored-access-type>UNLIMITED</xocs:sponsored-access-type><xocs:funding-body-id>WT</xocs:funding-body-id><xocs:crossmark is-crossmark="0">false</xocs:crossmark><xocs:vol-first>476</xocs:vol-first><xocs:volume-list><xocs:volume>476</xocs:volume></xocs:volume-list><xocs:iss-first>1</xocs:iss-first><xocs:iss-last>3</xocs:iss-last><xocs:issue-list><xocs:issue>1</xocs:issue><xocs:issue>2</xocs:issue><xocs:issue>3</xocs:issue></xocs:issue-list><xocs:vol-iss-suppl-text>Volume 476, Issues 1–3</xocs:vol-iss-suppl-text><xocs:sort-order>9</xocs:sort-order><xocs:first-fp>31</xocs:first-fp><xocs:last-lp>36</xocs:last-lp><xocs:pages><xocs:first-page>31</xocs:first-page><xocs:last-page>36</xocs:last-page></xocs:pages><xocs:cover-date-orig><xocs:start-date>20090707</xocs:start-date></xocs:cover-date-orig><xocs:cover-date-text>7 July 2009</xocs:cover-date-text><xocs:cover-date-start>2009-07-07</xocs:cover-date-start><xocs:cover-date-year>2009</xocs:cover-date-year><xocs:hub-sec><xocs:hub-sec-title>Condensed Phases</xocs:hub-sec-title></xocs:hub-sec><xocs:document-type>article</xocs:document-type><xocs:document-subtype>fla</xocs:document-subtype><xocs:copyright-line>Copyright © 2009 Elsevier B.V.</xocs:copyright-line><xocs:normalized-article-title>SPECTRALLYRESOLVEDPHOTONECHOSPECTROSCOPYZNIICOIINIIIOCTAETHYLPORPHYRINS</xocs:normalized-article-title><xocs:normalized-first-auth-surname>KARTHICKKUMAR</xocs:normalized-first-auth-surname><xocs:normalized-first-auth-initial>S</xocs:normalized-first-auth-initial><xocs:item-toc><xocs:item-toc-entry ref-elem="ce:sections"><xocs:item-toc-label>1</xocs:item-toc-label><xocs:item-toc-section-title>Introduction</xocs:item-toc-section-title></xocs:item-toc-entry><xocs:item-toc-entry ref-elem="ce:sections"><xocs:item-toc-label>2</xocs:item-toc-label><xocs:item-toc-section-title>Theoretical background</xocs:item-toc-section-title></xocs:item-toc-entry><xocs:item-toc-entry ref-elem="ce:sections"><xocs:item-toc-label>3</xocs:item-toc-label><xocs:item-toc-section-title>Experimental setup</xocs:item-toc-section-title></xocs:item-toc-entry><xocs:item-toc-entry ref-elem="ce:sections"><xocs:item-toc-label>4</xocs:item-toc-label><xocs:item-toc-section-title>Results and discussion</xocs:item-toc-section-title></xocs:item-toc-entry><xocs:item-toc-entry ref-elem="ce:sections"><xocs:item-toc-label>5</xocs:item-toc-label><xocs:item-toc-section-title>Conclusion</xocs:item-toc-section-title></xocs:item-toc-entry><xocs:item-toc-entry ref-elem="ce:acknowledgment"><xocs:item-toc-section-title>Acknowledgments</xocs:item-toc-section-title></xocs:item-toc-entry><xocs:item-toc-entry ref-elem="ce:bibliography"><xocs:item-toc-section-title>References</xocs:item-toc-section-title></xocs:item-toc-entry></xocs:item-toc><xocs:references><xocs:ref-info refid="bib1"><xocs:ref-normalized-surname>DAO</xocs:ref-normalized-surname><xocs:ref-pub-year>2003</xocs:ref-pub-year><xocs:ref-first-fp>123</xocs:ref-first-fp><xocs:ref-normalized-initial>L</xocs:ref-normalized-initial></xocs:ref-info><xocs:ref-info refid="bib2"><xocs:ref-normalized-surname>DAO</xocs:ref-normalized-surname><xocs:ref-pub-year>2004</xocs:ref-pub-year><xocs:ref-first-fp>8434</xocs:ref-first-fp><xocs:ref-normalized-initial>L</xocs:ref-normalized-initial></xocs:ref-info><xocs:ref-info refid="bib3"><xocs:ref-normalized-surname>PARK</xocs:ref-normalized-surname><xocs:ref-pub-year>2002</xocs:ref-pub-year><xocs:ref-first-fp>10801</xocs:ref-first-fp><xocs:ref-normalized-initial>J</xocs:ref-normalized-initial></xocs:ref-info><xocs:ref-info refid="bib4"><xocs:ref-normalized-surname>DANTUS</xocs:ref-normalized-surname><xocs:ref-pub-year>2001</xocs:ref-pub-year><xocs:ref-first-fp>639</xocs:ref-first-fp><xocs:ref-normalized-initial>M</xocs:ref-normalized-initial></xocs:ref-info><xocs:ref-info refid="bib5"/><xocs:ref-info refid="bib6"><xocs:ref-normalized-surname>BOOK</xocs:ref-normalized-surname><xocs:ref-pub-year>1999</xocs:ref-pub-year><xocs:ref-first-fp>792</xocs:ref-first-fp><xocs:ref-normalized-initial>L</xocs:ref-normalized-initial></xocs:ref-info><xocs:ref-info refid="bib7"><xocs:ref-normalized-surname>WEHNER</xocs:ref-normalized-surname><xocs:ref-pub-year>1996</xocs:ref-pub-year><xocs:ref-first-fp>R5211</xocs:ref-first-fp><xocs:ref-normalized-initial>M</xocs:ref-normalized-initial></xocs:ref-info><xocs:ref-info refid="bib8"><xocs:ref-normalized-surname>HATAOKA</xocs:ref-normalized-surname><xocs:ref-pub-year>2000</xocs:ref-pub-year><xocs:ref-first-fp>853</xocs:ref-first-fp><xocs:ref-normalized-initial>S</xocs:ref-normalized-initial></xocs:ref-info><xocs:ref-info refid="bib9"><xocs:ref-normalized-surname>MILGROM</xocs:ref-normalized-surname><xocs:ref-pub-year>1997</xocs:ref-pub-year><xocs:ref-normalized-initial>L</xocs:ref-normalized-initial><xocs:ref-normalized-srctitle>COLORSLIFE</xocs:ref-normalized-srctitle></xocs:ref-info><xocs:ref-info refid="bib10"><xocs:ref-normalized-surname>LIU</xocs:ref-normalized-surname><xocs:ref-pub-year>2006</xocs:ref-pub-year><xocs:ref-first-fp>1298</xocs:ref-first-fp><xocs:ref-normalized-initial>X</xocs:ref-normalized-initial></xocs:ref-info><xocs:ref-info refid="bib11"><xocs:ref-normalized-surname>HEATHCOTE</xocs:ref-normalized-surname><xocs:ref-pub-year>2002</xocs:ref-pub-year><xocs:ref-first-fp>79</xocs:ref-first-fp><xocs:ref-normalized-initial>P</xocs:ref-normalized-initial></xocs:ref-info><xocs:ref-info refid="bib12"/><xocs:ref-info refid="bib13"><xocs:ref-normalized-surname>KAROLCZAK</xocs:ref-normalized-surname><xocs:ref-pub-year>2004</xocs:ref-pub-year><xocs:ref-first-fp>4570</xocs:ref-first-fp><xocs:ref-normalized-initial>J</xocs:ref-normalized-initial></xocs:ref-info><xocs:ref-info refid="bib14"><xocs:ref-normalized-surname>SHIRK</xocs:ref-normalized-surname><xocs:ref-pub-year>1992</xocs:ref-pub-year><xocs:ref-first-fp>699</xocs:ref-first-fp><xocs:ref-normalized-initial>J</xocs:ref-normalized-initial></xocs:ref-info><xocs:ref-info refid="bib15"><xocs:ref-normalized-surname>YU</xocs:ref-normalized-surname><xocs:ref-pub-year>1998</xocs:ref-pub-year><xocs:ref-first-fp>1</xocs:ref-first-fp><xocs:ref-normalized-initial>H</xocs:ref-normalized-initial></xocs:ref-info><xocs:ref-info refid="bib16"><xocs:ref-normalized-surname>YU</xocs:ref-normalized-surname><xocs:ref-pub-year>2002</xocs:ref-pub-year><xocs:ref-first-fp>9845</xocs:ref-first-fp><xocs:ref-normalized-initial>H</xocs:ref-normalized-initial></xocs:ref-info><xocs:ref-info refid="bib17"><xocs:ref-normalized-surname>RODRIGUEZ</xocs:ref-normalized-surname><xocs:ref-pub-year>1989</xocs:ref-pub-year><xocs:ref-first-fp>6500</xocs:ref-first-fp><xocs:ref-normalized-initial>J</xocs:ref-normalized-initial></xocs:ref-info><xocs:ref-info refid="bib18"><xocs:ref-normalized-surname>RODRIGUEZ</xocs:ref-normalized-surname><xocs:ref-pub-year>1989</xocs:ref-pub-year><xocs:ref-first-fp>3525</xocs:ref-first-fp><xocs:ref-normalized-initial>J</xocs:ref-normalized-initial></xocs:ref-info><xocs:ref-info refid="bib19"><xocs:ref-normalized-surname>RODRIGUEZ</xocs:ref-normalized-surname><xocs:ref-pub-year>1991</xocs:ref-pub-year><xocs:ref-first-fp>6020</xocs:ref-first-fp><xocs:ref-normalized-initial>J</xocs:ref-normalized-initial></xocs:ref-info><xocs:ref-info refid="bib20"><xocs:ref-normalized-surname>GENTEMAN</xocs:ref-normalized-surname><xocs:ref-pub-year>1997</xocs:ref-pub-year><xocs:ref-first-fp>1247</xocs:ref-first-fp><xocs:ref-normalized-initial>F</xocs:ref-normalized-initial></xocs:ref-info><xocs:ref-info refid="bib21"><xocs:ref-normalized-surname>DIETZEK</xocs:ref-normalized-surname><xocs:ref-pub-year>2005</xocs:ref-pub-year><xocs:ref-first-fp>94</xocs:ref-first-fp><xocs:ref-normalized-initial>B</xocs:ref-normalized-initial></xocs:ref-info><xocs:ref-info refid="bib22"><xocs:ref-normalized-surname>DIETZEK</xocs:ref-normalized-surname><xocs:ref-pub-year>2006</xocs:ref-pub-year><xocs:ref-first-fp>701</xocs:ref-first-fp><xocs:ref-normalized-initial>B</xocs:ref-normalized-initial></xocs:ref-info><xocs:ref-info refid="bib23"><xocs:ref-normalized-surname>MISHRA</xocs:ref-normalized-surname><xocs:ref-pub-year>2006</xocs:ref-pub-year><xocs:ref-first-fp>16083</xocs:ref-first-fp><xocs:ref-normalized-initial>R</xocs:ref-normalized-initial></xocs:ref-info><xocs:ref-info refid="bib24"><xocs:ref-normalized-surname>MISHRA</xocs:ref-normalized-surname><xocs:ref-pub-year>2006</xocs:ref-pub-year><xocs:ref-first-fp>629</xocs:ref-first-fp><xocs:ref-normalized-initial>R</xocs:ref-normalized-initial></xocs:ref-info><xocs:ref-info refid="bib25"><xocs:ref-normalized-surname>RATH</xocs:ref-normalized-surname><xocs:ref-pub-year>2005</xocs:ref-pub-year><xocs:ref-first-fp>11608</xocs:ref-first-fp><xocs:ref-normalized-initial>H</xocs:ref-normalized-initial></xocs:ref-info><xocs:ref-info refid="bib26"/><xocs:ref-info refid="bib27"><xocs:ref-normalized-surname>CHRISTENSSON</xocs:ref-normalized-surname><xocs:ref-pub-year>2008</xocs:ref-pub-year><xocs:ref-first-fp>106</xocs:ref-first-fp><xocs:ref-normalized-initial>N</xocs:ref-normalized-initial></xocs:ref-info><xocs:ref-info refid="bib28"><xocs:ref-normalized-surname>DAO</xocs:ref-normalized-surname><xocs:ref-pub-year>2006</xocs:ref-pub-year><xocs:ref-normalized-initial>L</xocs:ref-normalized-initial><xocs:ref-normalized-srctitle>FEMTOSECONDLASERSPECTROSCOPY</xocs:ref-normalized-srctitle></xocs:ref-info><xocs:ref-info refid="bib29"/></xocs:references><xocs:attachment-metadata-doc><xocs:attachment-set-type>item</xocs:attachment-set-type><xocs:pii-formatted>S0009-2614(09)00666-6</xocs:pii-formatted><xocs:pii-unformatted>S0009261409006666</xocs:pii-unformatted><xocs:eid>1-s2.0-S0009261409006666</xocs:eid><xocs:doi>10.1016/j.cplett.2009.06.004</xocs:doi><xocs:cid>271350</xocs:cid><xocs:timestamp>2014-11-18T06:55:06.961649-05:00</xocs:timestamp><xocs:path>/271350/1-s2.0-S0009261409X00175/1-s2.0-S0009261409006666/</xocs:path><xocs:cover-date-start>2009-07-07</xocs:cover-date-start><xocs:sponsored-access-type>UNLIMITED</xocs:sponsored-access-type><xocs:funding-body-id>WT</xocs:funding-body-id><xocs:attachments><xocs:web-pdf><xocs:attachment-eid>1-s2.0-S0009261409006666-main.pdf</xocs:attachment-eid><xocs:filename>main.pdf</xocs:filename><xocs:extension>pdf</xocs:extension><xocs:pdf-optimized>true</xocs:pdf-optimized><xocs:filesize>2769309</xocs:filesize><xocs:web-pdf-purpose>MAIN</xocs:web-pdf-purpose><xocs:web-pdf-page-count>6</xocs:web-pdf-page-count><xocs:web-pdf-images><xocs:web-pdf-image><xocs:attachment-eid>1-s2.0-S0009261409006666-main_1.png</xocs:attachment-eid><xocs:filename>main_1.png</xocs:filename><xocs:extension>png</xocs:extension><xocs:filesize>137646</xocs:filesize><xocs:pixel-height>849</xocs:pixel-height><xocs:pixel-width>656</xocs:pixel-width><xocs:attachment-type>IMAGE-WEB-PDF</xocs:attachment-type><xocs:pdf-page-num>1</xocs:pdf-page-num></xocs:web-pdf-image></xocs:web-pdf-images></xocs:web-pdf><xocs:attachment><xocs:attachment-eid>1-s2.0-S0009261409006666-si8.gif</xocs:attachment-eid><xocs:file-basename>si8</xocs:file-basename><xocs:filename>si8.gif</xocs:filename><xocs:extension>gif</xocs:extension><xocs:filesize>1730</xocs:filesize><xocs:pixel-height>22</xocs:pixel-height><xocs:pixel-width>390</xocs:pixel-width><xocs:attachment-type>ALTIMG</xocs:attachment-type></xocs:attachment><xocs:attachment><xocs:attachment-eid>1-s2.0-S0009261409006666-si7.gif</xocs:attachment-eid><xocs:file-basename>si7</xocs:file-basename><xocs:filename>si7.gif</xocs:filename><xocs:extension>gif</xocs:extension><xocs:filesize>1461</xocs:filesize><xocs:pixel-height>21</xocs:pixel-height><xocs:pixel-width>300</xocs:pixel-width><xocs:attachment-type>ALTIMG</xocs:attachment-type></xocs:attachment><xocs:attachment><xocs:attachment-eid>1-s2.0-S0009261409006666-si6.gif</xocs:attachment-eid><xocs:file-basename>si6</xocs:file-basename><xocs:filename>si6.gif</xocs:filename><xocs:extension>gif</xocs:extension><xocs:filesize>1499</xocs:filesize><xocs:pixel-height>42</xocs:pixel-height><xocs:pixel-width>299</xocs:pixel-width><xocs:attachment-type>ALTIMG</xocs:attachment-type></xocs:attachment><xocs:attachment><xocs:attachment-eid>1-s2.0-S0009261409006666-si5.gif</xocs:attachment-eid><xocs:file-basename>si5</xocs:file-basename><xocs:filename>si5.gif</xocs:filename><xocs:extension>gif</xocs:extension><xocs:filesize>507</xocs:filesize><xocs:pixel-height>11</xocs:pixel-height><xocs:pixel-width>144</xocs:pixel-width><xocs:attachment-type>ALTIMG</xocs:attachment-type></xocs:attachment><xocs:attachment><xocs:attachment-eid>1-s2.0-S0009261409006666-si4.gif</xocs:attachment-eid><xocs:file-basename>si4</xocs:file-basename><xocs:filename>si4.gif</xocs:filename><xocs:extension>gif</xocs:extension><xocs:filesize>449</xocs:filesize><xocs:pixel-height>14</xocs:pixel-height><xocs:pixel-width>117</xocs:pixel-width><xocs:attachment-type>ALTIMG</xocs:attachment-type></xocs:attachment><xocs:attachment><xocs:attachment-eid>1-s2.0-S0009261409006666-si3.gif</xocs:attachment-eid><xocs:file-basename>si3</xocs:file-basename><xocs:filename>si3.gif</xocs:filename><xocs:extension>gif</xocs:extension><xocs:filesize>662</xocs:filesize><xocs:pixel-height>22</xocs:pixel-height><xocs:pixel-width>114</xocs:pixel-width><xocs:attachment-type>ALTIMG</xocs:attachment-type></xocs:attachment><xocs:attachment><xocs:attachment-eid>1-s2.0-S0009261409006666-si2.gif</xocs:attachment-eid><xocs:file-basename>si2</xocs:file-basename><xocs:filename>si2.gif</xocs:filename><xocs:extension>gif</xocs:extension><xocs:filesize>2986</xocs:filesize><xocs:pixel-height>67</xocs:pixel-height><xocs:pixel-width>479</xocs:pixel-width><xocs:attachment-type>ALTIMG</xocs:attachment-type></xocs:attachment><xocs:attachment><xocs:attachment-eid>1-s2.0-S0009261409006666-si1.gif</xocs:attachment-eid><xocs:file-basename>si1</xocs:file-basename><xocs:filename>si1.gif</xocs:filename><xocs:extension>gif</xocs:extension><xocs:filesize>1967</xocs:filesize><xocs:pixel-height>50</xocs:pixel-height><xocs:pixel-width>373</xocs:pixel-width><xocs:attachment-type>ALTIMG</xocs:attachment-type></xocs:attachment><xocs:attachment><xocs:attachment-eid>1-s2.0-S0009261409006666-gr5_lrg.jpg</xocs:attachment-eid><xocs:file-basename>gr5</xocs:file-basename><xocs:filename>gr5_lrg.jpg</xocs:filename><xocs:extension>jpg</xocs:extension><xocs:filesize>875504</xocs:filesize><xocs:pixel-height>2374</xocs:pixel-height><xocs:pixel-width>2948</xocs:pixel-width><xocs:attachment-type>IMAGE-HIGH-RES</xocs:attachment-type></xocs:attachment><xocs:attachment><xocs:attachment-eid>1-s2.0-S0009261409006666-gr4_lrg.jpg</xocs:attachment-eid><xocs:file-basename>gr4</xocs:file-basename><xocs:filename>gr4_lrg.jpg</xocs:filename><xocs:extension>jpg</xocs:extension><xocs:filesize>608003</xocs:filesize><xocs:pixel-height>1665</xocs:pixel-height><xocs:pixel-width>2751</xocs:pixel-width><xocs:attachment-type>IMAGE-HIGH-RES</xocs:attachment-type></xocs:attachment><xocs:attachment><xocs:attachment-eid>1-s2.0-S0009261409006666-gr3_lrg.jpg</xocs:attachment-eid><xocs:file-basename>gr3</xocs:file-basename><xocs:filename>gr3_lrg.jpg</xocs:filename><xocs:extension>jpg</xocs:extension><xocs:filesize>517932</xocs:filesize><xocs:pixel-height>1627</xocs:pixel-height><xocs:pixel-width>2730</xocs:pixel-width><xocs:attachment-type>IMAGE-HIGH-RES</xocs:attachment-type></xocs:attachment><xocs:attachment><xocs:attachment-eid>1-s2.0-S0009261409006666-gr2_lrg.jpg</xocs:attachment-eid><xocs:file-basename>gr2</xocs:file-basename><xocs:filename>gr2_lrg.jpg</xocs:filename><xocs:extension>jpg</xocs:extension><xocs:filesize>527235</xocs:filesize><xocs:pixel-height>1646</xocs:pixel-height><xocs:pixel-width>2710</xocs:pixel-width><xocs:attachment-type>IMAGE-HIGH-RES</xocs:attachment-type></xocs:attachment><xocs:attachment><xocs:attachment-eid>1-s2.0-S0009261409006666-gr1_lrg.jpg</xocs:attachment-eid><xocs:file-basename>gr1</xocs:file-basename><xocs:filename>gr1_lrg.jpg</xocs:filename><xocs:extension>jpg</xocs:extension><xocs:filesize>251847</xocs:filesize><xocs:pixel-height>1744</xocs:pixel-height><xocs:pixel-width>3067</xocs:pixel-width><xocs:attachment-type>IMAGE-HIGH-RES</xocs:attachment-type></xocs:attachment><xocs:attachment><xocs:attachment-eid>1-s2.0-S0009261409006666-fx1_lrg.jpg</xocs:attachment-eid><xocs:file-basename>fx1</xocs:file-basename><xocs:abstract-attachment>true</xocs:abstract-attachment><xocs:filename>fx1_lrg.jpg</xocs:filename><xocs:extension>jpg</xocs:extension><xocs:filesize>83575</xocs:filesize><xocs:pixel-height>195</xocs:pixel-height><xocs:pixel-width>967</xocs:pixel-width><xocs:attachment-type>IMAGE-HIGH-RES</xocs:attachment-type></xocs:attachment><xocs:attachment><xocs:attachment-eid>1-s2.0-S0009261409006666-gr5.jpg</xocs:attachment-eid><xocs:file-basename>gr5</xocs:file-basename><xocs:filename>gr5.jpg</xocs:filename><xocs:extension>jpg</xocs:extension><xocs:filesize>90288</xocs:filesize><xocs:pixel-height>536</xocs:pixel-height><xocs:pixel-width>666</xocs:pixel-width><xocs:attachment-type>IMAGE-DOWNSAMPLED</xocs:attachment-type></xocs:attachment><xocs:attachment><xocs:attachment-eid>1-s2.0-S0009261409006666-gr4.jpg</xocs:attachment-eid><xocs:file-basename>gr4</xocs:file-basename><xocs:filename>gr4.jpg</xocs:filename><xocs:extension>jpg</xocs:extension><xocs:filesize>62818</xocs:filesize><xocs:pixel-height>376</xocs:pixel-height><xocs:pixel-width>621</xocs:pixel-width><xocs:attachment-type>IMAGE-DOWNSAMPLED</xocs:attachment-type></xocs:attachment><xocs:attachment><xocs:attachment-eid>1-s2.0-S0009261409006666-gr3.jpg</xocs:attachment-eid><xocs:file-basename>gr3</xocs:file-basename><xocs:filename>gr3.jpg</xocs:filename><xocs:extension>jpg</xocs:extension><xocs:filesize>58209</xocs:filesize><xocs:pixel-height>367</xocs:pixel-height><xocs:pixel-width>616</xocs:pixel-width><xocs:attachment-type>IMAGE-DOWNSAMPLED</xocs:attachment-type></xocs:attachment><xocs:attachment><xocs:attachment-eid>1-s2.0-S0009261409006666-gr2.jpg</xocs:attachment-eid><xocs:file-basename>gr2</xocs:file-basename><xocs:filename>gr2.jpg</xocs:filename><xocs:extension>jpg</xocs:extension><xocs:filesize>58725</xocs:filesize><xocs:pixel-height>372</xocs:pixel-height><xocs:pixel-width>612</xocs:pixel-width><xocs:attachment-type>IMAGE-DOWNSAMPLED</xocs:attachment-type></xocs:attachment><xocs:attachment><xocs:attachment-eid>1-s2.0-S0009261409006666-gr1.jpg</xocs:attachment-eid><xocs:file-basename>gr1</xocs:file-basename><xocs:filename>gr1.jpg</xocs:filename><xocs:extension>jpg</xocs:extension><xocs:filesize>33420</xocs:filesize><xocs:pixel-height>394</xocs:pixel-height><xocs:pixel-width>693</xocs:pixel-width><xocs:attachment-type>IMAGE-DOWNSAMPLED</xocs:attachment-type></xocs:attachment><xocs:attachment><xocs:attachment-eid>1-s2.0-S0009261409006666-fx1.jpg</xocs:attachment-eid><xocs:file-basename>fx1</xocs:file-basename><xocs:abstract-attachment>true</xocs:abstract-attachment><xocs:filename>fx1.jpg</xocs:filename><xocs:extension>jpg</xocs:extension><xocs:filesize>7387</xocs:filesize><xocs:pixel-height>44</xocs:pixel-height><xocs:pixel-width>218</xocs:pixel-width><xocs:attachment-type>IMAGE-DOWNSAMPLED</xocs:attachment-type></xocs:attachment><xocs:attachment><xocs:attachment-eid>1-s2.0-S0009261409006666-gr5.sml</xocs:attachment-eid><xocs:file-basename>gr5</xocs:file-basename><xocs:filename>gr5.sml</xocs:filename><xocs:extension>sml</xocs:extension><xocs:filesize>7892</xocs:filesize><xocs:pixel-height>163</xocs:pixel-height><xocs:pixel-width>203</xocs:pixel-width><xocs:attachment-type>IMAGE-THUMBNAIL</xocs:attachment-type></xocs:attachment><xocs:attachment><xocs:attachment-eid>1-s2.0-S0009261409006666-gr4.sml</xocs:attachment-eid><xocs:file-basename>gr4</xocs:file-basename><xocs:filename>gr4.sml</xocs:filename><xocs:extension>sml</xocs:extension><xocs:filesize>6800</xocs:filesize><xocs:pixel-height>133</xocs:pixel-height><xocs:pixel-width>219</xocs:pixel-width><xocs:attachment-type>IMAGE-THUMBNAIL</xocs:attachment-type></xocs:attachment><xocs:attachment><xocs:attachment-eid>1-s2.0-S0009261409006666-gr3.sml</xocs:attachment-eid><xocs:file-basename>gr3</xocs:file-basename><xocs:filename>gr3.sml</xocs:filename><xocs:extension>sml</xocs:extension><xocs:filesize>6154</xocs:filesize><xocs:pixel-height>131</xocs:pixel-height><xocs:pixel-width>219</xocs:pixel-width><xocs:attachment-type>IMAGE-THUMBNAIL</xocs:attachment-type></xocs:attachment><xocs:attachment><xocs:attachment-eid>1-s2.0-S0009261409006666-gr2.sml</xocs:attachment-eid><xocs:file-basename>gr2</xocs:file-basename><xocs:filename>gr2.sml</xocs:filename><xocs:extension>sml</xocs:extension><xocs:filesize>6497</xocs:filesize><xocs:pixel-height>133</xocs:pixel-height><xocs:pixel-width>219</xocs:pixel-width><xocs:attachment-type>IMAGE-THUMBNAIL</xocs:attachment-type></xocs:attachment><xocs:attachment><xocs:attachment-eid>1-s2.0-S0009261409006666-gr1.sml</xocs:attachment-eid><xocs:file-basename>gr1</xocs:file-basename><xocs:filename>gr1.sml</xocs:filename><xocs:extension>sml</xocs:extension><xocs:filesize>3955</xocs:filesize><xocs:pixel-height>125</xocs:pixel-height><xocs:pixel-width>219</xocs:pixel-width><xocs:attachment-type>IMAGE-THUMBNAIL</xocs:attachment-type></xocs:attachment><xocs:attachment><xocs:attachment-eid>1-s2.0-S0009261409006666-fx1.sml</xocs:attachment-eid><xocs:file-basename>fx1</xocs:file-basename><xocs:abstract-attachment>true</xocs:abstract-attachment><xocs:filename>fx1.sml</xocs:filename><xocs:extension>sml</xocs:extension><xocs:filesize>5037</xocs:filesize><xocs:pixel-height>44</xocs:pixel-height><xocs:pixel-width>219</xocs:pixel-width><xocs:attachment-type>IMAGE-THUMBNAIL</xocs:attachment-type></xocs:attachment></xocs:attachments></xocs:attachment-metadata-doc><xocs:refkeys><xocs:refkey3>KARTHICKKUMARX2009X31</xocs:refkey3><xocs:refkey4lp>KARTHICKKUMARX2009X31X36</xocs:refkey4lp><xocs:refkey4ai>KARTHICKKUMARX2009X31XS</xocs:refkey4ai><xocs:refkey5>KARTHICKKUMARX2009X31X36XS</xocs:refkey5></xocs:refkeys><xocs:open-access><xocs:oa-article-status is-open-access="1" is-open-archive="0">Full</xocs:oa-article-status><xocs:oa-access-effective-date>2013-07-16T19:12:20Z</xocs:oa-access-effective-date><xocs:oa-user-license>http://creativecommons.org/licenses/by/3.0/</xocs:oa-user-license></xocs:open-access></xocs:meta><xocs:serial-item><article docsubtype="fla" xml:lang="en" version="5.0"><item-info><jid>CPLETT</jid><aid>27251</aid><ce:pii>S0009-2614(09)00666-6</ce:pii><ce:doi>10.1016/j.cplett.2009.06.004</ce:doi><ce:copyright type="full-transfer" year="2009">Elsevier B.V.</ce:copyright></item-info><ce:floats><ce:figure id="fig1"><ce:label>Fig. 1</ce:label><ce:caption><ce:simple-para view="all" id="simple-para.0010">(a) Schematic diagram of the photon echo experiment. (b) Schematic of the experimental setup: S<ce:hsp sp="0.25"/>=<ce:hsp sp="0.25"/>spectrometer, F<ce:hsp sp="0.25"/>=<ce:hsp sp="0.25"/>flow cell. (c) General structure of metallo-porphyrins used. In our experiments, M<ce:hsp sp="0.25"/>=<ce:hsp sp="0.25"/>Co(II), Ni(II), Zn(II).</ce:simple-para></ce:caption><ce:link locator="gr1"/></ce:figure><ce:figure id="fig2"><ce:label>Fig. 2</ce:label><ce:caption><ce:simple-para view="all" id="simple-para.0015">(a) One color three-pulse photon echo spectra (central wavelength 550<ce:hsp sp="0.25"/>nm) of Zn–OEP in the direction <ce:italic>k</ce:italic><ce:inf loc="post">s</ce:inf><ce:hsp sp="0.25"/>=<ce:hsp sp="0.25"/>−<ce:italic>k</ce:italic><ce:inf loc="post">1</ce:inf><ce:hsp sp="0.25"/>+<ce:hsp sp="0.25"/><ce:italic>k</ce:italic><ce:inf loc="post">2</ce:inf><ce:hsp sp="0.25"/>+<ce:hsp sp="0.25"/><ce:italic>k</ce:italic><ce:inf loc="post">3</ce:inf> versus population time <ce:italic>t</ce:italic><ce:inf loc="post">23</ce:inf> for <ce:italic>t</ce:italic><ce:inf loc="post">12</ce:inf><ce:hsp sp="0.25"/>=<ce:hsp sp="0.25"/>−50<ce:hsp sp="0.25"/>fs. (b) One colour three-pulse photon echo spectra (central wavelength 550<ce:hsp sp="0.25"/>nm) of Zn–OEP in the direction <ce:italic>k</ce:italic><ce:inf loc="post">s</ce:inf><ce:hsp sp="0.25"/>=<ce:hsp sp="0.25"/>−<ce:italic>k</ce:italic><ce:inf loc="post">1</ce:inf><ce:hsp sp="0.25"/>+<ce:hsp sp="0.25"/><ce:italic>k</ce:italic><ce:inf loc="post">2</ce:inf><ce:hsp sp="0.25"/>+<ce:hsp sp="0.25"/><ce:italic>k</ce:italic><ce:inf loc="post">3</ce:inf> versus population time <ce:italic>t</ce:italic><ce:inf loc="post">23</ce:inf> for <ce:italic>t</ce:italic><ce:inf loc="post">12</ce:inf><ce:hsp sp="0.25"/>=<ce:hsp sp="0.25"/>0<ce:hsp sp="0.25"/>fs. (c) One color three-pulse photon echo spectra (central wavelength 550<ce:hsp sp="0.25"/>nm) of Zn–OEP in the direction <ce:italic>k</ce:italic><ce:inf loc="post">s</ce:inf><ce:hsp sp="0.25"/>=<ce:hsp sp="0.25"/>−<ce:italic>k</ce:italic><ce:inf loc="post">1</ce:inf><ce:hsp sp="0.25"/>+<ce:hsp sp="0.25"/><ce:italic>k</ce:italic><ce:inf loc="post">2</ce:inf><ce:hsp sp="0.25"/>+<ce:hsp sp="0.25"/><ce:italic>k</ce:italic><ce:inf loc="post">3</ce:inf> versus population time <ce:italic>t</ce:italic><ce:inf loc="post">23</ce:inf> for <ce:italic>t</ce:italic><ce:inf loc="post">12</ce:inf><ce:hsp sp="0.25"/>=<ce:hsp sp="0.25"/>+50<ce:hsp sp="0.25"/>fs.</ce:simple-para></ce:caption><ce:link locator="gr2"/></ce:figure><ce:figure id="fig3"><ce:label>Fig. 3</ce:label><ce:caption><ce:simple-para view="all" id="simple-para.0020">(a) One color three-pulse photon echo spectra (central wavelength 550<ce:hsp sp="0.25"/>nm) of Ni–OEP in the direction <ce:italic>k</ce:italic><ce:inf loc="post">s</ce:inf><ce:hsp sp="0.25"/>=<ce:hsp sp="0.25"/>−<ce:italic>k</ce:italic><ce:inf loc="post">1</ce:inf><ce:hsp sp="0.25"/>+<ce:hsp sp="0.25"/><ce:italic>k</ce:italic><ce:inf loc="post">2</ce:inf><ce:hsp sp="0.25"/>+<ce:hsp sp="0.25"/><ce:italic>k</ce:italic><ce:inf loc="post">3</ce:inf> versus population time <ce:italic>t</ce:italic><ce:inf loc="post">23</ce:inf> for <ce:italic>t</ce:italic><ce:inf loc="post">12</ce:inf><ce:hsp sp="0.25"/>=<ce:hsp sp="0.25"/>−50<ce:hsp sp="0.25"/>fs. (b) One color three-pulse photon echo spectra (central wavelength 550<ce:hsp sp="0.25"/>nm) of Ni–OEP in the direction <ce:italic>k</ce:italic><ce:inf loc="post">s</ce:inf><ce:hsp sp="0.25"/>=<ce:hsp sp="0.25"/>−<ce:italic>k</ce:italic><ce:inf loc="post">1</ce:inf><ce:hsp sp="0.25"/>+<ce:hsp sp="0.25"/><ce:italic>k</ce:italic><ce:inf loc="post">2</ce:inf><ce:hsp sp="0.25"/>+<ce:hsp sp="0.25"/><ce:italic>k</ce:italic><ce:inf loc="post">3</ce:inf> versus population time <ce:italic>t</ce:italic><ce:inf loc="post">23</ce:inf> for <ce:italic>t</ce:italic><ce:inf loc="post">12</ce:inf><ce:hsp sp="0.25"/>=<ce:hsp sp="0.25"/>0<ce:hsp sp="0.25"/>fs. (c) One color three-pulse photon echo spectra (central wavelength 550<ce:hsp sp="0.25"/>nm) of Ni–OEP in the direction <ce:italic>k</ce:italic><ce:inf loc="post">s</ce:inf><ce:hsp sp="0.25"/>=<ce:hsp sp="0.25"/>−<ce:italic>k</ce:italic><ce:inf loc="post">1</ce:inf><ce:hsp sp="0.25"/>+<ce:hsp sp="0.25"/><ce:italic>k</ce:italic><ce:inf loc="post">2</ce:inf><ce:hsp sp="0.25"/>+<ce:hsp sp="0.25"/><ce:italic>k</ce:italic><ce:inf loc="post">3</ce:inf> versus population time <ce:italic>t</ce:italic><ce:inf loc="post">23</ce:inf> for <ce:italic>t</ce:italic><ce:inf loc="post">12</ce:inf><ce:hsp sp="0.25"/>=<ce:hsp sp="0.25"/>+50<ce:hsp sp="0.25"/>fs.</ce:simple-para></ce:caption><ce:link locator="gr3"/></ce:figure><ce:figure id="fig4"><ce:label>Fig. 4</ce:label><ce:caption><ce:simple-para view="all" id="simple-para.0025">(a) One color three-pulse photon echo spectra (central wavelength 550<ce:hsp sp="0.25"/>nm) of Co–OEP in the direction <ce:italic>k</ce:italic><ce:inf loc="post">s</ce:inf><ce:hsp sp="0.25"/>=<ce:hsp sp="0.25"/>−<ce:italic>k</ce:italic><ce:inf loc="post">1</ce:inf><ce:hsp sp="0.25"/>+<ce:hsp sp="0.25"/><ce:italic>k</ce:italic><ce:inf loc="post">2</ce:inf><ce:hsp sp="0.25"/>+<ce:hsp sp="0.25"/><ce:italic>k</ce:italic><ce:inf loc="post">3</ce:inf> versus population time <ce:italic>t</ce:italic><ce:inf loc="post">23</ce:inf> for <ce:italic>t</ce:italic><ce:inf loc="post">12</ce:inf><ce:hsp sp="0.25"/>=<ce:hsp sp="0.25"/>−50<ce:hsp sp="0.25"/>fs. (b) One color three-pulse photon echo spectra (central wavelength 550<ce:hsp sp="0.25"/>nm) of Co–OEP in the direction <ce:italic>k</ce:italic><ce:inf loc="post">s</ce:inf><ce:hsp sp="0.25"/>=<ce:hsp sp="0.25"/>−<ce:italic>k</ce:italic><ce:inf loc="post">1</ce:inf><ce:hsp sp="0.25"/>+<ce:hsp sp="0.25"/><ce:italic>k</ce:italic><ce:inf loc="post">2</ce:inf><ce:hsp sp="0.25"/>+<ce:hsp sp="0.25"/><ce:italic>k</ce:italic><ce:inf loc="post">3</ce:inf> versus population time <ce:italic>t</ce:italic><ce:inf loc="post">23</ce:inf> for <ce:italic>t</ce:italic><ce:inf loc="post">12</ce:inf><ce:hsp sp="0.25"/>=<ce:hsp sp="0.25"/>0<ce:hsp sp="0.25"/>fs. (c) One color three-pulse photon echo spectra (central wavelength 550<ce:hsp sp="0.25"/>nm) of Co–OEP in the direction <ce:italic>k</ce:italic><ce:inf loc="post">s</ce:inf><ce:hsp sp="0.25"/>=<ce:hsp sp="0.25"/>−<ce:italic>k</ce:italic><ce:inf loc="post">1</ce:inf><ce:hsp sp="0.25"/>+<ce:hsp sp="0.25"/><ce:italic>k</ce:italic><ce:inf loc="post">2</ce:inf><ce:hsp sp="0.25"/>+<ce:hsp sp="0.25"/><ce:italic>k</ce:italic><ce:inf loc="post">3</ce:inf> versus population time <ce:italic>t</ce:italic><ce:inf loc="post">23</ce:inf> for <ce:italic>t</ce:italic><ce:inf loc="post">12</ce:inf><ce:hsp sp="0.25"/>=<ce:hsp sp="0.25"/>+50<ce:hsp sp="0.25"/>fs.</ce:simple-para></ce:caption><ce:link locator="gr4"/></ce:figure><ce:figure id="fig5"><ce:label>Fig. 5</ce:label><ce:caption><ce:simple-para view="all" id="simple-para.0030">(a) Time-integrated three-pulse photon echo intensities for different samples at <ce:italic>t</ce:italic><ce:inf loc="post">12</ce:inf><ce:hsp sp="0.25"/>=<ce:hsp sp="0.25"/>−50<ce:hsp sp="0.25"/>fs. Shown in solid lines are the exponential rise and a bi-exponential decay fits for calculating the associated rise and decay timescales. (b) Time-integrated three-pulse photon echo intensities for different samples at <ce:italic>t</ce:italic><ce:inf loc="post">12</ce:inf><ce:hsp sp="0.25"/>=<ce:hsp sp="0.25"/>0<ce:hsp sp="0.25"/>fs. Shown in solid lines are the exponential rise and a bi-exponential decay fits for calculating the associated rise and decay timescales. (c) Time-integrated three-pulse photon echo intensities for different samples at <ce:italic>t</ce:italic><ce:inf loc="post">12</ce:inf><ce:hsp sp="0.25"/>=<ce:hsp sp="0.25"/>+50<ce:hsp sp="0.25"/>fs. Shown in solid lines are the exponential rise and a bi-exponential decay fits for calculating the associated rise and decay timescales.</ce:simple-para></ce:caption><ce:link locator="gr5"/></ce:figure><ce:table frame="topbot" id="tbl1" rowsep="0" colsep="0" xmlns="http://www.elsevier.com/xml/common/cals/dtd"><ce:label>Table 1</ce:label><ce:caption><ce:simple-para view="all" id="simple-para.0035">Absorption peaks.</ce:simple-para></ce:caption><tgroup cols="4"><colspec colname="col1" align="left"/><colspec colname="col2" align="char" char="."/><colspec colname="col3" align="char" char="."/><colspec colname="col4" align="char" char="."/><thead><row rowsep="1" valign="top"><entry xmlns="http://www.elsevier.com/xml/common/dtd">Band</entry><entry xmlns="http://www.elsevier.com/xml/common/dtd">Co(II)–OEP (DCM) (nm)</entry><entry xmlns="http://www.elsevier.com/xml/common/dtd">Ni(II)–OEP (DCM) (nm)</entry><entry xmlns="http://www.elsevier.com/xml/common/dtd">Zn(II)–OEP (DCM) (nm)</entry></row></thead><tbody><row valign="top"><entry xmlns="http://www.elsevier.com/xml/common/dtd">B(0,<hsp sp="0.25"/>0)</entry><entry align="char" char="." xmlns="http://www.elsevier.com/xml/common/dtd">384</entry><entry align="char" char="." xmlns="http://www.elsevier.com/xml/common/dtd">392</entry><entry align="char" char="." xmlns="http://www.elsevier.com/xml/common/dtd">407</entry></row><row valign="top"><entry xmlns="http://www.elsevier.com/xml/common/dtd">Q(1,<hsp sp="0.25"/>0)</entry><entry align="char" char="." xmlns="http://www.elsevier.com/xml/common/dtd">520</entry><entry align="char" char="." xmlns="http://www.elsevier.com/xml/common/dtd">516</entry><entry align="char" char="." xmlns="http://www.elsevier.com/xml/common/dtd">536</entry></row><row valign="top"><entry xmlns="http://www.elsevier.com/xml/common/dtd">Q(0,<hsp sp="0.25"/>0)</entry><entry align="char" char="." xmlns="http://www.elsevier.com/xml/common/dtd">550</entry><entry align="char" char="." xmlns="http://www.elsevier.com/xml/common/dtd">551</entry><entry align="char" char="." xmlns="http://www.elsevier.com/xml/common/dtd">572</entry></row></tbody></tgroup></ce:table></ce:floats><head><ce:title>Spectrally resolved photon echo spectroscopy of Zn(II), Co(II) and Ni(II)–octaethyl porphyrins</ce:title><ce:author-group><ce:author><ce:given-name>S.K.</ce:given-name><ce:surname>Karthick Kumar</ce:surname><ce:cross-ref refid="aff1"><ce:sup loc="post">a</ce:sup></ce:cross-ref></ce:author><ce:author><ce:given-name>Vivek</ce:given-name><ce:surname>Tiwari</ce:surname><ce:cross-ref refid="aff1"><ce:sup loc="post">a</ce:sup></ce:cross-ref></ce:author><ce:author><ce:given-name>Tapas</ce:given-name><ce:surname>Goswami</ce:surname><ce:cross-ref refid="aff1"><ce:sup loc="post">a</ce:sup></ce:cross-ref></ce:author><ce:author><ce:given-name>Debabrata</ce:given-name><ce:surname>Goswami</ce:surname><ce:cross-ref refid="aff1"><ce:sup loc="post">a</ce:sup></ce:cross-ref><ce:cross-ref refid="aff2"><ce:sup loc="post">b</ce:sup></ce:cross-ref><ce:cross-ref refid="cor1"><ce:sup loc="post">⁎</ce:sup></ce:cross-ref><ce:e-address type="email">dgoswami@iitk.ac.in</ce:e-address></ce:author><ce:affiliation id="aff1"><ce:label>a</ce:label><ce:textfn>Department of Chemistry, Indian Institute of Technology, Kanpur 208016, India</ce:textfn></ce:affiliation><ce:affiliation id="aff2"><ce:label>b</ce:label><ce:textfn>Center for Laser Technology, Indian Institute of Technology, Kanpur 208016, India</ce:textfn></ce:affiliation><ce:correspondence id="cor1"><ce:label>⁎</ce:label><ce:text>Corresponding author. Address: Department of Chemistry, Indian Institute of Technology, Kanpur 208016, India. Fax: +91 512 259 7554/7436.</ce:text></ce:correspondence></ce:author-group><ce:date-received day="27" month="1" year="2009"/><ce:date-accepted day="4" month="6" year="2009"/><ce:abstract class="author" xml:lang="en"><ce:section-title>Abstract</ce:section-title><ce:abstract-sec><ce:simple-para view="all" id="simple-para.0040">Spectrally resolved femtosecond three-pulse photon echo signal from some metal–octaethyl porphyrins (OEPs) like Zn(II)–OEP, Ni(II)–OEP, Co(II)–OEP is reported. Excited state dynamics is studied by time evolving photon echo spectra for different values of coherence and population relaxation times. Dependence on the spectrally resolved photon echo spectra on varying metal center is analyzed. For all these metallo-porphyrins, the electronic relaxation timescale is found to be limited by our laser pulsewidth of 50<ce:hsp sp="0.25"/>fs whereas the timescale for intramolecular vibrational relaxation, occurring within the Q<ce:inf loc="post">00</ce:inf> band was found to be over a picosecond for Co(II)–OEP and Ni(II)–OEP and within a picosecond for Zn(II)–OEP.</ce:simple-para></ce:abstract-sec></ce:abstract><ce:abstract class="graphical" xml:lang="en"><ce:section-title>Graphical abstract</ce:section-title><ce:abstract-sec><ce:simple-para view="all" id="simple-para.0045">Spectrally resolved femtosecond three-pulse photon echo signal from some metal–octaethyl porphyrins (M–OEPs) like Zn(II)–OEP, Ni(II)–OEP, Co(II)–OEP is reported.</ce:simple-para></ce:abstract-sec><ce:figure id="figure.0010"><ce:link locator="fx1"/></ce:figure></ce:abstract></head><body view="all"><ce:sections><ce:section view="all" id="section.0010"><ce:label>1</ce:label><ce:section-title>Introduction</ce:section-title><ce:para view="all" id="para.0010">Developments in nonlinear spectroscopy and its various applications in time and frequency domain techniques have been giving valuable information about the dynamics of molecules at a variety of time scales. Use of multiple computer-interfaced delays for controlling coherence and population times provides population relaxation time, dephasing time, inhomogeneous broadening and vibrational structure of transient species. Coherent nonlinear spectroscopy using multiple femtosecond pulses is capable of providing detailed dynamical and spectroscopic information even in the presence of strong inhomogeneous broadening. Spectrally resolved one-color and two-color three-pulse photon echo (SRPE) spectroscopy in the visible region were used for probing vibrational and electronic dynamics of simple and complex molecular systems <ce:cross-refs refid="bib1 bib2 bib3 bib4 bib5">[1–5]</ce:cross-refs>. Temporally resolving the photon echo spectra for different excitation wavelengths gives detailed information about the induced nonlinear polarization. Book and Scherer used spectrally resolved stimulated photon echo to observe short term dynamics in a dye molecule that are not apparent in time gated or wavelength integrated photon echo techniques <ce:cross-ref refid="bib6">[6]</ce:cross-ref>. This technique was used to study exciton dynamics in GaAs and quantum wells <ce:cross-refs refid="bib7 bib8">[7,8]</ce:cross-refs>. These advancements in experimental techniques have accelerated the studies on the photophysical dynamics of metallo-porphyrins.</ce:para><ce:para view="all" id="para.0015">The porphyrin molecule which belongs to a class of cyclic tetrapyrrole compounds is an essential constituent of many biochemical pathways. Metallo-porphyrins play a major in two of the nature’s most important biological processes, the conversion of sunlight into energy in plants using chlorophyll and the transport of oxygen in blood using haemoglobin <ce:cross-ref refid="bib9">[9]</ce:cross-ref>. Also, metallo-porphyrins have potential in artificial solar energy harvesting systems and molecular logic gates <ce:cross-refs refid="bib10 bib11">[10,11]</ce:cross-refs>. Porphyrins, in general, have two sets of electronic transitions in the visible region: the Q band at 500–600<ce:hsp sp="0.25"/>nm and the Soret band (B) at around 400–430<ce:hsp sp="0.25"/>nm. All these bands are interpreted as (π–π<ce:sup loc="post">∗</ce:sup>) in origin with B representing strongly allowed excited state and the Q representing quasi allowed excited state <ce:cross-ref refid="bib12">[12]</ce:cross-ref>. In metallo-porphyrins, typically two visible bands are observed around 500–600<ce:hsp sp="0.25"/>nm separated by ∼1250<ce:hsp sp="0.25"/>cm<ce:sup loc="post">−1</ce:sup>. The lower energy band, Q<ce:inf loc="post">00</ce:inf>, is the electronic origin of the lowest-energy excited singlet state, while the higher energy band includes one mode of vibrational excitation denoted by Q<ce:inf loc="post">10</ce:inf>.</ce:para><ce:para view="all" id="para.0020">The Soret band absorption is intense because the Stokes shift associated with the porphyrin macrocycle is very small, hence it can reabsorb a significant fraction of the corresponding resonance fluorescence <ce:cross-ref refid="bib13">[13]</ce:cross-ref>. It is known that there is a general shift in the wavelength and intensity variation in the linear absorption spectrum due to external substituents on the ring. Any substitution at the metal center for a given set of external substituents also causes a wavelength shift <ce:cross-ref refid="bib12">[12]</ce:cross-ref>. According to Gouterman’s four orbital model, both the absorption bands arise from the linear combination of the nearly-degenerate electronic states within the quasi D<ce:inf loc="post">4h</ce:inf> molecule and it accurately describes the effect of substituents on porphyrin spectra. The small metal perturbation, in case of regular porphyrins, on the absorption and emission spectra can be understood as a small perturbation of metal on the π-electrons of the porphyrin ring. In case of irregular porphyrins, the metal orbitals, through stronger mixing with the ring orbitals or through the introduction of new low energy optical transitions, have much stronger effects on absorption and emission. Effect of metals on pthalocyanines and the structure property relationship was explored by degenerate four-wave mixing <ce:cross-ref refid="bib14">[14]</ce:cross-ref>. Excited state dynamics of porphyrins using time resolved absorption techniques were extensively studied earlier using time resolved spectroscopy <ce:cross-refs refid="bib15 bib16 bib17 bib18 bib19 bib20 bib21 bib22">[15–22]</ce:cross-refs>. Large third-order nonlinear properties of core-modified expanded porphyrins and their structure–property correlations have been extensively studied in our group <ce:cross-refs refid="bib23 bib24 bib25">[23–25]</ce:cross-refs>.</ce:para><ce:para view="all" id="para.0025">Due to short lifetimes of upper emitting states, most of the photophysical study of metallo-porphyrins has been focused on the lowest excited state and the lowest triplet state. In this Letter, we report on a multidimensional technique of spectrally resolved three-pulse photon echo signal from few metallo-porphyrins like Zn(II), Ni(II) and Co(II)–octaethyl porphyrins. Due to electronic degeneracy of the first excited state (<ce:cross-ref refid="tbl1">Table 1</ce:cross-ref><ce:float-anchor refid="tbl1"/>), a femtosecond pulse excitation of either the Soret or the Q bands prepares a superposition of states whose dephasing and relaxation influences the time resolved signal. The first time delay, <ce:italic>t</ce:italic><ce:inf loc="post">12</ce:inf>, between the first and second pulse and the second time delay, <ce:italic>t</ce:italic><ce:inf loc="post">23</ce:inf>, between the second and third pulse is capable of revealing the coherence and population dynamics, respectively. The advantage of spectrally resolving the measured signal is that it provides a control of coherence time as an experimental variable. Hence, by varying the coherence time and measuring the corresponding spectrum, it is possible to study both the ground and excited state dynamics <ce:cross-ref refid="bib3">[3]</ce:cross-ref>. Our two-dimensional study of several metallo-porphyrins thus explores the evolution of the ground and excited states and their corresponding coherence behavior.</ce:para></ce:section><ce:section view="all" id="section.0015"><ce:label>2</ce:label><ce:section-title>Theoretical background</ce:section-title><ce:para view="all" id="para.0030">Photon echo experiments are based on a non-collinear four-wave mixing scheme with a specific phase matching function, where the incident beams propagate slightly differently in space (<ce:cross-ref refid="fig1">Fig. 1</ce:cross-ref>). Here three pulses are used with wavevectors <ce:italic>k</ce:italic><ce:inf loc="post">1</ce:inf>, <ce:italic>k</ce:italic><ce:inf loc="post">2</ce:inf> and a probe pulse <ce:italic>k</ce:italic><ce:inf loc="post">3</ce:inf>. The first pulse coherently excited the molecule at optical transition and second pulse <ce:italic>k</ce:italic><ce:inf loc="post">2</ce:inf> interacts with the freely evolving system giving rise to population grating in the space matching direction, whose spacing depends on the time interval between the first and second pulse, i.e. coherence time <ce:italic>t</ce:italic><ce:inf loc="post">12</ce:inf>. A third pulse <ce:italic>k</ce:italic><ce:inf loc="post">3</ce:inf> separated from second pulse by a time <ce:italic>t</ce:italic><ce:inf loc="post">23</ce:inf> gets scattered due to the population grating and an echo signal is emitted in the direction, <ce:italic>k</ce:italic><ce:inf loc="post">s</ce:inf><ce:hsp sp="0.25"/>=<ce:hsp sp="0.25"/>−<ce:italic>k</ce:italic><ce:inf loc="post">1</ce:inf><ce:hsp sp="0.25"/>+<ce:hsp sp="0.25"/><ce:italic>k</ce:italic><ce:inf loc="post">2</ce:inf><ce:hsp sp="0.25"/>+<ce:hsp sp="0.25"/><ce:italic>k</ce:italic><ce:inf loc="post">3</ce:inf>. The non-collinear phase matching method has the advantage that signal is spatially separated from the incoming fields.</ce:para><ce:para view="all" id="para.0035">In four-wave mixing spectroscopy, external field <ce:italic>E</ce:italic>(<ce:italic>t</ce:italic>) is given by<ce:display><ce:formula id="formula.0010"><mml:math altimg="si1.gif" display="inline" overflow="scroll"><mml:mi>E</mml:mi><mml:mo stretchy="false">(</mml:mo><mml:mi>t</mml:mi><mml:mo stretchy="false">)</mml:mo><mml:mo>=</mml:mo><mml:msub><mml:mrow><mml:mi>E</mml:mi></mml:mrow><mml:mrow><mml:mn>1</mml:mn></mml:mrow></mml:msub><mml:mo stretchy="false">(</mml:mo><mml:mi>t</mml:mi><mml:mo>+</mml:mo><mml:msub><mml:mrow><mml:mi>t</mml:mi></mml:mrow><mml:mrow><mml:mn>12</mml:mn></mml:mrow></mml:msub><mml:mo>+</mml:mo><mml:msub><mml:mrow><mml:mi>t</mml:mi></mml:mrow><mml:mrow><mml:mn>23</mml:mn></mml:mrow></mml:msub><mml:mo stretchy="false">)</mml:mo><mml:msup><mml:mrow><mml:mi>e</mml:mi></mml:mrow><mml:mrow><mml:msub><mml:mrow><mml:mi mathvariant="italic">ik</mml:mi></mml:mrow><mml:mrow><mml:mn>1</mml:mn></mml:mrow></mml:msub><mml:mo>·</mml:mo><mml:mi>r</mml:mi><mml:mo>-</mml:mo><mml:mi>i</mml:mi><mml:msub><mml:mrow><mml:mi>ω</mml:mi></mml:mrow><mml:mrow><mml:mn>1</mml:mn></mml:mrow></mml:msub><mml:mi>t</mml:mi></mml:mrow></mml:msup><mml:mo>+</mml:mo><mml:msub><mml:mrow><mml:mi>E</mml:mi></mml:mrow><mml:mrow><mml:mn>2</mml:mn></mml:mrow></mml:msub><mml:mo stretchy="false">(</mml:mo><mml:mi>t</mml:mi><mml:mo>+</mml:mo><mml:msub><mml:mrow><mml:mi>t</mml:mi></mml:mrow><mml:mrow><mml:mn>23</mml:mn></mml:mrow></mml:msub><mml:mo stretchy="false">)</mml:mo><mml:msup><mml:mrow><mml:mi>e</mml:mi></mml:mrow><mml:mrow><mml:msub><mml:mrow><mml:mi mathvariant="italic">ik</mml:mi></mml:mrow><mml:mrow><mml:mn>2</mml:mn></mml:mrow></mml:msub><mml:mo>·</mml:mo><mml:mi>r</mml:mi><mml:mo>-</mml:mo><mml:mi>i</mml:mi><mml:msub><mml:mrow><mml:mi>ω</mml:mi></mml:mrow><mml:mrow><mml:mn>2</mml:mn></mml:mrow></mml:msub><mml:mi>t</mml:mi></mml:mrow></mml:msup><mml:mo>+</mml:mo><mml:msub><mml:mrow><mml:mi>E</mml:mi></mml:mrow><mml:mrow><mml:mn>3</mml:mn></mml:mrow></mml:msub><mml:mo stretchy="false">(</mml:mo><mml:mi>t</mml:mi><mml:mo stretchy="false">)</mml:mo><mml:msup><mml:mrow><mml:mi>e</mml:mi></mml:mrow><mml:mrow><mml:msub><mml:mrow><mml:mi mathvariant="italic">ik</mml:mi></mml:mrow><mml:mrow><mml:mn>3</mml:mn></mml:mrow></mml:msub><mml:mo>·</mml:mo><mml:mi>r</mml:mi><mml:mo>-</mml:mo><mml:mi>i</mml:mi><mml:msub><mml:mrow><mml:mi>ω</mml:mi></mml:mrow><mml:mrow><mml:mn>3</mml:mn></mml:mrow></mml:msub><mml:mi>t</mml:mi></mml:mrow></mml:msup><mml:mo>+</mml:mo><mml:mi>c</mml:mi><mml:mo>.</mml:mo><mml:mi>c</mml:mi><mml:mtext>.</mml:mtext></mml:math></ce:formula></ce:display><ce:italic>E<ce:inf loc="post">j</ce:inf></ce:italic>(<ce:italic>t</ce:italic>), <ce:italic>ω<ce:inf loc="post">j</ce:inf></ce:italic> and <ce:italic>k<ce:inf loc="post">j</ce:inf></ce:italic> denote time profile, mean frequency and wave vector of the <ce:italic>j</ce:italic>th incident field. The third-order nonlinear polarization <ce:italic>P</ce:italic><ce:sup loc="post">(3)</ce:sup> is related to the third-order response function <ce:italic>R</ce:italic><ce:sup loc="post">(3)</ce:sup> through the relation <ce:cross-ref refid="bib26">[26]</ce:cross-ref><ce:display><ce:formula id="formula.0015"><mml:math altimg="si2.gif" display="inline" overflow="scroll"><mml:msup><mml:mrow><mml:mi>P</mml:mi></mml:mrow><mml:mrow><mml:mo stretchy="false">(</mml:mo><mml:mn>3</mml:mn><mml:mo stretchy="false">)</mml:mo></mml:mrow></mml:msup><mml:mo stretchy="false">(</mml:mo><mml:mi>t</mml:mi><mml:mtext>,</mml:mtext><mml:msub><mml:mrow><mml:mi>t</mml:mi></mml:mrow><mml:mrow><mml:mn>12</mml:mn></mml:mrow></mml:msub><mml:mtext>,</mml:mtext><mml:msub><mml:mrow><mml:mi>t</mml:mi></mml:mrow><mml:mrow><mml:mn>23</mml:mn></mml:mrow></mml:msub><mml:mo stretchy="false">)</mml:mo><mml:mo>=</mml:mo><mml:msubsup><mml:mo>∫</mml:mo><mml:mrow><mml:mn>0</mml:mn></mml:mrow><mml:mrow><mml:mi>∞</mml:mi></mml:mrow></mml:msubsup><mml:msub><mml:mrow><mml:mi mathvariant="italic">dt</mml:mi></mml:mrow><mml:mrow><mml:mn>3</mml:mn></mml:mrow></mml:msub><mml:msubsup><mml:mo>∫</mml:mo><mml:mrow><mml:mn>0</mml:mn></mml:mrow><mml:mrow><mml:mi>∞</mml:mi></mml:mrow></mml:msubsup><mml:msub><mml:mrow><mml:mi mathvariant="italic">dt</mml:mi></mml:mrow><mml:mrow><mml:mn>2</mml:mn></mml:mrow></mml:msub><mml:msubsup><mml:mo>∫</mml:mo><mml:mrow><mml:mn>0</mml:mn></mml:mrow><mml:mrow><mml:mi>∞</mml:mi></mml:mrow></mml:msubsup><mml:msub><mml:mrow><mml:mi mathvariant="italic">dt</mml:mi></mml:mrow><mml:mrow><mml:mn>1</mml:mn></mml:mrow></mml:msub><mml:msubsup><mml:mrow><mml:mi>E</mml:mi></mml:mrow><mml:mrow><mml:mn>1</mml:mn></mml:mrow><mml:mrow><mml:mo>∗</mml:mo></mml:mrow></mml:msubsup><mml:mo stretchy="false">(</mml:mo><mml:mi>t</mml:mi><mml:mo>+</mml:mo><mml:msub><mml:mrow><mml:mi>t</mml:mi></mml:mrow><mml:mrow><mml:mn>12</mml:mn></mml:mrow></mml:msub><mml:mo>+</mml:mo><mml:msub><mml:mrow><mml:mi>t</mml:mi></mml:mrow><mml:mrow><mml:mn>23</mml:mn></mml:mrow></mml:msub><mml:mo>-</mml:mo><mml:msub><mml:mrow><mml:mi>t</mml:mi></mml:mrow><mml:mrow><mml:mn>3</mml:mn></mml:mrow></mml:msub><mml:mo>-</mml:mo><mml:msub><mml:mrow><mml:mi>t</mml:mi></mml:mrow><mml:mrow><mml:mn>2</mml:mn></mml:mrow></mml:msub><mml:mo>-</mml:mo><mml:msub><mml:mrow><mml:mi>t</mml:mi></mml:mrow><mml:mrow><mml:mn>1</mml:mn></mml:mrow></mml:msub><mml:mo stretchy="false">)</mml:mo><mml:msub><mml:mrow><mml:mi>E</mml:mi></mml:mrow><mml:mrow><mml:mn>2</mml:mn></mml:mrow></mml:msub><mml:mo stretchy="false">(</mml:mo><mml:mi>t</mml:mi><mml:mo>+</mml:mo><mml:msub><mml:mrow><mml:mi>t</mml:mi></mml:mrow><mml:mrow><mml:mn>23</mml:mn></mml:mrow></mml:msub><mml:mo>-</mml:mo><mml:msub><mml:mrow><mml:mi>t</mml:mi></mml:mrow><mml:mrow><mml:mn>3</mml:mn></mml:mrow></mml:msub><mml:mo>-</mml:mo><mml:msub><mml:mrow><mml:mi>t</mml:mi></mml:mrow><mml:mrow><mml:mn>2</mml:mn></mml:mrow></mml:msub><mml:mo stretchy="false">)</mml:mo><mml:msub><mml:mrow><mml:mi>E</mml:mi></mml:mrow><mml:mrow><mml:mn>3</mml:mn></mml:mrow></mml:msub><mml:mo stretchy="false">(</mml:mo><mml:mi>t</mml:mi><mml:mo>-</mml:mo><mml:msub><mml:mrow><mml:mi>t</mml:mi></mml:mrow><mml:mrow><mml:mn>3</mml:mn></mml:mrow></mml:msub><mml:mo stretchy="false">)</mml:mo><mml:msup><mml:mrow><mml:mi>R</mml:mi></mml:mrow><mml:mrow><mml:mo stretchy="false">(</mml:mo><mml:mn>3</mml:mn><mml:mo stretchy="false">)</mml:mo></mml:mrow></mml:msup><mml:mo stretchy="false">(</mml:mo><mml:msub><mml:mrow><mml:mi>t</mml:mi></mml:mrow><mml:mrow><mml:mn>3</mml:mn></mml:mrow></mml:msub><mml:mtext>,</mml:mtext><mml:msub><mml:mrow><mml:mi>t</mml:mi></mml:mrow><mml:mrow><mml:mn>2</mml:mn></mml:mrow></mml:msub><mml:mtext>,</mml:mtext><mml:msub><mml:mrow><mml:mi>t</mml:mi></mml:mrow><mml:mrow><mml:mn>1</mml:mn></mml:mrow></mml:msub><mml:mo stretchy="false">)</mml:mo></mml:math></ce:formula></ce:display>and the measured nonlinear signal is given by<ce:display><ce:formula id="formula.0020"><mml:math altimg="si3.gif" display="inline" overflow="scroll"><mml:mi>S</mml:mi><mml:mo stretchy="false">(</mml:mo><mml:mi>t</mml:mi><mml:mo stretchy="false">)</mml:mo><mml:mi>∼</mml:mi><mml:mo stretchy="false">|</mml:mo><mml:msup><mml:mrow><mml:mi>P</mml:mi></mml:mrow><mml:mrow><mml:mo stretchy="false">(</mml:mo><mml:mn>3</mml:mn><mml:mo stretchy="false">)</mml:mo></mml:mrow></mml:msup><mml:mo stretchy="false">(</mml:mo><mml:mi>t</mml:mi><mml:mo stretchy="false">)</mml:mo><mml:msup><mml:mrow><mml:mo stretchy="false">|</mml:mo></mml:mrow><mml:mrow><mml:mn>2</mml:mn></mml:mrow></mml:msup><mml:mtext>.</mml:mtext></mml:math></ce:formula></ce:display>We consider here the signal from the direction <mml:math altimg="si4.gif" display="inline" overflow="scroll"><mml:mrow><mml:msub><mml:mrow><mml:mi>k</mml:mi></mml:mrow><mml:mrow><mml:mi>s</mml:mi></mml:mrow></mml:msub><mml:mo>=</mml:mo><mml:msub><mml:mrow><mml:mi>k</mml:mi></mml:mrow><mml:mrow><mml:mn>3</mml:mn></mml:mrow></mml:msub><mml:mo>+</mml:mo><mml:msub><mml:mrow><mml:mi>k</mml:mi></mml:mrow><mml:mrow><mml:mn>2</mml:mn></mml:mrow></mml:msub><mml:mo>-</mml:mo><mml:msub><mml:mrow><mml:mi>k</mml:mi></mml:mrow><mml:mrow><mml:mn>1</mml:mn></mml:mrow></mml:msub></mml:mrow></mml:math> and <mml:math altimg="si5.gif" display="inline" overflow="scroll"><mml:mrow><mml:msub><mml:mrow><mml:mi>ω</mml:mi></mml:mrow><mml:mrow><mml:mi>s</mml:mi></mml:mrow></mml:msub><mml:mo>=</mml:mo><mml:msub><mml:mrow><mml:mi>ω</mml:mi></mml:mrow><mml:mrow><mml:mn>1</mml:mn></mml:mrow></mml:msub><mml:mo>=</mml:mo><mml:msub><mml:mrow><mml:mi>ω</mml:mi></mml:mrow><mml:mrow><mml:mn>2</mml:mn></mml:mrow></mml:msub><mml:mo>=</mml:mo><mml:msub><mml:mrow><mml:mi>ω</mml:mi></mml:mrow><mml:mrow><mml:mn>3</mml:mn></mml:mrow></mml:msub></mml:mrow></mml:math>. To obtain information about the temporal evolution of nonlinear polarization, the spectrum of the echo signal can be recorded. Then the frequency domain third-order nonlinear polarization is obtained by Fourier transformation of <ce:italic>P</ce:italic><ce:sup loc="post">(3)</ce:sup> with respect to <ce:italic>t</ce:italic>, i.e.<ce:display><ce:formula id="formula.0025"><mml:math altimg="si6.gif" display="inline" overflow="scroll"><mml:msup><mml:mrow><mml:mi>P</mml:mi></mml:mrow><mml:mrow><mml:mo stretchy="false">(</mml:mo><mml:mn>3</mml:mn><mml:mo stretchy="false">)</mml:mo></mml:mrow></mml:msup><mml:mo stretchy="false">(</mml:mo><mml:mi>ω</mml:mi><mml:mtext>,</mml:mtext><mml:msub><mml:mrow><mml:mi>t</mml:mi></mml:mrow><mml:mrow><mml:mn>12</mml:mn></mml:mrow></mml:msub><mml:mtext>,</mml:mtext><mml:msub><mml:mrow><mml:mi>t</mml:mi></mml:mrow><mml:mrow><mml:mn>23</mml:mn></mml:mrow></mml:msub><mml:mo stretchy="false">)</mml:mo><mml:mo>=</mml:mo><mml:msubsup><mml:mo>∫</mml:mo><mml:mrow><mml:mo>-</mml:mo><mml:mi>∞</mml:mi></mml:mrow><mml:mrow><mml:mo>+</mml:mo><mml:mi>∞</mml:mi></mml:mrow></mml:msubsup><mml:msup><mml:mrow><mml:mi>P</mml:mi></mml:mrow><mml:mrow><mml:mo stretchy="false">(</mml:mo><mml:mn>3</mml:mn><mml:mo stretchy="false">)</mml:mo></mml:mrow></mml:msup><mml:mo stretchy="false">(</mml:mo><mml:mi>t</mml:mi><mml:mtext>,</mml:mtext><mml:msub><mml:mrow><mml:mi>t</mml:mi></mml:mrow><mml:mrow><mml:mn>12</mml:mn></mml:mrow></mml:msub><mml:mtext>,</mml:mtext><mml:msub><mml:mrow><mml:mi>t</mml:mi></mml:mrow><mml:mrow><mml:mn>23</mml:mn></mml:mrow></mml:msub><mml:mo stretchy="false">)</mml:mo><mml:msup><mml:mrow><mml:mi mathvariant="normal">e</mml:mi></mml:mrow><mml:mrow><mml:mi>i</mml:mi><mml:mi>ω</mml:mi><mml:mi>t</mml:mi></mml:mrow></mml:msup><mml:mi mathvariant="italic">dt</mml:mi><mml:mtext>.</mml:mtext></mml:math></ce:formula></ce:display>The time integrated frequency domain signal field radiated by the polarization <ce:italic>P</ce:italic><ce:sup loc="post">(3)</ce:sup> is given by<ce:display><ce:formula id="formula.0030"><mml:math altimg="si7.gif" display="inline" overflow="scroll"><mml:msub><mml:mrow><mml:mi>E</mml:mi></mml:mrow><mml:mrow><mml:mi>s</mml:mi></mml:mrow></mml:msub><mml:mo stretchy="false">(</mml:mo><mml:mi>ω</mml:mi><mml:mtext>,</mml:mtext><mml:msub><mml:mrow><mml:mi>t</mml:mi></mml:mrow><mml:mrow><mml:mn>12</mml:mn></mml:mrow></mml:msub><mml:mtext>,</mml:mtext><mml:msub><mml:mrow><mml:mi>t</mml:mi></mml:mrow><mml:mrow><mml:mn>23</mml:mn></mml:mrow></mml:msub><mml:mo stretchy="false">)</mml:mo><mml:mo>∝</mml:mo><mml:mo stretchy="false">[</mml:mo><mml:mn>2</mml:mn><mml:mi>π</mml:mi><mml:mi mathvariant="italic">iln</mml:mi><mml:mo stretchy="false">(</mml:mo><mml:mi>ω</mml:mi><mml:mo stretchy="false">)</mml:mo><mml:mi>c</mml:mi><mml:mo stretchy="false">]</mml:mo><mml:msup><mml:mrow><mml:mi>P</mml:mi></mml:mrow><mml:mrow><mml:mo stretchy="false">(</mml:mo><mml:mn>3</mml:mn><mml:mo stretchy="false">)</mml:mo></mml:mrow></mml:msup><mml:mo stretchy="false">(</mml:mo><mml:mi>ω</mml:mi><mml:mtext>,</mml:mtext><mml:msub><mml:mrow><mml:mi>t</mml:mi></mml:mrow><mml:mrow><mml:mn>12</mml:mn></mml:mrow></mml:msub><mml:mtext>,</mml:mtext><mml:msub><mml:mrow><mml:mi>t</mml:mi></mml:mrow><mml:mrow><mml:mn>23</mml:mn></mml:mrow></mml:msub><mml:mo stretchy="false">)</mml:mo></mml:math></ce:formula></ce:display>where <ce:italic>n</ce:italic>(<ce:italic>ω</ce:italic>) is the real part of the refractive index of the sample at frequency <ce:italic>ω</ce:italic>, <ce:italic>l</ce:italic> is the length of the sample and <ce:italic>c</ce:italic> is the speed of light. The intensity of spectrally resolved photon echo signal is then given by <ce:cross-ref refid="bib6">[6]</ce:cross-ref><ce:display><ce:formula id="formula.0035"><mml:math altimg="si8.gif" display="inline" overflow="scroll"><mml:msub><mml:mrow><mml:mi>S</mml:mi></mml:mrow><mml:mrow><mml:mtext>SRPE</mml:mtext></mml:mrow></mml:msub><mml:mo stretchy="false">(</mml:mo><mml:msub><mml:mrow><mml:mi>λ</mml:mi></mml:mrow><mml:mrow><mml:mi>d</mml:mi></mml:mrow></mml:msub><mml:mtext>,</mml:mtext><mml:msub><mml:mrow><mml:mi>t</mml:mi></mml:mrow><mml:mrow><mml:mn>12</mml:mn></mml:mrow></mml:msub><mml:mtext>,</mml:mtext><mml:msub><mml:mrow><mml:mi>t</mml:mi></mml:mrow><mml:mrow><mml:mn>23</mml:mn></mml:mrow></mml:msub><mml:mo stretchy="false">)</mml:mo><mml:mo>∝</mml:mo><mml:mo stretchy="false">|</mml:mo><mml:msub><mml:mrow><mml:mi>E</mml:mi></mml:mrow><mml:mrow><mml:mi>s</mml:mi></mml:mrow></mml:msub><mml:mo stretchy="false">(</mml:mo><mml:mi>ω</mml:mi><mml:mtext>,</mml:mtext><mml:msub><mml:mrow><mml:mi>t</mml:mi></mml:mrow><mml:mrow><mml:mn>12</mml:mn></mml:mrow></mml:msub><mml:mtext>,</mml:mtext><mml:msub><mml:mrow><mml:mi>t</mml:mi></mml:mrow><mml:mrow><mml:mn>23</mml:mn></mml:mrow></mml:msub><mml:mo stretchy="false">)</mml:mo><mml:msup><mml:mrow><mml:mo stretchy="false">|</mml:mo></mml:mrow><mml:mrow><mml:mn>2</mml:mn></mml:mrow></mml:msup><mml:mo>∝</mml:mo><mml:mo stretchy="false">|</mml:mo><mml:msup><mml:mrow><mml:mi>P</mml:mi></mml:mrow><mml:mrow><mml:mo stretchy="false">(</mml:mo><mml:mn>3</mml:mn><mml:mo stretchy="false">)</mml:mo></mml:mrow></mml:msup><mml:mo stretchy="false">(</mml:mo><mml:msub><mml:mrow><mml:mi>λ</mml:mi></mml:mrow><mml:mrow><mml:mi>d</mml:mi></mml:mrow></mml:msub><mml:mtext>,</mml:mtext><mml:msub><mml:mrow><mml:mi>t</mml:mi></mml:mrow><mml:mrow><mml:mn>12</mml:mn></mml:mrow></mml:msub><mml:mtext>,</mml:mtext><mml:msub><mml:mrow><mml:mi>t</mml:mi></mml:mrow><mml:mrow><mml:mn>23</mml:mn></mml:mrow></mml:msub><mml:mo stretchy="false">)</mml:mo><mml:msup><mml:mrow><mml:mo stretchy="false">|</mml:mo></mml:mrow><mml:mrow><mml:mn>2</mml:mn></mml:mrow></mml:msup><mml:mtext>,</mml:mtext></mml:math></ce:formula></ce:display>where <ce:italic>λ<ce:inf loc="post">d</ce:inf></ce:italic> is the detection wavelength that is used to amplify the echo signal emerging along the <ce:italic>k</ce:italic><ce:inf loc="post">s</ce:inf> direction (<ce:cross-ref refid="fig1">Fig. 1</ce:cross-ref><ce:float-anchor refid="fig1"/>a).</ce:para></ce:section><ce:section view="all" id="section.0020"><ce:label>3</ce:label><ce:section-title>Experimental setup</ce:section-title><ce:para view="all" id="para.0040">A commercial Ti:sapphire multipass amplifier (ODIN, Quantronix Corp.) was seeded by 20<ce:hsp sp="0.25"/>fs pulses at a wavelength of 800<ce:hsp sp="0.25"/>nm from a Ti:Sapphire oscillator (KM Labs.) and pumped by a Nd:YAG laser operating at 1<ce:hsp sp="0.25"/>kHz (Corona, Coherent Inc.). This amplified laser generated 40<ce:hsp sp="0.25"/>fs pulses with the central wavelength at 806<ce:hsp sp="0.25"/>nm, which was used to pump a commercial computer controlled travelling wave optical parametric amplifier (TOPAS, LightConversion Ltd.). In the optical parametric amplifier (OPA), a small fraction of the pump from multipass amplifier was used to generate the parametric superfluorescence seed in a thick BBO crystal and was tunable across the visible region. Visible pulses of 50<ce:hsp sp="0.25"/>fs pulse width from the OPA was split into three beams of equal intensity by using appropriate thin ultrafast beam splitters and sent through variable delay lines consisting of retroflectors and motorized translation stages (<ce:cross-ref refid="fig1">Fig. 1</ce:cross-ref>a and b). The pulses were in boxcar geometry, i.e., with pulses placed on three corners of a square of 1<ce:hsp sp="0.25"/>cm length. The three pulses are finally attenuated and focused using an achromatic lens of 20<ce:hsp sp="0.25"/>cm focal length on the sample of unit optical density at 545<ce:hsp sp="0.25"/>nm, however, kept flowing in an ultrathin fused silica flow-cell of 200<ce:hsp sp="0.25"/>m path-length to avoid propagation effects <ce:cross-ref refid="bib27">[27]</ce:cross-ref>. Teflon tubing was used in the flow cell setup and a peristaltic pump was used to circulate the sample, such that a fresh portion of sample interacted with the pulses every time. It was important to flow the sample because of the rapid photo-degradation of porphyrins dissolved in dichloromethane. Retroreflectors placed on translation stages (Newport, UTM-CC-0.1) were used to precisely control the time delays between the pulses. The generated photon echo signal in the direction <ce:italic>k</ce:italic><ce:inf loc="post">s</ce:inf> was dispersed in a monochromator (Acton-SP150) attached with a thermoelectric cooled charge coupled device (CCD) camera. For a given SRPE measurement, the t<ce:inf loc="post">12</ce:inf> was set fixed and the spectrum was recorded for population time <ce:italic>t</ce:italic><ce:inf loc="post">23</ce:inf> varying from −400<ce:hsp sp="0.25"/>fs to +400<ce:hsp sp="0.25"/>fs. The metallo-porphyrin samples (<ce:cross-ref refid="fig1">Fig. 1</ce:cross-ref>c) of Zn(II), Ni(II) and Co(II)–octaethyl porphyrins (OEP) were purchased from Sigma–Aldrich and were used without further purification and dissolved in dichloromethane.</ce:para></ce:section><ce:section view="all" id="section.0025"><ce:label>4</ce:label><ce:section-title>Results and discussion</ce:section-title><ce:para view="all" id="para.0045">The nonresonant excitation pulses were tuned to 545<ce:hsp sp="0.25"/>nm central wavelength which is around Q<ce:inf loc="post">00</ce:inf> for Co(II)–OEP and Ni(II)–OEP, and also overlapping with the longer wavelength part of the Q<ce:inf loc="post">10</ce:inf> band. The spectra of excitation pulses also overlap with the longer wavelength of the Q<ce:inf loc="post">10</ce:inf> band in case of Zn(II)–OEP. The spectrally resolved photon echo signal plots for the Zn(II)–OEP, Ni(II)–OEP and Co(II)–OEP in DCM, for varying population times is plotted in <ce:cross-refs refid="fig2 fig3 fig4">Figs. 2–4</ce:cross-refs><ce:float-anchor refid="fig2"/><ce:float-anchor refid="fig3"/><ce:float-anchor refid="fig4"/> for three coherence times <ce:italic>t</ce:italic><ce:inf loc="post">12</ce:inf><ce:hsp sp="0.25"/>=<ce:hsp sp="0.25"/>−50<ce:hsp sp="0.25"/>fs, 0<ce:hsp sp="0.25"/>fs and +50<ce:hsp sp="0.25"/>fs.</ce:para><ce:para view="all" id="para.0050">For positive population times, <ce:italic>t</ce:italic><ce:inf loc="post">12</ce:inf>, the spectra shows a strong photon echo and population grating components. The strong photon echo component with the maximum intensity is observed at <ce:italic>t</ce:italic><ce:inf loc="post">23</ce:inf> within 100<ce:hsp sp="0.25"/>fs. For negative coherence times, <ce:italic>t</ce:italic><ce:inf loc="post">12</ce:inf>, the spectra exhibit weak signal. It can be observed from SRPE contour plots <ce:cross-refs refid="fig2 fig3 fig4">Figs. 2–4</ce:cross-refs> that the peak of the spectrally resolved signal red-shifts from 545<ce:hsp sp="0.25"/>nm to 550<ce:hsp sp="0.25"/>nm as the coherence time is shifted from −50<ce:hsp sp="0.25"/>fs to +50<ce:hsp sp="0.25"/>fs. Significant coherence time dependent spectral broadening at early population times is observed in the photon echo spectra of all the three metal–OEPs. For positive coherence times the spectral broadening appears on the longer wavelength of the spectra. For negative coherence times the spectra are broadened on the shorter wavelength, while for coherence times near zero the spectra broadens relatively evenly on both the sides. The increasing red-shift with increasing population time <ce:italic>t</ce:italic><ce:inf loc="post">23</ce:inf> and more broadening for excitation wavelengths close to the absorption peak is reflective of the relaxation dynamics of the population <ce:cross-refs refid="bib2 bib28 bib29">[2,28,29]</ce:cross-refs>. A slight tilt can be observed in the SRPE contour plots for Ni(II)–OEP and Co(II)–OEP when the coherence time is positive which is indicative of inhomogeneous broadening as can be seen in <ce:cross-refs refid="fig3 fig4">Figs. 3c and 4</ce:cross-refs>c. Since we do not observe any tilt in the SRPE contour plot for Zn(II)–OEP, this suggests that inhomogeneous broadening occurs at a relatively longer timescale.</ce:para><ce:para view="all" id="para.0055">Our excitation pulse is in the long wavelength tail of the Q<ce:inf loc="post">01</ce:inf> band. The time dependent signal is measured as function of delay of the third pulse with respect to the first two pulses that have a fixed delay between them (<ce:cross-ref refid="fig1">Fig. 1</ce:cross-ref>a). All the three pulses used in our experiment are sub-50<ce:hsp sp="0.25"/>fs and as such, all the sub-50<ce:hsp sp="0.25"/>fs timescales recovered from our experimental measurements is instrument resolution limited. We find the measured signals have a characteristic single exponential sub-50<ce:hsp sp="0.25"/>fs rise followed by a decay that can be effectively fitted to a bi-exponential decay model. If the second pulse arrives 50<ce:hsp sp="0.25"/>fs before the first pulse, the two decay timescales resulting from our bi-exponential decay model are 48<ce:hsp sp="0.25"/>fs and 302<ce:hsp sp="0.25"/>fs for Co(II)–OEP, 44<ce:hsp sp="0.25"/>fs and 100<ce:hsp sp="0.25"/>fs for Ni(II)–OEP and 43<ce:hsp sp="0.25"/>fs and 280<ce:hsp sp="0.25"/>fs for Zn(II)–OEP as shown in <ce:cross-ref refid="fig5">Fig. 5</ce:cross-ref><ce:float-anchor refid="fig5"/>a. During zero coherence time, i.e., when the first and the second pulses arrive simultaneously, the two decay terms are respectively, 45<ce:hsp sp="0.25"/>fs and 5<ce:hsp sp="0.25"/>ps for Co(II)–OEP, 46<ce:hsp sp="0.25"/>fs and 1.1<ce:hsp sp="0.25"/>ps for Ni(II)–OEP and 42<ce:hsp sp="0.25"/>fs and 100<ce:hsp sp="0.25"/>fs for Zn(II)–OEP, as shown in <ce:cross-ref refid="fig5">Fig. 5</ce:cross-ref>b. Finally, when the coherence time is +50<ce:hsp sp="0.25"/>fs, i.e., the second pulse arrives 50<ce:hsp sp="0.25"/>fs after the first pulse, once again two decay terms are seen, which are 43<ce:hsp sp="0.25"/>fs and 1.7<ce:hsp sp="0.25"/>ps for Co(II)–OEP, 42<ce:hsp sp="0.25"/>fs and 1<ce:hsp sp="0.25"/>ps for Ni(II)–OEP and 42<ce:hsp sp="0.25"/>fs and 192<ce:hsp sp="0.25"/>fs for Zn(II)–OEP as shown in <ce:cross-ref refid="fig5">Fig. 5</ce:cross-ref>c. Thus, in all the cases, the fast component of the bi-exponential decay is also pulsewidth limited (sub-50<ce:hsp sp="0.25"/>fs). The slow component is most prominent for Ni(II)–OEP and least prominent for Zn(II)–OEP. A comparison across the different cases in <ce:cross-ref refid="fig5">Fig. 5</ce:cross-ref> shows that Zn-substituted porphyrins behave differently as compared to the Ni or Co substitution, which can perhaps be attributed to the filled d-shell of Zn. Furthermore, in case of Zn porphyrins, π–π interaction is more because of better planarity, as the Zn metal fits more easily into the porphyrin molecule. This can also be one of the reasons why its time constants are much faster than the other metallo-porphyrins. From these timescales we can infer that the ultrafast relaxation of the population placed on Q<ce:inf loc="post">10</ce:inf> occurs in less than 50<ce:hsp sp="0.25"/>fs and is pulsewidth limited in our case and is related to the Q<ce:inf loc="post">01</ce:inf> to Q<ce:inf loc="post">00</ce:inf> electronic relaxation. The longer relaxation timescale associated may be related to the intramolecular vibrational redistribution within the Q<ce:inf loc="post">00</ce:inf> state.</ce:para></ce:section><ce:section view="all" id="section.0030"><ce:label>5</ce:label><ce:section-title>Conclusion</ce:section-title><ce:para view="all" id="para.0060">We have presented spectrally resolved femtosecond three-pulse photon echo measurements on Zn(II)–OEP, Ni(II)–OEP and Co(II)–OEP. Increased degree of freedom in scans of time delays allows one to separate and extract specific type of spectroscopic information in complex molecules by studying spectral and temporal evolution of the photon echo signals. By varying the population times, population relaxation dynamics and inhomogeneous broadening is revealed in the photon echo spectra. Time-integrated photon echo signals show two different timescales. The electronic relaxation timescale is found to be sub 50<ce:hsp sp="0.25"/>fs whereas the timescale for intramolecular vibrational relaxation, occurring in Q<ce:inf loc="post">00</ce:inf> band, was found to be over a picosecond for Co(II)–OEP and Ni(II)–OEP and within a picosecond for Zn(II)–OEP.</ce:para></ce:section></ce:sections><ce:acknowledgment><ce:section-title>Acknowledgments</ce:section-title><ce:para view="all" id="para.0065">D.G. thanks Wellcome Trust UK for International senior research fellowship and DST India for the award of Swarnajayanthi fellowship. T.G. thanks UGC, CSIR, India for the award of Junior Research Fellowship.</ce:para></ce:acknowledgment></body><tail view="all"><ce:bibliography view="all" id="bibliography.0010"><ce:section-title>References</ce:section-title><ce:bibliography-sec id="bibliography-sec.0010"><ce:bib-reference id="bib1"><ce:label>[1]</ce:label><sb:reference><sb:contribution langtype="en"><sb:authors><sb:author><ce:given-name>L.V.</ce:given-name><ce:surname>Dao</ce:surname></sb:author><sb:author><ce:given-name>C.</ce:given-name><ce:surname>Lincoln</ce:surname></sb:author><sb:author><ce:given-name>M.</ce:given-name><ce:surname>Lowe</ce:surname></sb:author><sb:author><ce:given-name>P.</ce:given-name><ce:surname>Hannaford</ce:surname></sb:author></sb:authors></sb:contribution><sb:host><sb:issue><sb:series><sb:title><sb:maintitle>Physica B</sb:maintitle></sb:title><sb:volume-nr>327</sb:volume-nr></sb:series><sb:date>2003</sb:date></sb:issue><sb:pages><sb:first-page>123</sb:first-page></sb:pages></sb:host></sb:reference></ce:bib-reference><ce:bib-reference id="bib2"><ce:label>[2]</ce:label><sb:reference><sb:contribution langtype="en"><sb:authors><sb:author><ce:given-name>L.V.</ce:given-name><ce:surname>Dao</ce:surname></sb:author><sb:author><ce:given-name>C.</ce:given-name><ce:surname>Lincoln</ce:surname></sb:author><sb:author><ce:given-name>M.</ce:given-name><ce:surname>Lowe</ce:surname></sb:author><sb:author><ce:given-name>P.</ce:given-name><ce:surname>Hannaford</ce:surname></sb:author></sb:authors></sb:contribution><sb:host><sb:issue><sb:series><sb:title><sb:maintitle>J. Chem. Phys.</sb:maintitle></sb:title><sb:volume-nr>124</sb:volume-nr></sb:series><sb:date>2004</sb:date></sb:issue><sb:pages><sb:first-page>8434</sb:first-page></sb:pages></sb:host></sb:reference></ce:bib-reference><ce:bib-reference id="bib3"><ce:label>[3]</ce:label><sb:reference><sb:contribution langtype="en"><sb:authors><sb:author><ce:given-name>J.S.</ce:given-name><ce:surname>Park</ce:surname></sb:author><sb:author><ce:given-name>T.</ce:given-name><ce:surname>Joo</ce:surname></sb:author></sb:authors></sb:contribution><sb:host><sb:issue><sb:series><sb:title><sb:maintitle>J. Chem. Phys.</sb:maintitle></sb:title><sb:volume-nr>116</sb:volume-nr></sb:series><sb:date>2002</sb:date></sb:issue><sb:pages><sb:first-page>10801</sb:first-page></sb:pages></sb:host></sb:reference></ce:bib-reference><ce:bib-reference id="bib4"><ce:label>[4]</ce:label><sb:reference><sb:contribution langtype="en"><sb:authors><sb:author><ce:given-name>M.</ce:given-name><ce:surname>Dantus</ce:surname></sb:author></sb:authors></sb:contribution><sb:host><sb:issue><sb:series><sb:title><sb:maintitle>Ann. Rev. Phys. Chem.</sb:maintitle></sb:title><sb:volume-nr>52</sb:volume-nr></sb:series><sb:date>2001</sb:date></sb:issue><sb:pages><sb:first-page>639</sb:first-page></sb:pages></sb:host></sb:reference></ce:bib-reference><ce:bib-reference id="bib5"><ce:label>[5]</ce:label><ce:other-ref><ce:textref>N. Christensson, T. Polivka, A. Yartsev, and T. Pullerits, Phys. Rev. B, in press.</ce:textref></ce:other-ref></ce:bib-reference><ce:bib-reference id="bib6"><ce:label>[6]</ce:label><sb:reference><sb:contribution langtype="en"><sb:authors><sb:author><ce:given-name>L.D.</ce:given-name><ce:surname>Book</ce:surname></sb:author><sb:author><ce:given-name>N.F.</ce:given-name><ce:surname>Scherer</ce:surname></sb:author></sb:authors></sb:contribution><sb:host><sb:issue><sb:series><sb:title><sb:maintitle>J. Chem. Phys.</sb:maintitle></sb:title><sb:volume-nr>111</sb:volume-nr></sb:series><sb:date>1999</sb:date></sb:issue><sb:pages><sb:first-page>792</sb:first-page></sb:pages></sb:host></sb:reference></ce:bib-reference><ce:bib-reference id="bib7"><ce:label>[7]</ce:label><sb:reference><sb:contribution langtype="en"><sb:authors><sb:author><ce:given-name>M.U.</ce:given-name><ce:surname>Wehner</ce:surname></sb:author><sb:author><ce:given-name>D.</ce:given-name><ce:surname>Steinbach</ce:surname></sb:author><sb:author><ce:given-name>M.</ce:given-name><ce:surname>Wegener</ce:surname></sb:author></sb:authors></sb:contribution><sb:host><sb:issue><sb:series><sb:title><sb:maintitle>Phys. Rev. B</sb:maintitle></sb:title><sb:volume-nr>54</sb:volume-nr></sb:series><sb:date>1996</sb:date></sb:issue><sb:pages><sb:first-page>R5211</sb:first-page></sb:pages></sb:host></sb:reference></ce:bib-reference><ce:bib-reference id="bib8"><ce:label>[8]</ce:label><sb:reference><sb:contribution langtype="en"><sb:authors><sb:author><ce:given-name>S.</ce:given-name><ce:surname>Hataoka</ce:surname></sb:author><sb:author><ce:given-name>A.</ce:given-name><ce:surname>Itoh</ce:surname></sb:author><sb:author><ce:given-name>I.</ce:given-name><ce:surname>Tanahashi</ce:surname></sb:author><sb:author><ce:given-name>K.</ce:given-name><ce:surname>Tanaka</ce:surname></sb:author></sb:authors></sb:contribution><sb:host><sb:issue><sb:series><sb:title><sb:maintitle>J. Luminescence</sb:maintitle></sb:title><sb:volume-nr>87–89</sb:volume-nr></sb:series><sb:date>2000</sb:date></sb:issue><sb:pages><sb:first-page>853</sb:first-page></sb:pages></sb:host></sb:reference></ce:bib-reference><ce:bib-reference id="bib9"><ce:label>[9]</ce:label><sb:reference><sb:contribution langtype="en"><sb:authors><sb:author><ce:given-name>L.R.</ce:given-name><ce:surname>Milgrom</ce:surname></sb:author></sb:authors><sb:title><sb:maintitle>The Colors of Life</sb:maintitle></sb:title></sb:contribution><sb:host><sb:book><sb:date>1997</sb:date><sb:publisher><sb:name>Oxford Univ. Press</sb:name><sb:location>Oxford, NY, Tokyo</sb:location></sb:publisher></sb:book></sb:host></sb:reference></ce:bib-reference><ce:bib-reference id="bib10"><ce:label>[10]</ce:label><sb:reference><sb:contribution langtype="en"><sb:authors><sb:author><ce:given-name>X.</ce:given-name><ce:surname>Liu</ce:surname></sb:author><sb:author><ce:given-name>E.K.L.</ce:given-name><ce:surname>Yeow</ce:surname></sb:author><sb:author><ce:given-name>S.</ce:given-name><ce:surname>Velate</ce:surname></sb:author><sb:author><ce:given-name>R.P.</ce:given-name><ce:surname>Steer</ce:surname></sb:author></sb:authors></sb:contribution><sb:host><sb:issue><sb:series><sb:title><sb:maintitle>Phys. Chem. Chem. Phys.</sb:maintitle></sb:title><sb:volume-nr>8</sb:volume-nr></sb:series><sb:date>2006</sb:date></sb:issue><sb:pages><sb:first-page>1298</sb:first-page></sb:pages></sb:host></sb:reference></ce:bib-reference><ce:bib-reference id="bib11"><ce:label>[11]</ce:label><sb:reference><sb:contribution langtype="en"><sb:authors><sb:author><ce:given-name>P.</ce:given-name><ce:surname>Heathcote</ce:surname></sb:author><sb:author><ce:given-name>P.K.</ce:given-name><ce:surname>Fyfe</ce:surname></sb:author><sb:author><ce:given-name>M.R.</ce:given-name><ce:surname>Jones</ce:surname></sb:author></sb:authors></sb:contribution><sb:host><sb:issue><sb:series><sb:title><sb:maintitle>Trends Biochem. Sci.</sb:maintitle></sb:title><sb:volume-nr>27</sb:volume-nr></sb:series><sb:date>2002</sb:date></sb:issue><sb:pages><sb:first-page>79</sb:first-page></sb:pages></sb:host></sb:reference></ce:bib-reference><ce:bib-reference id="bib12"><ce:label>[12]</ce:label><ce:other-ref><ce:textref>Dolphin, The Porphyrins, Academic Press, 1978.</ce:textref></ce:other-ref></ce:bib-reference><ce:bib-reference id="bib13"><ce:label>[13]</ce:label><sb:reference><sb:contribution langtype="en"><sb:authors><sb:author><ce:given-name>J.</ce:given-name><ce:surname>Karolczak</ce:surname></sb:author><sb:author><ce:given-name>D.</ce:given-name><ce:surname>Kowalska</ce:surname></sb:author><sb:author><ce:given-name>A.</ce:given-name><ce:surname>Lukaszewicz</ce:surname></sb:author><sb:author><ce:given-name>A.</ce:given-name><ce:surname>Maciejewski</ce:surname></sb:author><sb:author><ce:given-name>R.P.</ce:given-name><ce:surname>Steer</ce:surname></sb:author></sb:authors></sb:contribution><sb:host><sb:issue><sb:series><sb:title><sb:maintitle>J. Phys. Chem. A</sb:maintitle></sb:title><sb:volume-nr>108</sb:volume-nr></sb:series><sb:date>2004</sb:date></sb:issue><sb:pages><sb:first-page>4570</sb:first-page></sb:pages></sb:host></sb:reference></ce:bib-reference><ce:bib-reference id="bib14"><ce:label>[14]</ce:label><sb:reference><sb:contribution langtype="en"><sb:authors><sb:author><ce:given-name>J.S.</ce:given-name><ce:surname>Shirk</ce:surname></sb:author><sb:author><ce:given-name>J.R.</ce:given-name><ce:surname>Lindle</ce:surname></sb:author><sb:author><ce:given-name>F.J.</ce:given-name><ce:surname>Bartoli</ce:surname></sb:author><sb:author><ce:given-name>Z.H.</ce:given-name><ce:surname>Kafafi</ce:surname></sb:author><sb:author><ce:given-name>A.H.</ce:given-name><ce:surname>Snow</ce:surname></sb:author><sb:author><ce:given-name>M.E.</ce:given-name><ce:surname>Boyle</ce:surname></sb:author></sb:authors></sb:contribution><sb:host><sb:issue><sb:series><sb:title><sb:maintitle>Int. J. Nonlinear Opt.</sb:maintitle></sb:title><sb:volume-nr>1</sb:volume-nr></sb:series><sb:date>1992</sb:date></sb:issue><sb:pages><sb:first-page>699</sb:first-page></sb:pages></sb:host></sb:reference></ce:bib-reference><ce:bib-reference id="bib15"><ce:label>[15]</ce:label><sb:reference><sb:contribution langtype="en"><sb:authors><sb:author><ce:given-name>H.Z.</ce:given-name><ce:surname>Yu</ce:surname></sb:author><sb:author><ce:given-name>J.S.</ce:given-name><ce:surname>Baskin</ce:surname></sb:author><sb:author><ce:given-name>B.</ce:given-name><ce:surname>Steiger</ce:surname></sb:author><sb:author><ce:given-name>C.</ce:given-name><ce:surname>Wan</ce:surname></sb:author><sb:author><ce:given-name>F.C.</ce:given-name><ce:surname>Anson</ce:surname></sb:author><sb:author><ce:given-name>A.H.</ce:given-name><ce:surname>Zewail</ce:surname></sb:author></sb:authors></sb:contribution><sb:host><sb:issue><sb:series><sb:title><sb:maintitle>Chem. Phys. Lett.</sb:maintitle></sb:title><sb:volume-nr>293</sb:volume-nr></sb:series><sb:date>1998</sb:date></sb:issue><sb:pages><sb:first-page>1</sb:first-page></sb:pages></sb:host></sb:reference></ce:bib-reference><ce:bib-reference id="bib16"><ce:label>[16]</ce:label><sb:reference><sb:contribution langtype="en"><sb:authors><sb:author><ce:given-name>H.Z.</ce:given-name><ce:surname>Yu</ce:surname></sb:author><sb:author><ce:given-name>J.S.</ce:given-name><ce:surname>Baskin</ce:surname></sb:author><sb:author><ce:given-name>A.H.</ce:given-name><ce:surname>Zewail</ce:surname></sb:author></sb:authors></sb:contribution><sb:host><sb:issue><sb:series><sb:title><sb:maintitle>J. Phys. Chem. A</sb:maintitle></sb:title><sb:volume-nr>106</sb:volume-nr></sb:series><sb:date>2002</sb:date></sb:issue><sb:pages><sb:first-page>9845</sb:first-page></sb:pages></sb:host></sb:reference></ce:bib-reference><ce:bib-reference id="bib17"><ce:label>[17]</ce:label><sb:reference><sb:contribution langtype="en"><sb:authors><sb:author><ce:given-name>J.</ce:given-name><ce:surname>Rodriguez</ce:surname></sb:author><sb:author><ce:given-name>C.</ce:given-name><ce:surname>Kirmaier</ce:surname></sb:author><sb:author><ce:given-name>D.</ce:given-name><ce:surname>Holten</ce:surname></sb:author></sb:authors></sb:contribution><sb:host><sb:issue><sb:series><sb:title><sb:maintitle>J. Am. Chem. Soc.</sb:maintitle></sb:title><sb:volume-nr>111</sb:volume-nr></sb:series><sb:date>1989</sb:date></sb:issue><sb:pages><sb:first-page>6500</sb:first-page></sb:pages></sb:host></sb:reference></ce:bib-reference><ce:bib-reference id="bib18"><ce:label>[18]</ce:label><sb:reference><sb:contribution langtype="en"><sb:authors><sb:author><ce:given-name>J.</ce:given-name><ce:surname>Rodriguez</ce:surname></sb:author><sb:author><ce:given-name>D.</ce:given-name><ce:surname>Holten</ce:surname></sb:author></sb:authors></sb:contribution><sb:host><sb:issue><sb:series><sb:title><sb:maintitle>J. Chem. Phys.</sb:maintitle></sb:title><sb:volume-nr>91</sb:volume-nr></sb:series><sb:date>1989</sb:date></sb:issue><sb:pages><sb:first-page>3525</sb:first-page></sb:pages></sb:host></sb:reference></ce:bib-reference><ce:bib-reference id="bib19"><ce:label>[19]</ce:label><sb:reference><sb:contribution langtype="en"><sb:authors><sb:author><ce:given-name>J.</ce:given-name><ce:surname>Rodriguez</ce:surname></sb:author><sb:author><ce:given-name>C.</ce:given-name><ce:surname>Kirmaier</ce:surname></sb:author><sb:author><ce:given-name>D.</ce:given-name><ce:surname>Holten</ce:surname></sb:author></sb:authors></sb:contribution><sb:host><sb:issue><sb:series><sb:title><sb:maintitle>J. Chem. Phys.</sb:maintitle></sb:title><sb:volume-nr>94</sb:volume-nr></sb:series><sb:date>1991</sb:date></sb:issue><sb:pages><sb:first-page>6020</sb:first-page></sb:pages></sb:host></sb:reference></ce:bib-reference><ce:bib-reference id="bib20"><ce:label>[20]</ce:label><sb:reference><sb:contribution langtype="en"><sb:authors><sb:author><ce:given-name>F.</ce:given-name><ce:surname>Genteman</ce:surname></sb:author><sb:et-al/></sb:authors></sb:contribution><sb:host><sb:issue><sb:series><sb:title><sb:maintitle>J. Phys. Chem. B</sb:maintitle></sb:title><sb:volume-nr>101</sb:volume-nr></sb:series><sb:date>1997</sb:date></sb:issue><sb:pages><sb:first-page>1247</sb:first-page></sb:pages></sb:host></sb:reference></ce:bib-reference><ce:bib-reference id="bib21"><ce:label>[21]</ce:label><sb:reference><sb:contribution langtype="en"><sb:authors><sb:author><ce:given-name>B.</ce:given-name><ce:surname>Dietzek</ce:surname></sb:author><sb:author><ce:given-name>R.</ce:given-name><ce:surname>Maksimenka</ce:surname></sb:author><sb:author><ce:given-name>W.</ce:given-name><ce:surname>Kiefer</ce:surname></sb:author><sb:author><ce:given-name>G.</ce:given-name><ce:surname>Hermann</ce:surname></sb:author><sb:author><ce:given-name>J.</ce:given-name><ce:surname>Popp</ce:surname></sb:author><sb:author><ce:given-name>M.</ce:given-name><ce:surname>Schmitt</ce:surname></sb:author></sb:authors></sb:contribution><sb:host><sb:issue><sb:series><sb:title><sb:maintitle>Chem. Phys. Lett.</sb:maintitle></sb:title><sb:volume-nr>415</sb:volume-nr></sb:series><sb:date>2005</sb:date></sb:issue><sb:pages><sb:first-page>94</sb:first-page></sb:pages></sb:host></sb:reference></ce:bib-reference><ce:bib-reference id="bib22"><ce:label>[22]</ce:label><sb:reference><sb:contribution langtype="en"><sb:authors><sb:author><ce:given-name>B.</ce:given-name><ce:surname>Dietzek</ce:surname></sb:author><sb:author><ce:given-name>N.</ce:given-name><ce:surname>Christensson</ce:surname></sb:author><sb:author><ce:given-name>P.</ce:given-name><ce:surname>Kjellberg</ce:surname></sb:author><sb:author><ce:given-name>T.</ce:given-name><ce:surname>Pascher</ce:surname></sb:author><sb:author><ce:given-name>T.</ce:given-name><ce:surname>Pullerits</ce:surname></sb:author><sb:author><ce:given-name>A.</ce:given-name><ce:surname>Yartsev</ce:surname></sb:author></sb:authors></sb:contribution><sb:host><sb:issue><sb:series><sb:title><sb:maintitle>Phys. Chem. Chem. Phys.</sb:maintitle></sb:title><sb:volume-nr>9</sb:volume-nr></sb:series><sb:date>2006</sb:date></sb:issue><sb:pages><sb:first-page>701</sb:first-page></sb:pages></sb:host></sb:reference></ce:bib-reference><ce:bib-reference id="bib23"><ce:label>[23]</ce:label><sb:reference><sb:contribution langtype="en"><sb:authors><sb:author><ce:given-name>R.</ce:given-name><ce:surname>Mishra</ce:surname></sb:author><sb:author><ce:given-name>R.</ce:given-name><ce:surname>Kumar</ce:surname></sb:author><sb:author><ce:given-name>T.K.</ce:given-name><ce:surname>Chandrasekar</ce:surname></sb:author><sb:author><ce:given-name>C.H.</ce:given-name><ce:surname>Suresh</ce:surname></sb:author><sb:author><ce:given-name>A.</ce:given-name><ce:surname>Nag</ce:surname></sb:author><sb:author><ce:given-name>D.</ce:given-name><ce:surname>Goswami</ce:surname></sb:author></sb:authors></sb:contribution><sb:host><sb:issue><sb:series><sb:title><sb:maintitle>J. Am. Chem. Soc.</sb:maintitle></sb:title><sb:volume-nr>128</sb:volume-nr></sb:series><sb:date>2006</sb:date></sb:issue><sb:pages><sb:first-page>16083</sb:first-page></sb:pages></sb:host></sb:reference></ce:bib-reference><ce:bib-reference id="bib24"><ce:label>[24]</ce:label><sb:reference><sb:contribution langtype="en"><sb:authors><sb:author><ce:given-name>R.</ce:given-name><ce:surname>Mishra</ce:surname></sb:author><sb:author><ce:given-name>R.</ce:given-name><ce:surname>Kumar</ce:surname></sb:author><sb:author><ce:given-name>T.K.</ce:given-name><ce:surname>Chandrasekar</ce:surname></sb:author><sb:author><ce:given-name>A.</ce:given-name><ce:surname>Nag</ce:surname></sb:author><sb:author><ce:given-name>D.</ce:given-name><ce:surname>Goswami</ce:surname></sb:author></sb:authors></sb:contribution><sb:host><sb:issue><sb:series><sb:title><sb:maintitle>Org. Lett.</sb:maintitle></sb:title><sb:volume-nr>8</sb:volume-nr></sb:series><sb:date>2006</sb:date></sb:issue><sb:pages><sb:first-page>629</sb:first-page></sb:pages></sb:host></sb:reference></ce:bib-reference><ce:bib-reference id="bib25"><ce:label>[25]</ce:label><sb:reference><sb:contribution langtype="en"><sb:authors><sb:author><ce:given-name>H.</ce:given-name><ce:surname>Rath</ce:surname></sb:author><sb:author><ce:given-name>J.</ce:given-name><ce:surname>Sankar</ce:surname></sb:author><sb:author><ce:given-name>V.</ce:given-name><ce:surname>Prabhuraja</ce:surname></sb:author><sb:author><ce:given-name>T.K.</ce:given-name><ce:surname>Chandrasekar</ce:surname></sb:author><sb:author><ce:given-name>A.</ce:given-name><ce:surname>Nag</ce:surname></sb:author><sb:author><ce:given-name>D.</ce:given-name><ce:surname>Goswami</ce:surname></sb:author></sb:authors></sb:contribution><sb:host><sb:issue><sb:series><sb:title><sb:maintitle>J. Am. Chem. Soc.</sb:maintitle></sb:title><sb:volume-nr>127</sb:volume-nr></sb:series><sb:date>2005</sb:date></sb:issue><sb:pages><sb:first-page>11608</sb:first-page></sb:pages></sb:host></sb:reference></ce:bib-reference><ce:bib-reference id="bib26"><ce:label>[26]</ce:label><ce:other-ref><ce:textref>S. Mukamel, Principles of Nonlinear Optical Spectroscopy, Oxford Univ. Press, 1995.</ce:textref></ce:other-ref></ce:bib-reference><ce:bib-reference id="bib27"><ce:label>[27]</ce:label><sb:reference><sb:contribution langtype="en"><sb:authors><sb:author><ce:given-name>N.</ce:given-name><ce:surname>Christensson</ce:surname></sb:author><sb:author><ce:given-name>B.</ce:given-name><ce:surname>Dietzek</ce:surname></sb:author><sb:author><ce:given-name>T.</ce:given-name><ce:surname>Pascher</ce:surname></sb:author><sb:author><ce:given-name>A.</ce:given-name><ce:surname>Yartsev</ce:surname></sb:author><sb:author><ce:given-name>T.</ce:given-name><ce:surname>Pullerits</ce:surname></sb:author></sb:authors></sb:contribution><sb:host><sb:issue><sb:series><sb:title><sb:maintitle>Chem. Phys. Lett.</sb:maintitle></sb:title><sb:volume-nr>457</sb:volume-nr></sb:series><sb:date>2008</sb:date></sb:issue><sb:pages><sb:first-page>106</sb:first-page></sb:pages></sb:host></sb:reference></ce:bib-reference><ce:bib-reference id="bib28"><ce:label>[28]</ce:label><sb:reference><sb:contribution langtype="en"><sb:authors><sb:author><ce:given-name>L.V.</ce:given-name><ce:surname>Dao</ce:surname></sb:author><sb:author><ce:given-name>C.N.</ce:given-name><ce:surname>Lincoln</ce:surname></sb:author><sb:author><ce:given-name>R.M.</ce:given-name><ce:surname>Lowe</ce:surname></sb:author><sb:author><ce:given-name>P.</ce:given-name><ce:surname>Hannaford</ce:surname></sb:author></sb:authors><sb:title><sb:maintitle>Femtosecond Laser Spectroscopy</sb:maintitle></sb:title></sb:contribution><sb:host><sb:book><sb:date>2006</sb:date><sb:publisher><sb:name>Springer</sb:name><sb:location>New York</sb:location></sb:publisher></sb:book></sb:host><sb:comment>p. 197 (Chapter 8)</sb:comment></sb:reference></ce:bib-reference><ce:bib-reference id="bib29"><ce:label>[29]</ce:label><ce:other-ref><ce:textref>C.N. Lincoln, Ph.D. Thesis, Swinburn University of Technology, Melbourne, Australia. <ce:inter-ref xlink:href="http://www.swinburne.edu.au/feis/caous/theses/CraigThesis.pdf" xlink:type="simple">&lt;http://www.swinburne.edu.au/feis/caous/theses/CraigThesis.pdf&gt;</ce:inter-ref>.</ce:textref></ce:other-ref></ce:bib-reference></ce:bibliography-sec></ce:bibliography></tail></article></xocs:serial-item></xocs:doc>