<?xml version="1.0" encoding="UTF-8"?>
<xocs:doc xsi:schemaLocation="http://www.elsevier.com/xml/xocs/dtd http://schema.elsevier.com/dtds/document/fulltext/xcr/xocs-article.xsd" xmlns:xocs="http://www.elsevier.com/xml/xocs/dtd" xmlns:xs="http://www.w3.org/2001/XMLSchema" xmlns:xsi="http://www.w3.org/2001/XMLSchema-instance" xmlns="http://www.elsevier.com/xml/ja/dtd" xmlns:ja="http://www.elsevier.com/xml/ja/dtd" xmlns:mml="http://www.w3.org/1998/Math/MathML" xmlns:tb="http://www.elsevier.com/xml/common/table/dtd" xmlns:sb="http://www.elsevier.com/xml/common/struct-bib/dtd" xmlns:ce="http://www.elsevier.com/xml/common/dtd" xmlns:xlink="http://www.w3.org/1999/xlink" xmlns:cals="http://www.elsevier.com/xml/common/cals/dtd"><xocs:meta><xocs:content-family>serial</xocs:content-family><xocs:content-type>JL</xocs:content-type><xocs:cid>271639</xocs:cid><xocs:ssids><xocs:ssid type="alllist">291210</xocs:ssid><xocs:ssid type="subj">291689</xocs:ssid><xocs:ssid type="subj">291778</xocs:ssid><xocs:ssid type="subj">291785</xocs:ssid><xocs:ssid type="subj">291788</xocs:ssid><xocs:ssid type="content">31</xocs:ssid><xocs:ssid type="oa">90</xocs:ssid></xocs:ssids><xocs:srctitle>Corrosion Science</xocs:srctitle><xocs:normalized-srctitle>CORROSIONSCIENCE</xocs:normalized-srctitle><xocs:orig-load-date yyyymmdd="20120310">2012-03-10</xocs:orig-load-date><xocs:ew-transaction-id>2014-09-03T07:15:36</xocs:ew-transaction-id><xocs:eid>1-s2.0-S0010938X12001163</xocs:eid><xocs:pii-formatted>S0010-938X(12)00116-3</xocs:pii-formatted><xocs:pii-unformatted>S0010938X12001163</xocs:pii-unformatted><xocs:doi>10.1016/j.corsci.2012.03.011</xocs:doi><xocs:item-stage>S300</xocs:item-stage><xocs:item-version-number>S300.2</xocs:item-version-number><xocs:item-weight>FULL-TEXT</xocs:item-weight><xocs:hub-eid>1-s2.0-S0010938X12X00052</xocs:hub-eid><xocs:timestamp yyyymmdd="20140904">2014-09-04T07:36:58.52016-04:00</xocs:timestamp><xocs:dco>0</xocs:dco><xocs:tomb>0</xocs:tomb><xocs:date-search-begin>20120601</xocs:date-search-begin><xocs:date-search-end>20120630</xocs:date-search-end><xocs:year-nav>2012</xocs:year-nav><xocs:indexeddate epoch="1331337600">2012-03-10T00:00:00Z</xocs:indexeddate><xocs:articleinfo>articleinfo articletitlenorm authfirstinitialnorm authfirstsurnamenorm cid cids contenttype copyright crossmark dateloaded dateloadedtxt datesearch datesort dateupdated dco docsubtype doctype doi eid ewtransactionid fundingbodyid hubeid indexeddate issn issnnorm itemstage itemtransactionid itemweight oauserlicense openaccess openarchive pg pgfirst pglast pii piinorm pubdateend pubdatestart pubdatetxt pubyr sectiontitle sortorder sponsoredaccesstype srctitle srctitlenorm srctype ssids alllist content oa subj subheadings suppl tomb volfirst volissue volumelist webpdf webpdfpagecount yearnav figure table body acknowledge affil articletitle auth authfirstini authfull authkeywords authlast footnotes grantsponsor primabst ref specialabst</xocs:articleinfo><xocs:issns><xocs:issn-primary-formatted>0010-938X</xocs:issn-primary-formatted><xocs:issn-primary-unformatted>0010938X</xocs:issn-primary-unformatted></xocs:issns><xocs:sponsored-access-type>UNLIMITED</xocs:sponsored-access-type><xocs:funding-body-id>NONE</xocs:funding-body-id><xocs:crossmark is-crossmark="0">false</xocs:crossmark><xocs:vol-first>59</xocs:vol-first><xocs:volume-list><xocs:volume>59</xocs:volume></xocs:volume-list><xocs:suppl>C</xocs:suppl><xocs:vol-iss-suppl-text>Volume 59</xocs:vol-iss-suppl-text><xocs:sort-order>30</xocs:sort-order><xocs:first-fp>263</xocs:first-fp><xocs:last-lp>269</xocs:last-lp><xocs:pages><xocs:first-page>263</xocs:first-page><xocs:last-page>269</xocs:last-page></xocs:pages><xocs:cover-date-orig><xocs:start-date>201206</xocs:start-date></xocs:cover-date-orig><xocs:cover-date-text>June 2012</xocs:cover-date-text><xocs:cover-date-start>2012-06-01</xocs:cover-date-start><xocs:cover-date-end>2012-06-30</xocs:cover-date-end><xocs:cover-date-year>2012</xocs:cover-date-year><xocs:hub-sec><xocs:hub-sec-title>Papers</xocs:hub-sec-title></xocs:hub-sec><xocs:document-type>article</xocs:document-type><xocs:document-subtype>fla</xocs:document-subtype><xocs:copyright-line>Copyright © 2012 Elsevier Ltd.</xocs:copyright-line><xocs:normalized-article-title>INSITUOBSERVATIONOXIDATIONS32101DUPLEXSTAINLESSSTEEL900C</xocs:normalized-article-title><xocs:normalized-first-auth-surname>JEPSON</xocs:normalized-first-auth-surname><xocs:normalized-first-auth-initial>M</xocs:normalized-first-auth-initial><xocs:item-toc><xocs:item-toc-entry ref-elem="ce:sections"><xocs:item-toc-label>1</xocs:item-toc-label><xocs:item-toc-section-title>Introduction</xocs:item-toc-section-title></xocs:item-toc-entry><xocs:item-toc-entry ref-elem="ce:sections"><xocs:item-toc-label>2</xocs:item-toc-label><xocs:item-toc-section-title>Experimental procedure</xocs:item-toc-section-title></xocs:item-toc-entry><xocs:item-toc-entry ref-elem="ce:sections"><xocs:item-toc-label>3</xocs:item-toc-label><xocs:item-toc-section-title>Results</xocs:item-toc-section-title></xocs:item-toc-entry><xocs:item-toc-entry ref-elem="ce:sections"><xocs:item-toc-label>4</xocs:item-toc-label><xocs:item-toc-section-title>Discussion</xocs:item-toc-section-title></xocs:item-toc-entry><xocs:item-toc-entry ref-elem="ce:sections"><xocs:item-toc-label>5</xocs:item-toc-label><xocs:item-toc-section-title>Conclusions</xocs:item-toc-section-title></xocs:item-toc-entry><xocs:item-toc-entry ref-elem="ce:acknowledgment"><xocs:item-toc-section-title>Acknowledgements</xocs:item-toc-section-title></xocs:item-toc-entry><xocs:item-toc-entry ref-elem="ce:bibliography"><xocs:item-toc-section-title>References</xocs:item-toc-section-title></xocs:item-toc-entry></xocs:item-toc><xocs:references><xocs:ref-info refid="b0005"/><xocs:ref-info refid="b0010"><xocs:ref-normalized-surname>JEPSON</xocs:ref-normalized-surname><xocs:ref-pub-year>2009</xocs:ref-pub-year><xocs:ref-first-fp>588</xocs:ref-first-fp><xocs:ref-last-lp>594</xocs:ref-last-lp><xocs:ref-normalized-initial>M</xocs:ref-normalized-initial></xocs:ref-info><xocs:ref-info refid="b0015"><xocs:ref-normalized-surname>LI</xocs:ref-normalized-surname><xocs:ref-pub-year>1996</xocs:ref-pub-year><xocs:ref-first-fp>58</xocs:ref-first-fp><xocs:ref-last-lp>61</xocs:ref-last-lp><xocs:ref-normalized-initial>Y</xocs:ref-normalized-initial></xocs:ref-info><xocs:ref-info refid="b0020"><xocs:ref-normalized-surname>LI</xocs:ref-normalized-surname><xocs:ref-pub-year>2002</xocs:ref-pub-year><xocs:ref-first-fp>304</xocs:ref-first-fp><xocs:ref-last-lp>311</xocs:ref-last-lp><xocs:ref-normalized-initial>Y</xocs:ref-normalized-initial></xocs:ref-info><xocs:ref-info refid="b0025"><xocs:ref-normalized-surname>MUNTHER</xocs:ref-normalized-surname><xocs:ref-pub-year>1999</xocs:ref-pub-year><xocs:ref-first-fp>105</xocs:ref-first-fp><xocs:ref-last-lp>113</xocs:ref-last-lp><xocs:ref-normalized-initial>P</xocs:ref-normalized-initial></xocs:ref-info><xocs:ref-info refid="b0030"><xocs:ref-normalized-surname>TORRES</xocs:ref-normalized-surname><xocs:ref-pub-year>2000</xocs:ref-pub-year><xocs:ref-first-fp>258</xocs:ref-first-fp><xocs:ref-last-lp>263</xocs:ref-last-lp><xocs:ref-normalized-initial>M</xocs:ref-normalized-initial></xocs:ref-info><xocs:ref-info refid="b0035"><xocs:ref-normalized-surname>HIGGINSON</xocs:ref-normalized-surname><xocs:ref-pub-year>2006</xocs:ref-pub-year><xocs:ref-first-fp>1325</xocs:ref-first-fp><xocs:ref-last-lp>1332</xocs:ref-last-lp><xocs:ref-normalized-initial>R</xocs:ref-normalized-initial></xocs:ref-info><xocs:ref-info refid="b0040"><xocs:ref-normalized-surname>LI</xocs:ref-normalized-surname><xocs:ref-pub-year>2005</xocs:ref-pub-year><xocs:ref-first-fp>57</xocs:ref-first-fp><xocs:ref-last-lp>68</xocs:ref-last-lp><xocs:ref-normalized-initial>L</xocs:ref-normalized-initial></xocs:ref-info><xocs:ref-info refid="b0045"><xocs:ref-normalized-surname>CHEN</xocs:ref-normalized-surname><xocs:ref-pub-year>2003</xocs:ref-pub-year><xocs:ref-first-fp>433</xocs:ref-first-fp><xocs:ref-last-lp>468</xocs:ref-last-lp><xocs:ref-normalized-initial>R</xocs:ref-normalized-initial></xocs:ref-info><xocs:ref-info refid="b0050"><xocs:ref-normalized-surname>CHENG</xocs:ref-normalized-surname><xocs:ref-pub-year>2006</xocs:ref-pub-year><xocs:ref-first-fp>634</xocs:ref-first-fp><xocs:ref-last-lp>649</xocs:ref-last-lp><xocs:ref-normalized-initial>S</xocs:ref-normalized-initial></xocs:ref-info><xocs:ref-info refid="b0055"><xocs:ref-normalized-surname>OTSUKA</xocs:ref-normalized-surname><xocs:ref-pub-year>2004</xocs:ref-pub-year><xocs:ref-first-fp>121</xocs:ref-first-fp><xocs:ref-last-lp>139</xocs:ref-last-lp><xocs:ref-normalized-initial>N</xocs:ref-normalized-initial></xocs:ref-info><xocs:ref-info refid="b0060"><xocs:ref-normalized-surname>RIQUIER</xocs:ref-normalized-surname><xocs:ref-pub-year>2004</xocs:ref-pub-year><xocs:ref-first-fp>855</xocs:ref-first-fp><xocs:ref-last-lp>865</xocs:ref-last-lp><xocs:ref-normalized-initial>Y</xocs:ref-normalized-initial></xocs:ref-info><xocs:ref-info refid="b0065"><xocs:ref-normalized-surname>STOKKERS</xocs:ref-normalized-surname><xocs:ref-pub-year>1983</xocs:ref-pub-year><xocs:ref-first-fp>195</xocs:ref-first-fp><xocs:ref-normalized-initial>G</xocs:ref-normalized-initial></xocs:ref-info><xocs:ref-info refid="b0070"/><xocs:ref-info refid="b0075"><xocs:ref-normalized-surname>GUNN</xocs:ref-normalized-surname><xocs:ref-pub-year>1997</xocs:ref-pub-year><xocs:ref-normalized-initial>R</xocs:ref-normalized-initial><xocs:ref-normalized-srctitle>DUPLEXSTAINLESSSTEELS</xocs:ref-normalized-srctitle></xocs:ref-info><xocs:ref-info refid="b0080"><xocs:ref-normalized-surname>SUN</xocs:ref-normalized-surname><xocs:ref-pub-year>2000</xocs:ref-pub-year><xocs:ref-first-fp>167</xocs:ref-first-fp><xocs:ref-last-lp>174</xocs:ref-last-lp><xocs:ref-normalized-initial>S</xocs:ref-normalized-initial></xocs:ref-info><xocs:ref-info refid="b0085"/></xocs:references><xocs:attachment-metadata-doc><xocs:attachment-set-type>item</xocs:attachment-set-type><xocs:pii-formatted>S0010-938X(12)00116-3</xocs:pii-formatted><xocs:pii-unformatted>S0010938X12001163</xocs:pii-unformatted><xocs:eid>1-s2.0-S0010938X12001163</xocs:eid><xocs:doi>10.1016/j.corsci.2012.03.011</xocs:doi><xocs:cid>271639</xocs:cid><xocs:timestamp>2014-09-04T07:36:58.52016-04:00</xocs:timestamp><xocs:path>/271639/1-s2.0-S0010938X12X00052/1-s2.0-S0010938X12001163/</xocs:path><xocs:cover-date-start>2012-06-01</xocs:cover-date-start><xocs:cover-date-end>2012-06-30</xocs:cover-date-end><xocs:sponsored-access-type>UNLIMITED</xocs:sponsored-access-type><xocs:funding-body-id>NONE</xocs:funding-body-id><xocs:attachments><xocs:web-pdf><xocs:attachment-eid>1-s2.0-S0010938X12001163-main.pdf</xocs:attachment-eid><xocs:filename>main.pdf</xocs:filename><xocs:extension>pdf</xocs:extension><xocs:pdf-optimized>true</xocs:pdf-optimized><xocs:filesize>1678598</xocs:filesize><xocs:web-pdf-purpose>MAIN</xocs:web-pdf-purpose><xocs:web-pdf-page-count>7</xocs:web-pdf-page-count><xocs:web-pdf-images><xocs:web-pdf-image><xocs:attachment-eid>1-s2.0-S0010938X12001163-main_1.png</xocs:attachment-eid><xocs:filename>main_1.png</xocs:filename><xocs:extension>png</xocs:extension><xocs:filesize>137394</xocs:filesize><xocs:pixel-height>849</xocs:pixel-height><xocs:pixel-width>656</xocs:pixel-width><xocs:attachment-type>IMAGE-WEB-PDF</xocs:attachment-type><xocs:pdf-page-num>1</xocs:pdf-page-num></xocs:web-pdf-image></xocs:web-pdf-images></xocs:web-pdf><xocs:attachment><xocs:attachment-eid>1-s2.0-S0010938X12001163-gr6.jpg</xocs:attachment-eid><xocs:file-basename>gr6</xocs:file-basename><xocs:filename>gr6.jpg</xocs:filename><xocs:extension>jpg</xocs:extension><xocs:filesize>107985</xocs:filesize><xocs:pixel-height>748</xocs:pixel-height><xocs:pixel-width>577</xocs:pixel-width><xocs:attachment-type>IMAGE-DOWNSAMPLED</xocs:attachment-type></xocs:attachment><xocs:attachment><xocs:attachment-eid>1-s2.0-S0010938X12001163-gr5.jpg</xocs:attachment-eid><xocs:file-basename>gr5</xocs:file-basename><xocs:filename>gr5.jpg</xocs:filename><xocs:extension>jpg</xocs:extension><xocs:filesize>48799</xocs:filesize><xocs:pixel-height>335</xocs:pixel-height><xocs:pixel-width>378</xocs:pixel-width><xocs:attachment-type>IMAGE-DOWNSAMPLED</xocs:attachment-type></xocs:attachment><xocs:attachment><xocs:attachment-eid>1-s2.0-S0010938X12001163-gr4.jpg</xocs:attachment-eid><xocs:file-basename>gr4</xocs:file-basename><xocs:filename>gr4.jpg</xocs:filename><xocs:extension>jpg</xocs:extension><xocs:filesize>115972</xocs:filesize><xocs:pixel-height>672</xocs:pixel-height><xocs:pixel-width>489</xocs:pixel-width><xocs:attachment-type>IMAGE-DOWNSAMPLED</xocs:attachment-type></xocs:attachment><xocs:attachment><xocs:attachment-eid>1-s2.0-S0010938X12001163-gr3.jpg</xocs:attachment-eid><xocs:file-basename>gr3</xocs:file-basename><xocs:filename>gr3.jpg</xocs:filename><xocs:extension>jpg</xocs:extension><xocs:filesize>108096</xocs:filesize><xocs:pixel-height>605</xocs:pixel-height><xocs:pixel-width>528</xocs:pixel-width><xocs:attachment-type>IMAGE-DOWNSAMPLED</xocs:attachment-type></xocs:attachment><xocs:attachment><xocs:attachment-eid>1-s2.0-S0010938X12001163-gr2.jpg</xocs:attachment-eid><xocs:file-basename>gr2</xocs:file-basename><xocs:filename>gr2.jpg</xocs:filename><xocs:extension>jpg</xocs:extension><xocs:filesize>83654</xocs:filesize><xocs:pixel-height>495</xocs:pixel-height><xocs:pixel-width>375</xocs:pixel-width><xocs:attachment-type>IMAGE-DOWNSAMPLED</xocs:attachment-type></xocs:attachment><xocs:attachment><xocs:attachment-eid>1-s2.0-S0010938X12001163-gr1.jpg</xocs:attachment-eid><xocs:file-basename>gr1</xocs:file-basename><xocs:filename>gr1.jpg</xocs:filename><xocs:extension>jpg</xocs:extension><xocs:filesize>47765</xocs:filesize><xocs:pixel-height>185</xocs:pixel-height><xocs:pixel-width>592</xocs:pixel-width><xocs:attachment-type>IMAGE-DOWNSAMPLED</xocs:attachment-type></xocs:attachment><xocs:attachment><xocs:attachment-eid>1-s2.0-S0010938X12001163-gr6.sml</xocs:attachment-eid><xocs:file-basename>gr6</xocs:file-basename><xocs:filename>gr6.sml</xocs:filename><xocs:extension>sml</xocs:extension><xocs:filesize>5611</xocs:filesize><xocs:pixel-height>163</xocs:pixel-height><xocs:pixel-width>126</xocs:pixel-width><xocs:attachment-type>IMAGE-THUMBNAIL</xocs:attachment-type></xocs:attachment><xocs:attachment><xocs:attachment-eid>1-s2.0-S0010938X12001163-gr5.sml</xocs:attachment-eid><xocs:file-basename>gr5</xocs:file-basename><xocs:filename>gr5.sml</xocs:filename><xocs:extension>sml</xocs:extension><xocs:filesize>9134</xocs:filesize><xocs:pixel-height>164</xocs:pixel-height><xocs:pixel-width>185</xocs:pixel-width><xocs:attachment-type>IMAGE-THUMBNAIL</xocs:attachment-type></xocs:attachment><xocs:attachment><xocs:attachment-eid>1-s2.0-S0010938X12001163-gr4.sml</xocs:attachment-eid><xocs:file-basename>gr4</xocs:file-basename><xocs:filename>gr4.sml</xocs:filename><xocs:extension>sml</xocs:extension><xocs:filesize>6086</xocs:filesize><xocs:pixel-height>163</xocs:pixel-height><xocs:pixel-width>119</xocs:pixel-width><xocs:attachment-type>IMAGE-THUMBNAIL</xocs:attachment-type></xocs:attachment><xocs:attachment><xocs:attachment-eid>1-s2.0-S0010938X12001163-gr3.sml</xocs:attachment-eid><xocs:file-basename>gr3</xocs:file-basename><xocs:filename>gr3.sml</xocs:filename><xocs:extension>sml</xocs:extension><xocs:filesize>7780</xocs:filesize><xocs:pixel-height>164</xocs:pixel-height><xocs:pixel-width>143</xocs:pixel-width><xocs:attachment-type>IMAGE-THUMBNAIL</xocs:attachment-type></xocs:attachment><xocs:attachment><xocs:attachment-eid>1-s2.0-S0010938X12001163-gr2.sml</xocs:attachment-eid><xocs:file-basename>gr2</xocs:file-basename><xocs:filename>gr2.sml</xocs:filename><xocs:extension>sml</xocs:extension><xocs:filesize>5872</xocs:filesize><xocs:pixel-height>164</xocs:pixel-height><xocs:pixel-width>124</xocs:pixel-width><xocs:attachment-type>IMAGE-THUMBNAIL</xocs:attachment-type></xocs:attachment><xocs:attachment><xocs:attachment-eid>1-s2.0-S0010938X12001163-gr1.sml</xocs:attachment-eid><xocs:file-basename>gr1</xocs:file-basename><xocs:filename>gr1.sml</xocs:filename><xocs:extension>sml</xocs:extension><xocs:filesize>5372</xocs:filesize><xocs:pixel-height>68</xocs:pixel-height><xocs:pixel-width>219</xocs:pixel-width><xocs:attachment-type>IMAGE-THUMBNAIL</xocs:attachment-type></xocs:attachment></xocs:attachments></xocs:attachment-metadata-doc><xocs:refkeys><xocs:refkey3>JEPSONX2012X263</xocs:refkey3><xocs:refkey4lp>JEPSONX2012X263X269</xocs:refkey4lp><xocs:refkey4ai>JEPSONX2012X263XM</xocs:refkey4ai><xocs:refkey5>JEPSONX2012X263X269XM</xocs:refkey5></xocs:refkeys><xocs:open-access><xocs:oa-article-status is-open-access="1" is-open-archive="0">Full</xocs:oa-article-status><xocs:oa-access-effective-date>2013-07-16T19:12:25Z</xocs:oa-access-effective-date><xocs:oa-sponsor><xocs:oa-sponsor-type>Other</xocs:oa-sponsor-type></xocs:oa-sponsor><xocs:oa-user-license>http://creativecommons.org/licenses/by/3.0/</xocs:oa-user-license></xocs:open-access></xocs:meta><xocs:serial-item><article docsubtype="fla" xml:lang="en" version="5.1"><item-info><jid>CS</jid><aid>4822</aid><ce:pii>S0010-938X(12)00116-3</ce:pii><ce:doi>10.1016/j.corsci.2012.03.011</ce:doi><ce:copyright type="full-transfer" year="2012">Elsevier Ltd</ce:copyright></item-info><ce:floats><ce:figure id="f0005"><ce:label>Fig. 1</ce:label><ce:caption><ce:simple-para id="sp010" view="all">(a) Optical micrograph of the as-received material and (b) accompanying EBSD map showing the phase distribution.</ce:simple-para></ce:caption><ce:link locator="gr1"/></ce:figure><ce:figure id="f0010"><ce:label>Fig. 2</ce:label><ce:caption><ce:simple-para id="sp015" view="all">Secondary electron micrographs of (a) the surface oxide formed on <ce:inter-ref xlink:href="ncbi-n:S32101" xlink:type="simple">S32101</ce:inter-ref> with a 1<ce:hsp sp="0.25"/>μm surface finish at 700<ce:hsp sp="0.25"/>°C for 5<ce:hsp sp="0.25"/>min in laboratory air at 266<ce:hsp sp="0.25"/>Pa and (b) at higher magnification.</ce:simple-para></ce:caption><ce:link locator="gr2"/></ce:figure><ce:figure id="f0015"><ce:label>Fig. 3</ce:label><ce:caption><ce:simple-para id="sp020" view="all">Series of secondary electron images captured during in situ oxidation of the austenitic and ferrite regions of <ce:inter-ref xlink:href="ncbi-n:S32101" xlink:type="simple">S32101</ce:inter-ref> stainless steel in laboratory air at 266<ce:hsp sp="0.25"/>Pa at a temperature of 900<ce:hsp sp="0.25"/>°C after 10, 30, 70, 80<ce:hsp sp="0.25"/>min.</ce:simple-para></ce:caption><ce:link locator="gr3"/></ce:figure><ce:figure id="f0020"><ce:label>Fig. 4</ce:label><ce:caption><ce:simple-para id="sp025" view="all">Secondary electron micrograph (a) with accompanying EDS maps of (b) iron, (c) chromium, (and d) manganese of the oxidised interface between the underlying austenite and ferrite boundary of <ce:inter-ref xlink:href="ncbi-n:S32101" xlink:type="simple">S32101</ce:inter-ref> after in situ oxidation in an ESEM in laboratory air at a pressure of 266<ce:hsp sp="0.25"/>Pa and a final temperature of 900<ce:hsp sp="0.25"/>°C.</ce:simple-para></ce:caption><ce:link locator="gr4"/></ce:figure><ce:figure id="f0025"><ce:label>Fig. 5</ce:label><ce:caption><ce:simple-para id="sp030" view="all">Ion-induced secondary electron micrograph of a cross-section of the oxide produced on the interface of an austenite/ferrite phase boundary in <ce:inter-ref xlink:href="ncbi-n:S32101" xlink:type="simple">S32101</ce:inter-ref> after in situ oxidation in an ESEM in laboratory air at 266<ce:hsp sp="0.25"/>Pa and at a final temperature of 900<ce:hsp sp="0.25"/>°C (a) showing the trench and (b) a high magnification micrograph of the phase boundary.</ce:simple-para></ce:caption><ce:link locator="gr5"/></ce:figure><ce:figure id="f0030"><ce:label>Fig. 6</ce:label><ce:caption><ce:simple-para id="sp035" view="all">(a) Bright field transmission electron micrograph with accompanying EDS maps for (b) iron, (c) chromium, (and d) manganese of a cross-section of the oxide produced on the interface of an austenite/ferrite phase boundary in <ce:inter-ref xlink:href="ncbi-n:S32101" xlink:type="simple">S32101</ce:inter-ref> after in situ oxidation in an ESEM in laboratory air at 266<ce:hsp sp="0.25"/>Pa and at a final temperature of 900<ce:hsp sp="0.25"/>°C.</ce:simple-para></ce:caption><ce:link locator="gr6"/></ce:figure><ce:table frame="topbot" id="t0005" rowsep="0" colsep="0" xmlns="http://www.elsevier.com/xml/common/cals/dtd"><ce:label>Table 1</ce:label><ce:caption><ce:simple-para id="sp040" view="all">Nominal composition of <ce:inter-ref xlink:href="ncbi-n:S32101" xlink:type="simple">S32101</ce:inter-ref> duplex stainless steel.</ce:simple-para></ce:caption><tgroup cols="8"><colspec colname="col1" align="left"/><colspec colname="col2" align="left"/><colspec colname="col3" align="left"/><colspec colname="col4" align="left"/><colspec colname="col5" align="left"/><colspec colname="col6" align="left"/><colspec colname="col7" align="left"/><colspec colname="col8" align="left"/><thead><row rowsep="1" valign="top"><entry xmlns="http://www.elsevier.com/xml/common/dtd">Element</entry><entry xmlns="http://www.elsevier.com/xml/common/dtd">Cr</entry><entry xmlns="http://www.elsevier.com/xml/common/dtd">Ni</entry><entry xmlns="http://www.elsevier.com/xml/common/dtd">Mo</entry><entry xmlns="http://www.elsevier.com/xml/common/dtd">Mn</entry><entry xmlns="http://www.elsevier.com/xml/common/dtd">C</entry><entry xmlns="http://www.elsevier.com/xml/common/dtd">N</entry><entry xmlns="http://www.elsevier.com/xml/common/dtd">Si</entry></row></thead><tbody><row valign="top"><entry xmlns="http://www.elsevier.com/xml/common/dtd">wt.%</entry><entry xmlns="http://www.elsevier.com/xml/common/dtd">21.50</entry><entry xmlns="http://www.elsevier.com/xml/common/dtd">1.50</entry><entry xmlns="http://www.elsevier.com/xml/common/dtd">0.30</entry><entry xmlns="http://www.elsevier.com/xml/common/dtd">5.00</entry><entry xmlns="http://www.elsevier.com/xml/common/dtd">0.03</entry><entry xmlns="http://www.elsevier.com/xml/common/dtd">0.22</entry><entry xmlns="http://www.elsevier.com/xml/common/dtd">0.6</entry></row></tbody></tgroup></ce:table></ce:floats><head><ce:title>In situ observation of the oxidation of S32101 duplex stainless steel at 900<ce:hsp sp="0.25"/>°C</ce:title><ce:author-group><ce:author><ce:given-name>M.A.E.</ce:given-name><ce:surname>Jepson</ce:surname><ce:cross-ref refid="fn1"><ce:sup loc="post">1</ce:sup></ce:cross-ref><ce:e-address type="email">M.A.E.Jepson@lboro.ac.uk</ce:e-address></ce:author><ce:author><ce:given-name>R.L.</ce:given-name><ce:surname>Higginson</ce:surname><ce:cross-ref refid="cor1"><ce:sup loc="post">⁎</ce:sup></ce:cross-ref><ce:e-address type="email">R.L.Higginson@lboro.ac.uk</ce:e-address></ce:author><ce:affiliation><ce:textfn>Department of Materials, Loughborough University, Loughborough, Leicestershire LE11 3TU, United Kingdom</ce:textfn></ce:affiliation><ce:correspondence id="cor1"><ce:label>⁎</ce:label><ce:text>Corresponding author. Tel.: +44 1509 223161; fax: +44 1509 223949.</ce:text></ce:correspondence><ce:footnote id="fn1"><ce:label>1</ce:label><ce:note-para>Tel.: +44 1509 223169.</ce:note-para></ce:footnote></ce:author-group><ce:date-received day="31" month="1" year="2012"/><ce:date-accepted day="3" month="3" year="2012"/><ce:abstract class="graphical" xml:lang="en"><ce:abstract-sec><ce:section-title>Highlights</ce:section-title><ce:simple-para id="sp045" view="all">► The oxidation of duplex stainless steel has been studied in situ using an ESEM. ► Different oxide structures and morphologies form on the different phases. ► Enhanced oxidation due to Mn diffusion on phase boundaries is observed. ► TEM cross-section analysis of oxide microstructure and chemistry is presented.</ce:simple-para></ce:abstract-sec></ce:abstract><ce:abstract class="author" xml:lang="en"><ce:section-title>Abstract</ce:section-title><ce:abstract-sec><ce:simple-para id="sp005" view="all">Duplex stainless steel exhibits a dual phase microstructure of austenite islands in a ferrite matrix. The oxidation characteristics of the phases depend on the composition within them. High temperature, in situ SEM observation of the growing oxide on a duplex stainless steel has shown differences in the morphologies of the oxide on the two phases. Cross-sections through the oxide, and at phase boundaries reveal that the structures and thicknesses of the oxides on the two phases differ and that there is enhanced oxide growth at the phase boundary which may be due to enhanced diffusion of manganese.</ce:simple-para></ce:abstract-sec></ce:abstract><ce:keywords class="keyword"><ce:section-title>Keywords</ce:section-title><ce:keyword><ce:text>A. Stainless steel</ce:text></ce:keyword><ce:keyword><ce:text>B. SEM</ce:text></ce:keyword><ce:keyword><ce:text>B. TEM</ce:text></ce:keyword><ce:keyword><ce:text>C. Oxidation</ce:text></ce:keyword></ce:keywords></head><body view="all"><ce:sections><ce:section id="s0005" view="all"><ce:label>1</ce:label><ce:section-title>Introduction</ce:section-title><ce:para id="p0005" view="all">There is currently a growing interest in the production and use of duplex stainless steel, which are often lower in Ni content than austenitic grades, due to the high cost of using Ni as an alloying element. These alloys have corrosion resistance similar to that of standard austenitic grades as well as good mechanical properties <ce:cross-ref refid="b0005">[1]</ce:cross-ref>. The microstructure of duplex stainless steels is made up of austenite and ferrite the amount of which is dependent on the chemical composition of the alloy and any heat treatments that the material may have experienced. This dual phase structure complicates the oxidation characteristics of these metals as each phase shows different oxide microstructures and growth kinetics due to their differing chemistries and crystal structures <ce:cross-ref refid="b0010">[2]</ce:cross-ref>.</ce:para><ce:para id="p0010" view="all">During manufacture, stainless steel is continuously cast to produce slab, bloom or billet. After the casting operation the metal is then reheated to a temperature suitable for hot forming processes such as rolling (usually in excess of 1200<ce:hsp sp="0.25"/>°C). During reheat, the metal is exposed to oxidising conditions which cause a thick oxide layer to form. In order to ensure an acceptable surface finish is achieved on the final cold rolled product, this oxide scale must be removed using mechanical de-scaling methods such as the application of high pressure water jets prior to hot rolling. If any of the oxide scale remains on the surface during rolling then it can cause defects to be produced in the metal, roughening of the hot rolls and uneven heat transfer during the rolling process <ce:cross-refs refid="b0015 b0020 b0025 b0030">[3–6]</ce:cross-refs>. These oxide scales have been shown to be highly complex and dependant on the metal composition, oxidation atmosphere, temperatures and oxidation time <ce:cross-refs refid="b0035 b0040">[7,8]</ce:cross-refs>. Oxides formed on mild and low alloyed steels are relatively straight forward <ce:cross-refs refid="b0035 b0045">[7,9]</ce:cross-refs>. Those formed on steels alloyed with other elements such as Ni, Cr, etc. however, produce a far more complex system. Studies of the oxidation of austenitic stainless steels are numerous and show that oxides produced on these systems generally produce a multi-layered oxide structure <ce:cross-refs refid="b0035 b0050 b0055">[7,10,11]</ce:cross-refs> however, studies of the oxidation of duplex grades show that the oxide scales formed tend to be nodular in nature with oxide nodules formed on the austenitic regions and a more uniform base oxide forming on the ferrite regions <ce:cross-refs refid="b0010 b0040 b0060">[2,8,12]</ce:cross-refs>. Although the oxides produced on duplex grades after extended oxidation periods have been studied, the oxidation during the initial stages of oxidation is less well known.</ce:para><ce:para id="p0015" view="all">A number of methods for the study of early stage oxidation have previously been attempted including the application of techniques such as Auger Electron Spectroscopy (AES) and Secondary Ion Mass Spectrometry (SIMS) to examine oxides produced after short oxidation periods <ce:cross-ref refid="b0065">[13]</ce:cross-ref>. These techniques have been applied to thin oxides which have been grown ex-situ which means they have undergone a cooling sequence and have been exposed to air outside of the oxidation reaction. Environmental Scanning Electron Microscopy (ESEM) allows the imaging of a sample in a gaseous environment (rather than the usual vacuum) and also provides the option of heating a sample in this gaseous environment. This means that the process of oxidation can be directly observed (albeit in an atmosphere with reduced gas pressure). The work presented in this paper builds on previous studies of oxide scales grown after long times at high temperature <ce:cross-refs refid="b0010 b0035">[2,7]</ce:cross-refs> by focussing on the early stages of oxidation. It is hoped that work such as this will aid in the understanding of how the early stages of oxidation relate to the underlying phase distribution in duplex stainless steels and help broaden the knowledge of how early stage oxide scales affect the growth of industrial reheat oxides.</ce:para></ce:section><ce:section id="s0010" view="all"><ce:label>2</ce:label><ce:section-title>Experimental procedure</ce:section-title><ce:para id="p0020" view="all">The initial material was a continuously cast <ce:inter-ref xlink:href="ncbi-n:S32101" xlink:type="simple">S32101</ce:inter-ref> duplex stainless steel with the nominal composition shown in <ce:cross-ref refid="t0005">Table 1</ce:cross-ref><ce:float-anchor refid="t0005"/>. All of the samples studied were taken from a slab specimen at a distance from the surface sufficient to negate any effects of industrial surface preparation. Samples for optical microscopy and Electron Backscatter Diffraction (EBSD) were mounted in conducting Bakelite and ground and polished using standard techniques finishing with a prolonged polish (at least 20<ce:hsp sp="0.25"/>min) using colloidal silica solution. The oxidised samples were examined using a LEO 1530VP Field Emission Gun Scanning Electron Microscope (FEGSEM) equipped with an EDAX TSL Pegasus EBSD system with the capability of simultaneous Energy Dispersive X-ray Spectroscopy (EDS) data collection.</ce:para><ce:para id="p0025" view="all">In situ oxidation, experiments were carried out using 3<ce:hsp sp="0.25"/>mm diameter discs with one surface ground and polished to a 1<ce:hsp sp="0.25"/>μm diamond finish. The 3<ce:hsp sp="0.25"/>mm discs were then oxidised in a Philips XL-30 FEG ESEM with a hot stage attachment. The oxidising atmosphere used was laboratory air at a pressure of 266<ce:hsp sp="0.25"/>Pa. During the experiment, the sample was observed and imaged using a primary beam energy of 20<ce:hsp sp="0.25"/>kV and an Everhart–Thornley secondary electron detector. The sample was heated at a rate of 100<ce:hsp sp="0.25"/>°C/min to a temperature of 700<ce:hsp sp="0.25"/>°C and held at this temperature for 8<ce:hsp sp="0.25"/>min to stabilise the stage and the microscope. The sample was then heated to a final temperature of 900<ce:hsp sp="0.25"/>°C at the same heating rate. The total time of exposure of the sample was 120<ce:hsp sp="0.25"/>min before cooling to room temperature by turning off the heating coils. The samples were then examined in the LEO 1530VP FEGSEM with chemical information gathered using EDS. Cross-sections and Transmission Electron Microscope (TEM) samples were produced using a dual beam FEI Nova Nanolab 600 for Focused Ion Beam (FIB) milling perpendicular to the phase boundaries to determine their influence on the oxide development and imaged using a Jeol 2000FX W-filament TEM. EDS maps of the TEM samples were collected using the Nanolab 600 with a Scanning TEM (STEM) detector and an EDAX Genesis EDS system at an accelerating voltage of 30<ce:hsp sp="0.25"/>kV.</ce:para></ce:section><ce:section id="s0015" view="all"><ce:label>3</ce:label><ce:section-title>Results</ce:section-title><ce:para id="p0030" view="all"><ce:cross-ref refid="f0005">Fig. 1</ce:cross-ref><ce:float-anchor refid="f0005"/> shows an optical micrograph of the as cast structure as well as an EBSD map of phase distribution. The microstructure consists of islands of austenite within a ferrite matrix such that there are large matrix grains of ferrite with individual grains of austenite within them with an austenite:ferrite ratio of ∼50:50.</ce:para><ce:para id="p0035" view="all"><ce:cross-ref refid="f0010">Fig. 2</ce:cross-ref><ce:float-anchor refid="f0010"/>(a) is a secondary electron image of the surface taken after heating to 700<ce:hsp sp="0.25"/>°C at a rate of 100<ce:hsp sp="0.25"/>°C<ce:hsp sp="0.25"/>min<ce:sup loc="post">−1</ce:sup> and a hold at 700<ce:hsp sp="0.25"/>°C for 5<ce:hsp sp="0.25"/>min. Even after this short time and low temperature of oxidation there is a clear contrast difference between the oxides formed on each phase. The oxide formed on the austenite regions have a lower image intensity than the bright oxide formed on the ferrite regions. At higher magnification <ce:cross-ref refid="f0010">Fig. 2</ce:cross-ref>(b), the oxide produced on the ferrite regions appears fibrous with the oxide on the austenite region almost featureless. In addition to this apparent difference in oxide between the phases, there exists a band of oxide within the austenite regions at a distance of approximately 1–2<ce:hsp sp="0.25"/>μm from the phase boundary which is similar in appearance to the oxide formed on the ferrite phase. This band of oxide is present in all the austenite islands visible within <ce:cross-ref refid="f0010">Fig. 2</ce:cross-ref>(a).</ce:para><ce:para id="p0040" view="all">At the target temperature of 900<ce:hsp sp="0.25"/>°C, electron micrographs were taken of the oxide formed on an austenite and ferrite region on either side of a phase boundary every ∼10<ce:hsp sp="0.25"/>min. Selected images are shown in <ce:cross-ref refid="f0015">Fig. 3</ce:cross-ref><ce:float-anchor refid="f0015"/> for times of ∼10, 30, 70 and 80<ce:hsp sp="0.25"/>min at 900<ce:hsp sp="0.25"/>°C. On the austenite side of the boundary the initial oxide appears to have a dark base onto which a number of small facetted, brighter contrast oxide crystals have nucleated at discrete sites distributed over the surface. To the right of the image is a small oval shaped feature which was selected due to its similarity to oxide nodules which have been shown to form on these grades <ce:cross-refs refid="b0060 b0070">[12,14]</ce:cross-refs>. After the longest oxidation time, the surface is almost entirely covered by the facetted oxide crystals although they do not appear to form a continuous film. Instead there are gaps between them where they have not impinged on one another. On the ferrite side of the boundary the oxide is more homogeneous than on the austenite side. Although it is still possible to distinguish individual oxide crystals, these appear to be more sintered with no underlying oxide visible and the surface considerably flatter than on the austenite side. As expected, there is an increase in the crystal size with time; however, the morphology of the crystals does not change.</ce:para><ce:para id="p0050" view="all"><ce:cross-ref refid="f0020">Fig. 4</ce:cross-ref><ce:float-anchor refid="f0020"/>(a) shows a low magnification secondary electron micrograph of an interface between an austenite and ferrite grain after oxidation and cooling to room temperature. This was selected due to its proximity to the areas shown in <ce:cross-ref refid="f0015">Fig. 3</ce:cross-ref> (indicated by the boxes in <ce:cross-ref refid="f0020">Fig. 4</ce:cross-ref>). There are clear differences between the appearance of the oxides produced on either side of the interface. There is a region of enhanced oxide growth at the phase boundary which is visible due to the oxide grains being brighter in contrast than the surrounding oxide. The crystals along the phase boundary also appear facetted and are, in general, larger than those on both the austenite and ferrite regions. <ce:cross-ref refid="f0020">Fig. 4</ce:cross-ref>(b–d) shows the corresponding EDS maps for Fe, Cr and Mn respectively, over the area shown in <ce:cross-ref refid="f0020">Fig. 4</ce:cross-ref>(a). The maps reveal that the chemistries of the oxide from each region vary. There is a higher Fe count on the austenite region which extends to the ferrite edge of the enhanced growth region over the boundary. Cr is present to either side of the boundary with an increased count in specific areas of the austenite region which correspond to the areas where the underlying oxide is visible in <ce:cross-ref refid="f0020">Fig. 4</ce:cross-ref>(a), with areas where facetted oxides have formed showing a lower Cr count. The oxide formed at the boundary is lacking in Cr, particularly where the large grains have formed. The EDS taken from this specimen type i.e. from a planar view, should be treated with some degree of scepticism. The fact that both the Fe and the Cr (the major constituents of the underlying alloy) are enriched in the thinner parts of the oxide (i.e. the areas lacking large facetted grains) means that it may be an effect of the volume sampled by EDS. Mn reveals a pattern contrary to that of Cr with an overall enhancement of Mn on the ferrite side of the boundary and within the oxides formed at the phase boundary. As Mn is not a major constituent of the alloy (present only to a value of ∼5<ce:hsp sp="0.25"/>wt.%), and little Fe or Cr is observed in the oxide on the ferrite region, it can be assumed that this is a true result. The facetted oxides of the austenite region are also Mn enriched with the remainder of the oxide on the austenite region lacking in Mn.</ce:para><ce:para id="p0055" view="all">In order to gain a greater understanding of the chemical make-up and the relationship between the oxide formed and the underlying microstructure a cross-section was prepared by the use of FIB-milling. <ce:cross-ref refid="f0025">Fig. 5</ce:cross-ref><ce:float-anchor refid="f0025"/> shows an Ion induced Secondary Electron Micrograph (ISEM) of the FIB-milled cross-section through the underlying phase boundary. Due to the geometry within the microscope, the image is taken at a stage tilt of 52° which means that much of the oxidised surface is also visible. In order to protect the top surface of the specimen from damage during milling, a layer of Pt was deposited. This protective layer can be seen as an additional layer in the cross-section as indicated in <ce:cross-ref refid="f0025">Fig. 5</ce:cross-ref>(b). The large bright grain visible towards the top of the image in <ce:cross-ref refid="f0025">Fig. 5</ce:cross-ref>(a) is not an oxide crystal; instead it is a result of the deposition of Pt onto a rough surface and, as such, should not be mistaken for an oxide feature. The oxide formed is visible in the cross-section and is clearly indicated by the labels in <ce:cross-ref refid="f0025">Fig. 5</ce:cross-ref>(b). The enhanced oxide growth over the boundary is evident and there is a clear difference in both the thickness and the morphology of the oxide to either side of the boundary. The interface between the oxide and the ferrite grain is flat whereas that on the austenite grain is more uneven with a large number of asperities present. The oxide on the ferrite grain is made up of two discrete layers, as shown by the contrast in the ion image, whereas that on the austenite grain is more mixed and porous in nature showing no clear layered structure. At higher magnification, <ce:cross-ref refid="f0025">Fig. 5</ce:cross-ref>(b), there is a void where the phase boundary (indicated by the dashed line) meets the oxide layer.</ce:para><ce:para id="p0060" view="all"><ce:cross-ref refid="f0030">Fig. 6</ce:cross-ref><ce:float-anchor refid="f0030"/> shows a bright field TEM micrograph and accompanying EDS maps of the thin foil produced by FIB milling of the cross-section shown in <ce:cross-ref refid="f0025">Fig. 5</ce:cross-ref>. It should be noted that the specimen used for the TEM micrograph shown in <ce:cross-ref refid="f0030">Fig. 6</ce:cross-ref> was produced after the cross-section and represents the same area as <ce:cross-ref refid="f0025">Fig. 5</ce:cross-ref>. The oxide formed on the austenite region is ∼0.8–1<ce:hsp sp="0.25"/>μm thick, porous and consists of grains of varying sizes. This oxide has no discernable discrete layers which means that it can be described as a single mixed-oxide layer. EDS of this layer, however, shows that there is a chemical gradient within the oxide with Mn rich oxides towards the top of the scale and Cr rich oxides with small amounts of Si (not shown in the EDS maps) and Fe towards the bottom of the scale with the general formulae of M<ce:inf loc="post">2</ce:inf>O<ce:inf loc="post">3</ce:inf> (where M is Fe, Cr and Mn). The oxide formed on the ferrite region is pore free, measures ∼1.5<ce:hsp sp="0.25"/>μm and consists of two physically different layers: a fine-grained region towards the substrate, appearing as a dark layer on the ISEM in <ce:cross-ref refid="f0025">Fig. 5</ce:cross-ref>(b), and a coarser grained oxide on the outer surface. EDS of the oxide reveals that the top layer is predominantly a Mn rich oxide (probably MnO) with a small amount of Fe (∼5<ce:hsp sp="0.25"/>at.%), an Fe rich layer (which appears brighter in the ISEM image in <ce:cross-ref refid="f0025">Fig. 5</ce:cross-ref>) and a mixed Cr and Mn oxide (CrMn<ce:inf loc="post">2</ce:inf>O<ce:inf loc="post">3</ce:inf>) towards the substrate. The oxide formed over the interface between the austenite and ferrite consists of one large oxide grain upon a layer of fine oxide grains, position A in <ce:cross-ref refid="f0030">Fig. 6</ce:cross-ref>. EDS has shown that the large oxide grain on the surface is manganese oxide (MnO).</ce:para></ce:section><ce:section id="s0020" view="all"><ce:label>4</ce:label><ce:section-title>Discussion</ce:section-title><ce:para id="p0065" view="all">The results from this experiment clearly show that there are differences between the oxides produced on the austenite and ferrite regions of the underlying alloy. It has been shown previously that differences in oxide also exist between the phases after prolonged oxidation of duplex stainless steels <ce:cross-refs refid="b0010 b0040 b0060 b0070">[2,8,12,14]</ce:cross-refs>. As shown in <ce:cross-refs refid="f0025 f0030">Figs. 5 and 6</ce:cross-refs>, the oxide produced in the ESEM is thicker and more compact on the ferrite side of the phase boundary when compared to the austenite region. It was shown previously that this configuration of oxide thickness persists until local breakaway oxidation on the austenite phase regions commences <ce:cross-ref refid="b0010">[2]</ce:cross-ref> and causes the eventual formation of oxide nodules. This arrangement is indicative of a difference in oxidation rate between the crystallographic phases of ferrite (body centred cubic) and austenite (face centred cubic). This difference may be attributable to differences in the chemistry between the underlying phases together with differing diffusion rates between them of some (or all) of the elements. For example, it is known that diffusion rates of some elements are faster in ferrite than austenite <ce:cross-ref refid="b0075">[15]</ce:cross-ref> and in particular the diffusion of Mn, which is present in the oxide of both phases, is three orders of magnitude faster in ferrite with a calculated coefficient of 2.31<ce:hsp sp="0.25"/>×<ce:hsp sp="0.25"/>10<ce:sup loc="post">−13</ce:sup><ce:hsp sp="0.25"/>cm<ce:sup loc="post">2</ce:sup><ce:hsp sp="0.12"/>s<ce:sup loc="post">−1</ce:sup> in ferrite and 7.12<ce:hsp sp="0.25"/>×<ce:hsp sp="0.25"/>10<ce:sup loc="post">−16</ce:sup><ce:hsp sp="0.25"/>cm<ce:sup loc="post">2</ce:sup><ce:hsp sp="0.12"/>s<ce:sup loc="post">−1</ce:sup> in austenite <ce:cross-ref refid="b0080">[16]</ce:cross-ref>. As oxidation is a diffusion based process, this means that, at a particular temperature, formation of a unit of an oxide on the ferrite region would occur at a faster rate than the formation of the same unit of oxide on the austenite region. It is assumed that similar diffusion rate differences apply to other elements such as Cr. After the short period of oxidation time and at the relatively low temperatures and pressure applied during this experiment, the differences in oxidation rate have the effect of producing oxides of two clearly different morphologies. As shown in <ce:cross-refs refid="f0025 f0030">Figs. 5 and 6</ce:cross-refs>, the austenite region has a thin and porous oxide which appears underdeveloped whereas the oxide on the ferrite region is thicker and denser.</ce:para><ce:para id="p0070" view="all">One implication of the observed differences in oxide density is that the oxide formed on the austenite region may have less of a protective nature than the oxide formed on the ferrite phase. The formation of a dense, impenetrable oxide layer prevents the ingress of O to the metal’s surface thus protecting the metal from catastrophic oxidation. As the density and the thickness of the oxide on the austenite region varies, it can be suggested that it may not be as protective as the dense and apparently sintered oxide formed on the ferrite phase and, therefore may contribute to the catastrophic local breakaway oxidation observed after prolonged oxidation of these duplex stainless steels <ce:cross-ref refid="b0010">[2]</ce:cross-ref>.</ce:para><ce:para id="p0075" view="all">In addition to the different oxides formed on the phases within the material, it is evident from <ce:cross-refs refid="f0015 f0025 f0030">Figs. 3, 5 and 6</ce:cross-refs> that there is enhanced oxide growth at the phase boundaries within the material. Grain and phase boundaries act as pathways for increased diffusion which contributes to enhanced oxidation at the phase boundaries producing the larger oxide grains observed. The oxide scales observed over the phase boundaries are of the structure shown in <ce:cross-ref refid="f0030">Fig. 6</ce:cross-ref> where a large grain of Mn rich oxide has formed on top of a Cr rich oxide. This increased formation of Mn rich oxide can be explained by the presence of a Mn enriched region within the ferrite adjacent to the phase boundary caused by the process of Mn partitioning due to the super-saturation of the ferrite phase as described by Sun and Pugh <ce:cross-ref refid="b0080">[16]</ce:cross-ref>.</ce:para><ce:para id="p0080" view="all">In the region of the phase boundaries shown in <ce:cross-ref refid="f0010">Fig. 2</ce:cross-ref> (after the preliminary stages of oxidation) there exists a small band of enhanced oxide growth within the austenite phase which is at a distance of ∼1–2<ce:hsp sp="0.25"/>μm from the apparent boundary position. This phenomenon is observable in all the austenite phase regions present in <ce:cross-ref refid="f0010">Fig. 2</ce:cross-ref>(a). The mechanism of formation of this feature is unclear, however, it has been suggested that the boundary between the ferrite and austenite phases within a 2.5<ce:hsp sp="0.25"/>wt.% Mn duplex stainless steel is mobile due to a phase transformation to austenite upon heating <ce:cross-ref refid="b0080">[16]</ce:cross-ref>. This suggests, therefore that the band of enhanced oxide growth observed within the austenite region is the original location of the austenite/ferrite phase boundary. As the speed of the phase boundary motion will increase with increasing temperature, it is reasonable to suggest that the band of oxide initially formed at a temperature insufficiently high to cause rapid phase boundary motion, but high enough to cause initial oxidation. This could have produced the effect observed where the band is separated from the final boundary position by a region of reduced oxide growth. The effect of this phase boundary motion on oxidation at industrial reheat temperatures requires further investigation.</ce:para><ce:para id="p0085" view="all">The oxidation of duplex stainless steels under more oxidising environments (i.e. higher gaseous partial pressures at higher temperature and/or longer times) has been shown to produce nodular oxides which form on the austenite phase of the alloy <ce:cross-refs refid="b0010 b0040 b0060">[2,8,12]</ce:cross-refs> or in the region of phase/grain boundaries in the substrate <ce:cross-refs refid="b0070 b0085">[14,17]</ce:cross-refs> and a more even oxide on the ferrite region. The results presented here demonstrate that these differences in oxide growth observed after long periods of oxidation of duplex stainless steels have their origin during the early stages of oxidation. Further investigation of the oxidation of stainless steel using high temperature in situ observation will elucidate the mechanism of nodule formation during high temperature processing of duplex stainless steels and help to reduce the effect of oxidation on the quality of final rolled steel product.</ce:para></ce:section><ce:section id="s0025" view="all"><ce:label>5</ce:label><ce:section-title>Conclusions</ce:section-title><ce:para id="p0090" view="all">The initial stages of oxidation of a duplex stainless steel have been studied using in situ SEM oxidation experiments. There is a clear difference in both the morphology and growth of the oxide on the constituent phases; the oxide on austenite is granular whereas the oxide on the ferrite phase is more homogeneous and sintered in appearance producing a dense scale. Surface EDS has shown that the oxide on the austenite is rich in Fe and Cr with Mn present in the larger angular grains. TEM/EDS has shown that the oxides on both phases consists of an outer layer of MnO an inner layer of CrMn<ce:inf loc="post">2</ce:inf>O<ce:inf loc="post">3</ce:inf>, with the ferrite showing an intermediate Fe rich layer. There is an enhancement of oxide growth over the phase boundary of MnO which may be due to both an increased Mn content within the vicinity of the phase boundary and an increased diffusion rate of manganese along the phase boundary to the sample’s surface.</ce:para></ce:section></ce:sections><ce:acknowledgment><ce:section-title>Acknowledgements</ce:section-title><ce:para id="p0095" view="all">The authors would like to express thanks to the <ce:grant-sponsor id="GS1" xlink:type="simple" xlink:role="http://www.elsevier.com/xml/linking-roles/grant-sponsor">Outokumpu Stainless UK Research Foundation</ce:grant-sponsor> and the <ce:grant-sponsor id="GS2" xlink:type="simple" xlink:role="http://www.elsevier.com/xml/linking-roles/grant-sponsor">Engineering and Physical Sciences Research Council (EPSRC)</ce:grant-sponsor> for funding this work and to Dr. Mudith Karunaratne from Loughborough University for useful discussion.</ce:para></ce:acknowledgment></body><tail view="all"><ce:bibliography id="bi0005" view="all"><ce:section-title>References</ce:section-title><ce:bibliography-sec id="bs0005"><ce:bib-reference id="b0005"><ce:label>[1]</ce:label><ce:other-ref><ce:textref>M. Liljas, 80<ce:hsp sp="0.25"/>years with duplex stainless steel. A historical review and prospects for the future, in: Proc. 6th European Stainless Steel Conference, Helsinki, Finland, 2008.</ce:textref></ce:other-ref></ce:bib-reference><ce:bib-reference id="b0010"><ce:label>[2]</ce:label><sb:reference><sb:contribution langtype="en"><sb:authors><sb:author><ce:given-name>M.A.E.</ce:given-name><ce:surname>Jepson</ce:surname></sb:author><sb:author><ce:given-name>R.L.</ce:given-name><ce:surname>Higginson</ce:surname></sb:author></sb:authors><sb:title><sb:maintitle>The influence of microstructure on the oxidation of duplex stainless steels in simulated propane combustion products at 1000<ce:hsp sp="0.25"/>°C</sb:maintitle></sb:title></sb:contribution><sb:host><sb:issue><sb:series><sb:title><sb:maintitle>Corros. Sci.</sb:maintitle></sb:title><sb:volume-nr>51</sb:volume-nr></sb:series><sb:date>2009</sb:date></sb:issue><sb:pages><sb:first-page>588</sb:first-page><sb:last-page>594</sb:last-page></sb:pages></sb:host></sb:reference></ce:bib-reference><ce:bib-reference id="b0015"><ce:label>[3]</ce:label><sb:reference><sb:contribution langtype="en"><sb:authors><sb:author><ce:given-name>Y.H.</ce:given-name><ce:surname>Li</ce:surname></sb:author><sb:author><ce:given-name>C.M.</ce:given-name><ce:surname>Sellars</ce:surname></sb:author></sb:authors><sb:title><sb:maintitle>Evaluation of interfacial heat transfer and its effects on hot forming processes</sb:maintitle></sb:title></sb:contribution><sb:host><sb:issue><sb:series><sb:title><sb:maintitle>Ironmaking Steelmaking</sb:maintitle></sb:title><sb:volume-nr>23</sb:volume-nr></sb:series><sb:date>1996</sb:date></sb:issue><sb:pages><sb:first-page>58</sb:first-page><sb:last-page>61</sb:last-page></sb:pages></sb:host></sb:reference></ce:bib-reference><ce:bib-reference id="b0020"><ce:label>[4]</ce:label><sb:reference><sb:contribution langtype="en"><sb:authors><sb:author><ce:given-name>Y.H.</ce:given-name><ce:surname>Li</ce:surname></sb:author><sb:author><ce:given-name>C.M.</ce:given-name><ce:surname>Sellars</ce:surname></sb:author></sb:authors><sb:title><sb:maintitle>Cracking and deformation of surface scale during hot rolling of steel</sb:maintitle></sb:title></sb:contribution><sb:host><sb:issue><sb:series><sb:title><sb:maintitle>Mater. Sci. Technol.</sb:maintitle></sb:title><sb:volume-nr>18</sb:volume-nr></sb:series><sb:date>2002</sb:date></sb:issue><sb:pages><sb:first-page>304</sb:first-page><sb:last-page>311</sb:last-page></sb:pages></sb:host></sb:reference></ce:bib-reference><ce:bib-reference id="b0025"><ce:label>[5]</ce:label><sb:reference><sb:contribution langtype="en"><sb:authors><sb:author><ce:given-name>P.A.</ce:given-name><ce:surname>Munther</ce:surname></sb:author><sb:author><ce:given-name>J.G.</ce:given-name><ce:surname>Lenard</ce:surname></sb:author></sb:authors><sb:title><sb:maintitle>The effect of scaling on interfacial friction in hot rolling of steels</sb:maintitle></sb:title></sb:contribution><sb:host><sb:issue><sb:series><sb:title><sb:maintitle>J. Mater. Process. Technol.</sb:maintitle></sb:title><sb:volume-nr>88</sb:volume-nr></sb:series><sb:date>1999</sb:date></sb:issue><sb:pages><sb:first-page>105</sb:first-page><sb:last-page>113</sb:last-page></sb:pages></sb:host></sb:reference></ce:bib-reference><ce:bib-reference id="b0030"><ce:label>[6]</ce:label><sb:reference><sb:contribution langtype="en"><sb:authors><sb:author><ce:given-name>M.</ce:given-name><ce:surname>Torres</ce:surname></sb:author><sb:author><ce:given-name>R.</ce:given-name><ce:surname>Colas</ce:surname></sb:author></sb:authors><sb:title><sb:maintitle>A model for heat conduction through the oxide layer of steel during hot rolling</sb:maintitle></sb:title></sb:contribution><sb:host><sb:issue><sb:series><sb:title><sb:maintitle>J. Mater. Process. Tech.</sb:maintitle></sb:title><sb:volume-nr>105</sb:volume-nr></sb:series><sb:date>2000</sb:date></sb:issue><sb:pages><sb:first-page>258</sb:first-page><sb:last-page>263</sb:last-page></sb:pages></sb:host></sb:reference></ce:bib-reference><ce:bib-reference id="b0035"><ce:label>[7]</ce:label><sb:reference><sb:contribution langtype="en"><sb:authors><sb:author><ce:given-name>R.L.</ce:given-name><ce:surname>Higginson</ce:surname></sb:author><sb:author><ce:given-name>M.A.E.</ce:given-name><ce:surname>Jepson</ce:surname></sb:author><sb:author><ce:given-name>G.D.</ce:given-name><ce:surname>West</ce:surname></sb:author></sb:authors><sb:title><sb:maintitle>Use of EBSD to characterise high temperature oxides formed on low alloy and stainless steels</sb:maintitle></sb:title></sb:contribution><sb:host><sb:issue><sb:series><sb:title><sb:maintitle>Mater. Sci. Technol.</sb:maintitle></sb:title><sb:volume-nr>22</sb:volume-nr></sb:series><sb:date>2006</sb:date></sb:issue><sb:pages><sb:first-page>1325</sb:first-page><sb:last-page>1332</sb:last-page></sb:pages></sb:host></sb:reference></ce:bib-reference><ce:bib-reference id="b0040"><ce:label>[8]</ce:label><sb:reference><sb:contribution langtype="en"><sb:authors><sb:author><ce:given-name>L.-F.</ce:given-name><ce:surname>Li</ce:surname></sb:author><sb:author><ce:given-name>Z.-H.</ce:given-name><ce:surname>Jiang</ce:surname></sb:author><sb:author><ce:given-name>Y.</ce:given-name><ce:surname>Riquier</ce:surname></sb:author></sb:authors><sb:title><sb:maintitle>High-temperature oxidation of duplex stainless steels in air and mixed gas of air and CH<ce:inf loc="post">4</ce:inf></sb:maintitle></sb:title></sb:contribution><sb:host><sb:issue><sb:series><sb:title><sb:maintitle>Corros. Sci.</sb:maintitle></sb:title><sb:volume-nr>47</sb:volume-nr></sb:series><sb:date>2005</sb:date></sb:issue><sb:pages><sb:first-page>57</sb:first-page><sb:last-page>68</sb:last-page></sb:pages></sb:host></sb:reference></ce:bib-reference><ce:bib-reference id="b0045"><ce:label>[9]</ce:label><sb:reference><sb:contribution langtype="en"><sb:authors><sb:author><ce:given-name>R.R.Y.</ce:given-name><ce:surname>Chen</ce:surname></sb:author><sb:author><ce:given-name>W.Y.D.</ce:given-name><ce:surname>Yuen</ce:surname></sb:author></sb:authors><sb:title><sb:maintitle>Review of high-temperature oxidation of iron and carbon steels in air and oxygen</sb:maintitle></sb:title></sb:contribution><sb:host><sb:issue><sb:series><sb:title><sb:maintitle>Oxid. Met.</sb:maintitle></sb:title><sb:volume-nr>59</sb:volume-nr></sb:series><sb:date>2003</sb:date></sb:issue><sb:pages><sb:first-page>433</sb:first-page><sb:last-page>468</sb:last-page></sb:pages></sb:host></sb:reference></ce:bib-reference><ce:bib-reference id="b0050"><ce:label>[10]</ce:label><sb:reference><sb:contribution langtype="en"><sb:authors><sb:author><ce:given-name>S.Y.</ce:given-name><ce:surname>Cheng</ce:surname></sb:author><sb:author><ce:given-name>S.L.</ce:given-name><ce:surname>Kuan</ce:surname></sb:author><sb:author><ce:given-name>W.T.</ce:given-name><ce:surname>Tsai</ce:surname></sb:author></sb:authors><sb:title><sb:maintitle>Effect of water vapor on annealing scale formation on 316 SS</sb:maintitle></sb:title></sb:contribution><sb:host><sb:issue><sb:series><sb:title><sb:maintitle>Corros. Sci.</sb:maintitle></sb:title><sb:volume-nr>48</sb:volume-nr></sb:series><sb:date>2006</sb:date></sb:issue><sb:pages><sb:first-page>634</sb:first-page><sb:last-page>649</sb:last-page></sb:pages></sb:host></sb:reference></ce:bib-reference><ce:bib-reference id="b0055"><ce:label>[11]</ce:label><sb:reference><sb:contribution langtype="en"><sb:authors><sb:author><ce:given-name>N.</ce:given-name><ce:surname>Otsuka</ce:surname></sb:author><sb:author><ce:given-name>Y.</ce:given-name><ce:surname>Nishyama</ce:surname></sb:author><sb:author><ce:given-name>T.</ce:given-name><ce:surname>Kudo</ce:surname></sb:author></sb:authors><sb:title><sb:maintitle>Breakaway oxidation of TP310S stainless steel foil initiated by Cr depletion of the entire specimen in a simulated fuel-gas atmosphere</sb:maintitle></sb:title></sb:contribution><sb:host><sb:issue><sb:series><sb:title><sb:maintitle>Oxid. Met.</sb:maintitle></sb:title><sb:volume-nr>62</sb:volume-nr></sb:series><sb:date>2004</sb:date></sb:issue><sb:pages><sb:first-page>121</sb:first-page><sb:last-page>139</sb:last-page></sb:pages></sb:host></sb:reference></ce:bib-reference><ce:bib-reference id="b0060"><ce:label>[12]</ce:label><sb:reference><sb:contribution langtype="en"><sb:authors><sb:author><ce:given-name>Y.</ce:given-name><ce:surname>Riquier</ce:surname></sb:author><sb:author><ce:given-name>H.</ce:given-name><ce:surname>Zhang</ce:surname></sb:author></sb:authors><sb:title><sb:maintitle>L’oxydation à haute température des asiers inoxydables austéno-ferritiques</sb:maintitle></sb:title></sb:contribution><sb:host><sb:issue><sb:series><sb:title><sb:maintitle>La Revue Métallurgie</sb:maintitle></sb:title></sb:series><sb:date>2004</sb:date></sb:issue><sb:pages><sb:first-page>855</sb:first-page><sb:last-page>865</sb:last-page></sb:pages></sb:host><sb:comment>(in French)</sb:comment></sb:reference></ce:bib-reference><ce:bib-reference id="b0065"><ce:label>[13]</ce:label><sb:reference><sb:contribution langtype="en"><sb:authors><sb:author><ce:given-name>G.J.</ce:given-name><ce:surname>Stokkers</ce:surname></sb:author><sb:author><ce:given-name>A.</ce:given-name><ce:surname>Van Silfhout</ce:surname></sb:author><sb:author><ce:given-name>G.A.</ce:given-name><ce:surname>Bootsma</ce:surname></sb:author><sb:author><ce:given-name>T.</ce:given-name><ce:surname>Fransen</ce:surname></sb:author><sb:author><ce:given-name>P.J.</ce:given-name><ce:surname>Gellings</ce:surname></sb:author></sb:authors><sb:title><sb:maintitle>Interaction of oxygen with an AISI 314 stainless steel surface by ellipsometry and Auger electron spectroscopy in combination with ion bombardment</sb:maintitle></sb:title></sb:contribution><sb:host><sb:issue><sb:series><sb:title><sb:maintitle>Corros. Sci.</sb:maintitle></sb:title><sb:volume-nr>23</sb:volume-nr></sb:series><sb:date>1983</sb:date></sb:issue><sb:pages><sb:first-page>195</sb:first-page></sb:pages></sb:host></sb:reference></ce:bib-reference><ce:bib-reference id="b0070"><ce:label>[14]</ce:label><ce:other-ref><ce:textref>M.A.E. Jepson, C. Lille, R.L. Higginson, The study of oxidation of duplex stainless steels during simulated reheat, in: Proc. EUROCORR 2007, Dechema e.V., Freiburg in Breisgau, Germany, 2007.</ce:textref></ce:other-ref></ce:bib-reference><ce:bib-reference id="b0075"><ce:label>[15]</ce:label><sb:reference><sb:contribution langtype="en"><sb:authors><sb:author><ce:given-name>R.N.</ce:given-name><ce:surname>Gunn</ce:surname></sb:author></sb:authors><sb:title><sb:maintitle>Duplex Stainless Steels</sb:maintitle></sb:title></sb:contribution><sb:host><sb:book><sb:date>1997</sb:date><sb:publisher><sb:name>Abington Publishing</sb:name><sb:location>Cambridge</sb:location></sb:publisher></sb:book></sb:host></sb:reference></ce:bib-reference><ce:bib-reference id="b0080"><ce:label>[16]</ce:label><sb:reference><sb:contribution langtype="en"><sb:authors><sb:author><ce:given-name>S.</ce:given-name><ce:surname>Sun</ce:surname></sb:author><sb:author><ce:given-name>M.</ce:given-name><ce:surname>Pugh</ce:surname></sb:author></sb:authors><sb:title><sb:maintitle>Manganese partitioning in dual-phase steel during annealing</sb:maintitle></sb:title></sb:contribution><sb:host><sb:issue><sb:series><sb:title><sb:maintitle>Mater. Sci. Eng., A</sb:maintitle></sb:title><sb:volume-nr>276</sb:volume-nr></sb:series><sb:date>2000</sb:date></sb:issue><sb:pages><sb:first-page>167</sb:first-page><sb:last-page>174</sb:last-page></sb:pages></sb:host></sb:reference></ce:bib-reference><ce:bib-reference id="b0085"><ce:label>[17]</ce:label><ce:other-ref><ce:textref>R.L. Higginson, M.A.E. Jepson, The development of oxide scale during reheat of duplex stainless steel, in: Proc. 6th European Stainless Steel Conference, Helsinki, Finland, 2008.</ce:textref></ce:other-ref></ce:bib-reference></ce:bibliography-sec></ce:bibliography></tail></article></xocs:serial-item></xocs:doc>