<xocs:doc xsi:schemaLocation="http://www.elsevier.com/xml/xocs/dtd http://schema.elsevier.com/dtds/document/fulltext/xcr/xocs-article.xsd" xmlns:xocs="http://www.elsevier.com/xml/xocs/dtd" xmlns:xs="http://www.w3.org/2001/XMLSchema" xmlns:xsi="http://www.w3.org/2001/XMLSchema-instance" xmlns="http://www.elsevier.com/xml/ja/dtd" xmlns:ja="http://www.elsevier.com/xml/ja/dtd" xmlns:mml="http://www.w3.org/1998/Math/MathML" xmlns:tb="http://www.elsevier.com/xml/common/table/dtd" xmlns:sb="http://www.elsevier.com/xml/common/struct-bib/dtd" xmlns:ce="http://www.elsevier.com/xml/common/dtd" xmlns:xlink="http://www.w3.org/1999/xlink" xmlns:cals="http://www.elsevier.com/xml/common/cals/dtd"><xocs:meta><xocs:content-family>serial</xocs:content-family><xocs:content-type>JL</xocs:content-type><xocs:cid>271598</xocs:cid><xocs:ssids><xocs:ssid type="alllist">291210</xocs:ssid><xocs:ssid type="subj">291702</xocs:ssid><xocs:ssid type="subj">291777</xocs:ssid><xocs:ssid type="subj">291829</xocs:ssid><xocs:ssid type="content">31</xocs:ssid><xocs:ssid type="oa">90</xocs:ssid></xocs:ssids><xocs:srctitle>Journal of Nuclear Materials</xocs:srctitle><xocs:normalized-srctitle>JOURNALNUCLEARMATERIALS</xocs:normalized-srctitle><xocs:orig-load-date yyyymmdd="20151217">2015-12-17</xocs:orig-load-date><xocs:available-online-date yyyymmdd="20151217">2015-12-17</xocs:available-online-date><xocs:vor-load-date yyyymmdd="20151228">2015-12-28</xocs:vor-load-date><xocs:vor-available-online-date yyyymmdd="20151228">2015-12-28</xocs:vor-available-online-date><xocs:ew-transaction-id>2016-02-09T12:40:29</xocs:ew-transaction-id><xocs:eid>1-s2.0-S0022311515303640</xocs:eid><xocs:pii-formatted>S0022-3115(15)30364-0</xocs:pii-formatted><xocs:pii-unformatted>S0022311515303640</xocs:pii-unformatted><xocs:doi>10.1016/j.jnucmat.2015.11.057</xocs:doi><xocs:item-stage>S300</xocs:item-stage><xocs:item-version-number>S300.1</xocs:item-version-number><xocs:item-weight>FULL-TEXT</xocs:item-weight><xocs:hub-eid>1-s2.0-S0022311515X00146</xocs:hub-eid><xocs:timestamp yyyymmdd="20160209">2016-02-09T08:01:31.286626-05:00</xocs:timestamp><xocs:dco>0</xocs:dco><xocs:tomb>0</xocs:tomb><xocs:date-search-begin>20160301</xocs:date-search-begin><xocs:date-search-end>20160331</xocs:date-search-end><xocs:year-nav>2016</xocs:year-nav><xocs:indexeddate epoch="1450361241">2015-12-17T14:07:21.582162Z</xocs:indexeddate><xocs:articleinfo>articleinfo articletitlenorm authfirstinitialnorm authfirstsurnamenorm cid cids contenttype copyright crossmark dateloaded dateloadedtxt datesearch datesort dateupdated dco docsubtype doctype doi eid ewtransactionid fundingbodyid hubeid indexeddate issn issnnorm itemstage itemtransactionid itemweight oauserlicense openaccess openarchive pg pgfirst pglast pii piinorm pubdateend pubdatestart pubdatetxt pubyr sectiontitle sortorder sponsoredaccesstype srctitle srctitlenorm srctype ssids alllist content oa subj subheadings suppl tomb volfirst volissue volumelist webpdf webpdfpagecount yearnav figure table body mmlmath acknowledge affil articletitle auth authfirstini authfull authkeywords authlast grantnumber grantsponsor primabst ref</xocs:articleinfo><xocs:issns><xocs:issn-primary-formatted>0022-3115</xocs:issn-primary-formatted><xocs:issn-primary-unformatted>00223115</xocs:issn-primary-unformatted></xocs:issns><xocs:sponsored-access-type>UNLIMITED</xocs:sponsored-access-type><xocs:funding-body-id>EPSRC</xocs:funding-body-id><xocs:crossmark is-crossmark="1">true</xocs:crossmark><xocs:vol-first>470</xocs:vol-first><xocs:volume-list><xocs:volume>470</xocs:volume></xocs:volume-list><xocs:suppl>C</xocs:suppl><xocs:vol-iss-suppl-text>Volume 470</xocs:vol-iss-suppl-text><xocs:sort-order>30</xocs:sort-order><xocs:first-fp>84</xocs:first-fp><xocs:last-lp>89</xocs:last-lp><xocs:pages><xocs:first-page>84</xocs:first-page><xocs:last-page>89</xocs:last-page></xocs:pages><xocs:cover-date-orig><xocs:start-date>201603</xocs:start-date></xocs:cover-date-orig><xocs:cover-date-text>March 2016</xocs:cover-date-text><xocs:cover-date-start>2016-03-01</xocs:cover-date-start><xocs:cover-date-end>2016-03-31</xocs:cover-date-end><xocs:cover-date-year>2016</xocs:cover-date-year><xocs:hub-sec><xocs:hub-sec-title>Basic science of radiation effects</xocs:hub-sec-title></xocs:hub-sec><xocs:document-type>article</xocs:document-type><xocs:document-subtype>fla</xocs:document-subtype><xocs:copyright-line>Copyright © 2015 The Authors. Published by Elsevier B.V.</xocs:copyright-line><xocs:normalized-article-title>INERTGASBUBBLESINBCCFE</xocs:normalized-article-title><xocs:normalized-first-auth-surname>GAI</xocs:normalized-first-auth-surname><xocs:normalized-first-auth-initial>X</xocs:normalized-first-auth-initial><xocs:item-toc><xocs:item-toc-entry ref-elem="ce:sections"><xocs:item-toc-label>1</xocs:item-toc-label><xocs:item-toc-section-title>Introduction</xocs:item-toc-section-title></xocs:item-toc-entry><xocs:item-toc-entry ref-elem="ce:sections"><xocs:item-toc-label>2</xocs:item-toc-label><xocs:item-toc-section-title>Methodology</xocs:item-toc-section-title></xocs:item-toc-entry><xocs:item-toc-entry ref-elem="ce:sections"><xocs:item-toc-label>3</xocs:item-toc-label><xocs:item-toc-section-title>Formation energies</xocs:item-toc-section-title></xocs:item-toc-entry><xocs:item-toc-entry ref-elem="ce:sections"><xocs:item-toc-label>4</xocs:item-toc-label><xocs:item-toc-section-title>Molecular dynamics simulations and energy barrier calculations</xocs:item-toc-section-title><xocs:item-toc-entry ref-elem="ce:sections"><xocs:item-toc-label>4.1</xocs:item-toc-label><xocs:item-toc-section-title>Vacancy driven diffusion mechanisms</xocs:item-toc-section-title></xocs:item-toc-entry><xocs:item-toc-entry ref-elem="ce:sections"><xocs:item-toc-label>4.2</xocs:item-toc-label><xocs:item-toc-section-title>Pre-existing inert gas bubbles</xocs:item-toc-section-title></xocs:item-toc-entry></xocs:item-toc-entry><xocs:item-toc-entry ref-elem="ce:sections"><xocs:item-toc-label>5</xocs:item-toc-label><xocs:item-toc-section-title>Conclusion</xocs:item-toc-section-title></xocs:item-toc-entry><xocs:item-toc-entry ref-elem="ce:acknowledgment"><xocs:item-toc-section-title>Acknowledgement</xocs:item-toc-section-title></xocs:item-toc-entry><xocs:item-toc-entry ref-elem="ce:bibliography"><xocs:item-toc-section-title>References</xocs:item-toc-section-title></xocs:item-toc-entry></xocs:item-toc><xocs:references><xocs:ref-info refid="sref1"><xocs:ref-normalized-surname>ZINKLE</xocs:ref-normalized-surname><xocs:ref-pub-year>2005</xocs:ref-pub-year><xocs:ref-first-fp>058101</xocs:ref-first-fp><xocs:ref-normalized-initial>S</xocs:ref-normalized-initial></xocs:ref-info><xocs:ref-info refid="sref2"><xocs:ref-normalized-surname>KURTZ</xocs:ref-normalized-surname><xocs:ref-pub-year>2009</xocs:ref-pub-year><xocs:ref-first-fp>411</xocs:ref-first-fp><xocs:ref-last-lp>417</xocs:ref-last-lp><xocs:ref-normalized-initial>R</xocs:ref-normalized-initial></xocs:ref-info><xocs:ref-info refid="sref3"><xocs:ref-normalized-surname>GAI</xocs:ref-normalized-surname><xocs:ref-pub-year>2015</xocs:ref-pub-year><xocs:ref-first-fp>382</xocs:ref-first-fp><xocs:ref-last-lp>390</xocs:ref-last-lp><xocs:ref-normalized-initial>X</xocs:ref-normalized-initial></xocs:ref-info><xocs:ref-info refid="sref4"><xocs:ref-normalized-surname>JIN</xocs:ref-normalized-surname><xocs:ref-pub-year>2011</xocs:ref-pub-year><xocs:ref-first-fp>136</xocs:ref-first-fp><xocs:ref-last-lp>142</xocs:ref-last-lp><xocs:ref-normalized-initial>S</xocs:ref-normalized-initial></xocs:ref-info><xocs:ref-info refid="sref5"><xocs:ref-normalized-surname>KLIMENKOV</xocs:ref-normalized-surname><xocs:ref-pub-year>2011</xocs:ref-pub-year><xocs:ref-first-fp>160</xocs:ref-first-fp><xocs:ref-last-lp>162</xocs:ref-last-lp><xocs:ref-normalized-initial>M</xocs:ref-normalized-initial></xocs:ref-info><xocs:ref-info refid="sref6"><xocs:ref-normalized-surname>ASHCROFT</xocs:ref-normalized-surname><xocs:ref-pub-year>1976</xocs:ref-pub-year><xocs:ref-normalized-initial>N</xocs:ref-normalized-initial><xocs:ref-normalized-srctitle>SOLIDSTATEPHYSICS</xocs:ref-normalized-srctitle></xocs:ref-info><xocs:ref-info refid="sref7"><xocs:ref-normalized-surname>ZIEGLER</xocs:ref-normalized-surname><xocs:ref-pub-year>1985</xocs:ref-pub-year><xocs:ref-normalized-initial>J</xocs:ref-normalized-initial><xocs:ref-normalized-srctitle>STOPPINGRANGEIONSINSOLIDS</xocs:ref-normalized-srctitle></xocs:ref-info><xocs:ref-info refid="sref8"><xocs:ref-normalized-surname>ACKLAND</xocs:ref-normalized-surname><xocs:ref-pub-year>2004</xocs:ref-pub-year><xocs:ref-first-fp>S2629</xocs:ref-first-fp><xocs:ref-last-lp>S2642</xocs:ref-last-lp><xocs:ref-normalized-initial>G</xocs:ref-normalized-initial></xocs:ref-info><xocs:ref-info refid="sref9"><xocs:ref-normalized-surname>HENKELMAN</xocs:ref-normalized-surname><xocs:ref-pub-year>2000</xocs:ref-pub-year><xocs:ref-first-fp>9901</xocs:ref-first-fp><xocs:ref-last-lp>9904</xocs:ref-last-lp><xocs:ref-normalized-initial>G</xocs:ref-normalized-initial></xocs:ref-info><xocs:ref-info refid="sref10"><xocs:ref-normalized-surname>HENKELMAN</xocs:ref-normalized-surname><xocs:ref-pub-year>1999</xocs:ref-pub-year><xocs:ref-first-fp>7010</xocs:ref-first-fp><xocs:ref-last-lp>7022</xocs:ref-last-lp><xocs:ref-normalized-initial>G</xocs:ref-normalized-initial></xocs:ref-info><xocs:ref-info refid="sref11"><xocs:ref-normalized-surname>BARKEMA</xocs:ref-normalized-surname><xocs:ref-pub-year>1996</xocs:ref-pub-year><xocs:ref-first-fp>4358</xocs:ref-first-fp><xocs:ref-last-lp>4361</xocs:ref-last-lp><xocs:ref-normalized-initial>G</xocs:ref-normalized-initial></xocs:ref-info><xocs:ref-info refid="sref12"><xocs:ref-normalized-surname>VERNON</xocs:ref-normalized-surname><xocs:ref-pub-year>2010</xocs:ref-pub-year><xocs:ref-normalized-initial>L</xocs:ref-normalized-initial><xocs:ref-normalized-srctitle>MODELLINGGROWTHRUTILETIO2</xocs:ref-normalized-srctitle></xocs:ref-info><xocs:ref-info refid="sref13"><xocs:ref-normalized-surname>YANG</xocs:ref-normalized-surname><xocs:ref-pub-year>2013</xocs:ref-pub-year><xocs:ref-first-fp>68</xocs:ref-first-fp><xocs:ref-last-lp>71</xocs:ref-last-lp><xocs:ref-normalized-initial>L</xocs:ref-normalized-initial></xocs:ref-info><xocs:ref-info refid="sref14"><xocs:ref-normalized-surname>VINEYARD</xocs:ref-normalized-surname><xocs:ref-pub-year>1957</xocs:ref-pub-year><xocs:ref-first-fp>121</xocs:ref-first-fp><xocs:ref-last-lp>127</xocs:ref-last-lp><xocs:ref-normalized-initial>G</xocs:ref-normalized-initial></xocs:ref-info><xocs:ref-info refid="sref15"><xocs:ref-normalized-surname>ABDELKERIEM</xocs:ref-normalized-surname><xocs:ref-pub-year>1993</xocs:ref-pub-year><xocs:ref-first-fp>787</xocs:ref-first-fp><xocs:ref-last-lp>791</xocs:ref-last-lp><xocs:ref-normalized-initial>M</xocs:ref-normalized-initial></xocs:ref-info><xocs:ref-info refid="sref16"><xocs:ref-normalized-surname>LAZAUSKAS</xocs:ref-normalized-surname><xocs:ref-pub-year>2014</xocs:ref-pub-year><xocs:ref-first-fp>359007</xocs:ref-first-fp><xocs:ref-normalized-initial>T</xocs:ref-normalized-initial></xocs:ref-info><xocs:ref-info refid="sref17"><xocs:ref-normalized-surname>FU</xocs:ref-normalized-surname><xocs:ref-pub-year>2004</xocs:ref-pub-year><xocs:ref-first-fp>175503</xocs:ref-first-fp><xocs:ref-normalized-initial>C</xocs:ref-normalized-initial></xocs:ref-info><xocs:ref-info refid="sref18"><xocs:ref-normalized-surname>ADAMS</xocs:ref-normalized-surname><xocs:ref-pub-year>1989</xocs:ref-pub-year><xocs:ref-first-fp>102</xocs:ref-first-fp><xocs:ref-last-lp>112</xocs:ref-last-lp><xocs:ref-normalized-initial>J</xocs:ref-normalized-initial></xocs:ref-info></xocs:references><xocs:attachment-metadata-doc><xocs:attachment-set-type>item</xocs:attachment-set-type><xocs:pii-formatted>S0022-3115(15)30364-0</xocs:pii-formatted><xocs:pii-unformatted>S0022311515303640</xocs:pii-unformatted><xocs:eid>1-s2.0-S0022311515303640</xocs:eid><xocs:doi>10.1016/j.jnucmat.2015.11.057</xocs:doi><xocs:cid>271598</xocs:cid><xocs:timestamp>2016-02-09T08:01:31.286626-05:00</xocs:timestamp><xocs:path>/271598/1-s2.0-S0022311515X00146/1-s2.0-S0022311515303640/</xocs:path><xocs:cover-date-start>2016-03-01</xocs:cover-date-start><xocs:cover-date-end>2016-03-31</xocs:cover-date-end><xocs:sponsored-access-type>UNLIMITED</xocs:sponsored-access-type><xocs:funding-body-id>EPSRC</xocs:funding-body-id><xocs:attachments><xocs:web-pdf><xocs:attachment-eid>1-s2.0-S0022311515303640-main.pdf</xocs:attachment-eid><xocs:ucs-locator>https://s3-eu-west-1.amazonaws.com/prod-ucs-content-store-eu-west/content/pii:S0022311515303640/MAIN/application/pdf/d594ef7a79485211307a1f0ef9af58a3/main.pdf</xocs:ucs-locator><xocs:ucs-locator>https://s3.amazonaws.com/prod-ucs-content-store-us-east/content/pii:S0022311515303640/MAIN/application/pdf/d594ef7a79485211307a1f0ef9af58a3/main.pdf</xocs:ucs-locator><xocs:filename>main.pdf</xocs:filename><xocs:extension>pdf</xocs:extension><xocs:pdf-optimized>true</xocs:pdf-optimized><xocs:filesize>1357530</xocs:filesize><xocs:web-pdf-purpose>MAIN</xocs:web-pdf-purpose><xocs:web-pdf-page-count>6</xocs:web-pdf-page-count><xocs:web-pdf-images><xocs:web-pdf-image><xocs:attachment-eid>1-s2.0-S0022311515303640-main_1.png</xocs:attachment-eid><xocs:ucs-locator>https://s3-eu-west-1.amazonaws.com/prod-ucs-content-store-eu-west/content/pii:S0022311515303640/PREVIEW/image/png/6da2ddbc5ae2a32021c324df019fad5f/main_1.png</xocs:ucs-locator><xocs:ucs-locator>https://s3.amazonaws.com/prod-ucs-content-store-us-east/content/pii:S0022311515303640/PREVIEW/image/png/6da2ddbc5ae2a32021c324df019fad5f/main_1.png</xocs:ucs-locator><xocs:filename>main_1.png</xocs:filename><xocs:extension>png</xocs:extension><xocs:filesize>56878</xocs:filesize><xocs:pixel-height>849</xocs:pixel-height><xocs:pixel-width>656</xocs:pixel-width><xocs:attachment-type>IMAGE-WEB-PDF</xocs:attachment-type><xocs:pdf-page-num>1</xocs:pdf-page-num></xocs:web-pdf-image></xocs:web-pdf-images></xocs:web-pdf><xocs:attachment><xocs:attachment-eid>1-s2.0-S0022311515303640-gr3.sml</xocs:attachment-eid><xocs:ucs-locator>https://s3-eu-west-1.amazonaws.com/prod-ucs-content-store-eu-west/content/pii:S0022311515303640/gr3/THUMBNAIL/image/gif/9052c39a786a8f73ab400a12924b1501/gr3.sml</xocs:ucs-locator><xocs:ucs-locator>https://s3.amazonaws.com/prod-ucs-content-store-us-east/content/pii:S0022311515303640/gr3/THUMBNAIL/image/gif/9052c39a786a8f73ab400a12924b1501/gr3.sml</xocs:ucs-locator><xocs:file-basename>gr3</xocs:file-basename><xocs:filename>gr3.sml</xocs:filename><xocs:extension>sml</xocs:extension><xocs:filesize>11711</xocs:filesize><xocs:pixel-height>139</xocs:pixel-height><xocs:pixel-width>219</xocs:pixel-width><xocs:attachment-type>IMAGE-THUMBNAIL</xocs:attachment-type></xocs:attachment><xocs:attachment><xocs:attachment-eid>1-s2.0-S0022311515303640-gr2.sml</xocs:attachment-eid><xocs:ucs-locator>https://s3-eu-west-1.amazonaws.com/prod-ucs-content-store-eu-west/content/pii:S0022311515303640/gr2/THUMBNAIL/image/gif/1fe42617b77107155b81d1ea56205d46/gr2.sml</xocs:ucs-locator><xocs:ucs-locator>https://s3.amazonaws.com/prod-ucs-content-store-us-east/content/pii:S0022311515303640/gr2/THUMBNAIL/image/gif/1fe42617b77107155b81d1ea56205d46/gr2.sml</xocs:ucs-locator><xocs:file-basename>gr2</xocs:file-basename><xocs:filename>gr2.sml</xocs:filename><xocs:extension>sml</xocs:extension><xocs:filesize>19540</xocs:filesize><xocs:pixel-height>164</xocs:pixel-height><xocs:pixel-width>219</xocs:pixel-width><xocs:attachment-type>IMAGE-THUMBNAIL</xocs:attachment-type></xocs:attachment><xocs:attachment><xocs:attachment-eid>1-s2.0-S0022311515303640-gr5.sml</xocs:attachment-eid><xocs:ucs-locator>https://s3-eu-west-1.amazonaws.com/prod-ucs-content-store-eu-west/content/pii:S0022311515303640/gr5/THUMBNAIL/image/gif/4c0f02097bd3ca037de7cd66e29e79ce/gr5.sml</xocs:ucs-locator><xocs:ucs-locator>https://s3.amazonaws.com/prod-ucs-content-store-us-east/content/pii:S0022311515303640/gr5/THUMBNAIL/image/gif/4c0f02097bd3ca037de7cd66e29e79ce/gr5.sml</xocs:ucs-locator><xocs:file-basename>gr5</xocs:file-basename><xocs:filename>gr5.sml</xocs:filename><xocs:extension>sml</xocs:extension><xocs:filesize>14849</xocs:filesize><xocs:pixel-height>163</xocs:pixel-height><xocs:pixel-width>175</xocs:pixel-width><xocs:attachment-type>IMAGE-THUMBNAIL</xocs:attachment-type></xocs:attachment><xocs:attachment><xocs:attachment-eid>1-s2.0-S0022311515303640-gr6.sml</xocs:attachment-eid><xocs:ucs-locator>https://s3-eu-west-1.amazonaws.com/prod-ucs-content-store-eu-west/content/pii:S0022311515303640/gr6/THUMBNAIL/image/gif/4d1f5da50e6017775f0e039dad602bd2/gr6.sml</xocs:ucs-locator><xocs:ucs-locator>https://s3.amazonaws.com/prod-ucs-content-store-us-east/content/pii:S0022311515303640/gr6/THUMBNAIL/image/gif/4d1f5da50e6017775f0e039dad602bd2/gr6.sml</xocs:ucs-locator><xocs:file-basename>gr6</xocs:file-basename><xocs:filename>gr6.sml</xocs:filename><xocs:extension>sml</xocs:extension><xocs:filesize>11055</xocs:filesize><xocs:pixel-height>127</xocs:pixel-height><xocs:pixel-width>219</xocs:pixel-width><xocs:attachment-type>IMAGE-THUMBNAIL</xocs:attachment-type></xocs:attachment><xocs:attachment><xocs:attachment-eid>1-s2.0-S0022311515303640-gr7.sml</xocs:attachment-eid><xocs:ucs-locator>https://s3-eu-west-1.amazonaws.com/prod-ucs-content-store-eu-west/content/pii:S0022311515303640/gr7/THUMBNAIL/image/gif/85b7ccfc0dc69dbece78a150b55f3a55/gr7.sml</xocs:ucs-locator><xocs:ucs-locator>https://s3.amazonaws.com/prod-ucs-content-store-us-east/content/pii:S0022311515303640/gr7/THUMBNAIL/image/gif/85b7ccfc0dc69dbece78a150b55f3a55/gr7.sml</xocs:ucs-locator><xocs:file-basename>gr7</xocs:file-basename><xocs:filename>gr7.sml</xocs:filename><xocs:extension>sml</xocs:extension><xocs:filesize>11729</xocs:filesize><xocs:pixel-height>164</xocs:pixel-height><xocs:pixel-width>105</xocs:pixel-width><xocs:attachment-type>IMAGE-THUMBNAIL</xocs:attachment-type></xocs:attachment><xocs:attachment><xocs:attachment-eid>1-s2.0-S0022311515303640-gr1.sml</xocs:attachment-eid><xocs:ucs-locator>https://s3-eu-west-1.amazonaws.com/prod-ucs-content-store-eu-west/content/pii:S0022311515303640/gr1/THUMBNAIL/image/gif/9328eb4eef019d13e295e0ff34dd2e01/gr1.sml</xocs:ucs-locator><xocs:ucs-locator>https://s3.amazonaws.com/prod-ucs-content-store-us-east/content/pii:S0022311515303640/gr1/THUMBNAIL/image/gif/9328eb4eef019d13e295e0ff34dd2e01/gr1.sml</xocs:ucs-locator><xocs:file-basename>gr1</xocs:file-basename><xocs:filename>gr1.sml</xocs:filename><xocs:extension>sml</xocs:extension><xocs:filesize>11487</xocs:filesize><xocs:pixel-height>137</xocs:pixel-height><xocs:pixel-width>219</xocs:pixel-width><xocs:attachment-type>IMAGE-THUMBNAIL</xocs:attachment-type></xocs:attachment><xocs:attachment><xocs:attachment-eid>1-s2.0-S0022311515303640-gr4.sml</xocs:attachment-eid><xocs:ucs-locator>https://s3-eu-west-1.amazonaws.com/prod-ucs-content-store-eu-west/content/pii:S0022311515303640/gr4/THUMBNAIL/image/gif/c88ee3363eb966452d389cde9c0b3b1e/gr4.sml</xocs:ucs-locator><xocs:ucs-locator>https://s3.amazonaws.com/prod-ucs-content-store-us-east/content/pii:S0022311515303640/gr4/THUMBNAIL/image/gif/c88ee3363eb966452d389cde9c0b3b1e/gr4.sml</xocs:ucs-locator><xocs:file-basename>gr4</xocs:file-basename><xocs:filename>gr4.sml</xocs:filename><xocs:extension>sml</xocs:extension><xocs:filesize>15313</xocs:filesize><xocs:pixel-height>157</xocs:pixel-height><xocs:pixel-width>219</xocs:pixel-width><xocs:attachment-type>IMAGE-THUMBNAIL</xocs:attachment-type></xocs:attachment><xocs:attachment><xocs:attachment-eid>1-s2.0-S0022311515303640-gr3.jpg</xocs:attachment-eid><xocs:ucs-locator>https://s3-eu-west-1.amazonaws.com/prod-ucs-content-store-eu-west/content/pii:S0022311515303640/gr3/DOWNSAMPLED/image/jpeg/3dca1c2f34089ba189907fae1289fb9f/gr3.jpg</xocs:ucs-locator><xocs:ucs-locator>https://s3.amazonaws.com/prod-ucs-content-store-us-east/content/pii:S0022311515303640/gr3/DOWNSAMPLED/image/jpeg/3dca1c2f34089ba189907fae1289fb9f/gr3.jpg</xocs:ucs-locator><xocs:file-basename>gr3</xocs:file-basename><xocs:filename>gr3.jpg</xocs:filename><xocs:extension>jpg</xocs:extension><xocs:filesize>53043</xocs:filesize><xocs:pixel-height>317</xocs:pixel-height><xocs:pixel-width>500</xocs:pixel-width><xocs:attachment-type>IMAGE-DOWNSAMPLED</xocs:attachment-type></xocs:attachment><xocs:attachment><xocs:attachment-eid>1-s2.0-S0022311515303640-gr2.jpg</xocs:attachment-eid><xocs:ucs-locator>https://s3-eu-west-1.amazonaws.com/prod-ucs-content-store-eu-west/content/pii:S0022311515303640/gr2/DOWNSAMPLED/image/jpeg/376ade2ddefcb3486a50e705f0753a6b/gr2.jpg</xocs:ucs-locator><xocs:ucs-locator>https://s3.amazonaws.com/prod-ucs-content-store-us-east/content/pii:S0022311515303640/gr2/DOWNSAMPLED/image/jpeg/376ade2ddefcb3486a50e705f0753a6b/gr2.jpg</xocs:ucs-locator><xocs:file-basename>gr2</xocs:file-basename><xocs:filename>gr2.jpg</xocs:filename><xocs:extension>jpg</xocs:extension><xocs:filesize>57321</xocs:filesize><xocs:pixel-height>291</xocs:pixel-height><xocs:pixel-width>388</xocs:pixel-width><xocs:attachment-type>IMAGE-DOWNSAMPLED</xocs:attachment-type></xocs:attachment><xocs:attachment><xocs:attachment-eid>1-s2.0-S0022311515303640-gr5.jpg</xocs:attachment-eid><xocs:ucs-locator>https://s3-eu-west-1.amazonaws.com/prod-ucs-content-store-eu-west/content/pii:S0022311515303640/gr5/DOWNSAMPLED/image/jpeg/e86a79ad0591188457e18d3d8bc08d31/gr5.jpg</xocs:ucs-locator><xocs:ucs-locator>https://s3.amazonaws.com/prod-ucs-content-store-us-east/content/pii:S0022311515303640/gr5/DOWNSAMPLED/image/jpeg/e86a79ad0591188457e18d3d8bc08d31/gr5.jpg</xocs:ucs-locator><xocs:file-basename>gr5</xocs:file-basename><xocs:filename>gr5.jpg</xocs:filename><xocs:extension>jpg</xocs:extension><xocs:filesize>64244</xocs:filesize><xocs:pixel-height>467</xocs:pixel-height><xocs:pixel-width>500</xocs:pixel-width><xocs:attachment-type>IMAGE-DOWNSAMPLED</xocs:attachment-type></xocs:attachment><xocs:attachment><xocs:attachment-eid>1-s2.0-S0022311515303640-gr6.jpg</xocs:attachment-eid><xocs:ucs-locator>https://s3-eu-west-1.amazonaws.com/prod-ucs-content-store-eu-west/content/pii:S0022311515303640/gr6/DOWNSAMPLED/image/jpeg/b47bbfeeb294d59e90168197f989e6f8/gr6.jpg</xocs:ucs-locator><xocs:ucs-locator>https://s3.amazonaws.com/prod-ucs-content-store-us-east/content/pii:S0022311515303640/gr6/DOWNSAMPLED/image/jpeg/b47bbfeeb294d59e90168197f989e6f8/gr6.jpg</xocs:ucs-locator><xocs:file-basename>gr6</xocs:file-basename><xocs:filename>gr6.jpg</xocs:filename><xocs:extension>jpg</xocs:extension><xocs:filesize>28441</xocs:filesize><xocs:pixel-height>206</xocs:pixel-height><xocs:pixel-width>357</xocs:pixel-width><xocs:attachment-type>IMAGE-DOWNSAMPLED</xocs:attachment-type></xocs:attachment><xocs:attachment><xocs:attachment-eid>1-s2.0-S0022311515303640-gr7.jpg</xocs:attachment-eid><xocs:ucs-locator>https://s3-eu-west-1.amazonaws.com/prod-ucs-content-store-eu-west/content/pii:S0022311515303640/gr7/DOWNSAMPLED/image/jpeg/d7a4019ba38a78d0b6b235cd41dde153/gr7.jpg</xocs:ucs-locator><xocs:ucs-locator>https://s3.amazonaws.com/prod-ucs-content-store-us-east/content/pii:S0022311515303640/gr7/DOWNSAMPLED/image/jpeg/d7a4019ba38a78d0b6b235cd41dde153/gr7.jpg</xocs:ucs-locator><xocs:file-basename>gr7</xocs:file-basename><xocs:filename>gr7.jpg</xocs:filename><xocs:extension>jpg</xocs:extension><xocs:filesize>83366</xocs:filesize><xocs:pixel-height>780</xocs:pixel-height><xocs:pixel-width>500</xocs:pixel-width><xocs:attachment-type>IMAGE-DOWNSAMPLED</xocs:attachment-type></xocs:attachment><xocs:attachment><xocs:attachment-eid>1-s2.0-S0022311515303640-gr1.jpg</xocs:attachment-eid><xocs:ucs-locator>https://s3-eu-west-1.amazonaws.com/prod-ucs-content-store-eu-west/content/pii:S0022311515303640/gr1/DOWNSAMPLED/image/jpeg/39aa956c68d57df9b5811930e416be6a/gr1.jpg</xocs:ucs-locator><xocs:ucs-locator>https://s3.amazonaws.com/prod-ucs-content-store-us-east/content/pii:S0022311515303640/gr1/DOWNSAMPLED/image/jpeg/39aa956c68d57df9b5811930e416be6a/gr1.jpg</xocs:ucs-locator><xocs:file-basename>gr1</xocs:file-basename><xocs:filename>gr1.jpg</xocs:filename><xocs:extension>jpg</xocs:extension><xocs:filesize>48065</xocs:filesize><xocs:pixel-height>312</xocs:pixel-height><xocs:pixel-width>500</xocs:pixel-width><xocs:attachment-type>IMAGE-DOWNSAMPLED</xocs:attachment-type></xocs:attachment><xocs:attachment><xocs:attachment-eid>1-s2.0-S0022311515303640-gr4.jpg</xocs:attachment-eid><xocs:ucs-locator>https://s3-eu-west-1.amazonaws.com/prod-ucs-content-store-eu-west/content/pii:S0022311515303640/gr4/DOWNSAMPLED/image/jpeg/874bc4f04832b366cdfd6ea6f9d0b4ba/gr4.jpg</xocs:ucs-locator><xocs:ucs-locator>https://s3.amazonaws.com/prod-ucs-content-store-us-east/content/pii:S0022311515303640/gr4/DOWNSAMPLED/image/jpeg/874bc4f04832b366cdfd6ea6f9d0b4ba/gr4.jpg</xocs:ucs-locator><xocs:file-basename>gr4</xocs:file-basename><xocs:filename>gr4.jpg</xocs:filename><xocs:extension>jpg</xocs:extension><xocs:filesize>43704</xocs:filesize><xocs:pixel-height>278</xocs:pixel-height><xocs:pixel-width>388</xocs:pixel-width><xocs:attachment-type>IMAGE-DOWNSAMPLED</xocs:attachment-type></xocs:attachment><xocs:attachment><xocs:attachment-eid>1-s2.0-S0022311515303640-si8.gif</xocs:attachment-eid><xocs:ucs-locator>https://s3-eu-west-1.amazonaws.com/prod-ucs-content-store-eu-west/content/pii:S0022311515303640/STRIPIN/image/gif/bc2ca686c4db343782b6ff43eff6e0fb/si8.gif</xocs:ucs-locator><xocs:ucs-locator>https://s3.amazonaws.com/prod-ucs-content-store-us-east/content/pii:S0022311515303640/STRIPIN/image/gif/bc2ca686c4db343782b6ff43eff6e0fb/si8.gif</xocs:ucs-locator><xocs:file-basename>si8</xocs:file-basename><xocs:filename>si8.gif</xocs:filename><xocs:extension>gif</xocs:extension><xocs:filesize>229</xocs:filesize><xocs:pixel-height>14</xocs:pixel-height><xocs:pixel-width>34</xocs:pixel-width><xocs:attachment-type>ALTIMG</xocs:attachment-type></xocs:attachment><xocs:attachment><xocs:attachment-eid>1-s2.0-S0022311515303640-si4.gif</xocs:attachment-eid><xocs:ucs-locator>https://s3-eu-west-1.amazonaws.com/prod-ucs-content-store-eu-west/content/pii:S0022311515303640/STRIPIN/image/gif/625a4bef8edcf1480e88e97631d88713/si4.gif</xocs:ucs-locator><xocs:ucs-locator>https://s3.amazonaws.com/prod-ucs-content-store-us-east/content/pii:S0022311515303640/STRIPIN/image/gif/625a4bef8edcf1480e88e97631d88713/si4.gif</xocs:ucs-locator><xocs:file-basename>si4</xocs:file-basename><xocs:filename>si4.gif</xocs:filename><xocs:extension>gif</xocs:extension><xocs:filesize>244</xocs:filesize><xocs:pixel-height>20</xocs:pixel-height><xocs:pixel-width>28</xocs:pixel-width><xocs:attachment-type>ALTIMG</xocs:attachment-type></xocs:attachment><xocs:attachment><xocs:attachment-eid>1-s2.0-S0022311515303640-si7.gif</xocs:attachment-eid><xocs:ucs-locator>https://s3-eu-west-1.amazonaws.com/prod-ucs-content-store-eu-west/content/pii:S0022311515303640/STRIPIN/image/gif/8170c8f2b79e2340b91d952eefb56188/si7.gif</xocs:ucs-locator><xocs:ucs-locator>https://s3.amazonaws.com/prod-ucs-content-store-us-east/content/pii:S0022311515303640/STRIPIN/image/gif/8170c8f2b79e2340b91d952eefb56188/si7.gif</xocs:ucs-locator><xocs:file-basename>si7</xocs:file-basename><xocs:filename>si7.gif</xocs:filename><xocs:extension>gif</xocs:extension><xocs:filesize>479</xocs:filesize><xocs:pixel-height>15</xocs:pixel-height><xocs:pixel-width>115</xocs:pixel-width><xocs:attachment-type>ALTIMG</xocs:attachment-type></xocs:attachment><xocs:attachment><xocs:attachment-eid>1-s2.0-S0022311515303640-si6.gif</xocs:attachment-eid><xocs:ucs-locator>https://s3-eu-west-1.amazonaws.com/prod-ucs-content-store-eu-west/content/pii:S0022311515303640/STRIPIN/image/gif/79a5fb2f648d2c2246350f6779fa5f80/si6.gif</xocs:ucs-locator><xocs:ucs-locator>https://s3.amazonaws.com/prod-ucs-content-store-us-east/content/pii:S0022311515303640/STRIPIN/image/gif/79a5fb2f648d2c2246350f6779fa5f80/si6.gif</xocs:ucs-locator><xocs:file-basename>si6</xocs:file-basename><xocs:filename>si6.gif</xocs:filename><xocs:extension>gif</xocs:extension><xocs:filesize>628</xocs:filesize><xocs:pixel-height>15</xocs:pixel-height><xocs:pixel-width>197</xocs:pixel-width><xocs:attachment-type>ALTIMG</xocs:attachment-type></xocs:attachment><xocs:attachment><xocs:attachment-eid>1-s2.0-S0022311515303640-si5.gif</xocs:attachment-eid><xocs:ucs-locator>https://s3-eu-west-1.amazonaws.com/prod-ucs-content-store-eu-west/content/pii:S0022311515303640/STRIPIN/image/gif/0571c186b93aa6d05c7fcf8577049fd6/si5.gif</xocs:ucs-locator><xocs:ucs-locator>https://s3.amazonaws.com/prod-ucs-content-store-us-east/content/pii:S0022311515303640/STRIPIN/image/gif/0571c186b93aa6d05c7fcf8577049fd6/si5.gif</xocs:ucs-locator><xocs:file-basename>si5</xocs:file-basename><xocs:filename>si5.gif</xocs:filename><xocs:extension>gif</xocs:extension><xocs:filesize>802</xocs:filesize><xocs:pixel-height>19</xocs:pixel-height><xocs:pixel-width>243</xocs:pixel-width><xocs:attachment-type>ALTIMG</xocs:attachment-type></xocs:attachment><xocs:attachment><xocs:attachment-eid>1-s2.0-S0022311515303640-si1.gif</xocs:attachment-eid><xocs:ucs-locator>https://s3-eu-west-1.amazonaws.com/prod-ucs-content-store-eu-west/content/pii:S0022311515303640/STRIPIN/image/gif/98ebf3e4d5f9c0ebd42e0852137ffa82/si1.gif</xocs:ucs-locator><xocs:ucs-locator>https://s3.amazonaws.com/prod-ucs-content-store-us-east/content/pii:S0022311515303640/STRIPIN/image/gif/98ebf3e4d5f9c0ebd42e0852137ffa82/si1.gif</xocs:ucs-locator><xocs:file-basename>si1</xocs:file-basename><xocs:filename>si1.gif</xocs:filename><xocs:extension>gif</xocs:extension><xocs:filesize>560</xocs:filesize><xocs:pixel-height>20</xocs:pixel-height><xocs:pixel-width>129</xocs:pixel-width><xocs:attachment-type>ALTIMG</xocs:attachment-type></xocs:attachment><xocs:attachment><xocs:attachment-eid>1-s2.0-S0022311515303640-si2.gif</xocs:attachment-eid><xocs:ucs-locator>https://s3-eu-west-1.amazonaws.com/prod-ucs-content-store-eu-west/content/pii:S0022311515303640/STRIPIN/image/gif/8c73f8a5cdab1c1187b34ca630a42cbb/si2.gif</xocs:ucs-locator><xocs:ucs-locator>https://s3.amazonaws.com/prod-ucs-content-store-us-east/content/pii:S0022311515303640/STRIPIN/image/gif/8c73f8a5cdab1c1187b34ca630a42cbb/si2.gif</xocs:ucs-locator><xocs:file-basename>si2</xocs:file-basename><xocs:filename>si2.gif</xocs:filename><xocs:extension>gif</xocs:extension><xocs:filesize>250</xocs:filesize><xocs:pixel-height>21</xocs:pixel-height><xocs:pixel-width>27</xocs:pixel-width><xocs:attachment-type>ALTIMG</xocs:attachment-type></xocs:attachment><xocs:attachment><xocs:attachment-eid>1-s2.0-S0022311515303640-si9.gif</xocs:attachment-eid><xocs:ucs-locator>https://s3-eu-west-1.amazonaws.com/prod-ucs-content-store-eu-west/content/pii:S0022311515303640/STRIPIN/image/gif/57d3ef5dc218ccd554c79cd9a1056682/si9.gif</xocs:ucs-locator><xocs:ucs-locator>https://s3.amazonaws.com/prod-ucs-content-store-us-east/content/pii:S0022311515303640/STRIPIN/image/gif/57d3ef5dc218ccd554c79cd9a1056682/si9.gif</xocs:ucs-locator><xocs:file-basename>si9</xocs:file-basename><xocs:filename>si9.gif</xocs:filename><xocs:extension>gif</xocs:extension><xocs:filesize>241</xocs:filesize><xocs:pixel-height>14</xocs:pixel-height><xocs:pixel-width>48</xocs:pixel-width><xocs:attachment-type>ALTIMG</xocs:attachment-type></xocs:attachment><xocs:attachment><xocs:attachment-eid>1-s2.0-S0022311515303640-si3.gif</xocs:attachment-eid><xocs:ucs-locator>https://s3-eu-west-1.amazonaws.com/prod-ucs-content-store-eu-west/content/pii:S0022311515303640/STRIPIN/image/gif/1b4fd0e0553f74afe3757a91eb7adb91/si3.gif</xocs:ucs-locator><xocs:ucs-locator>https://s3.amazonaws.com/prod-ucs-content-store-us-east/content/pii:S0022311515303640/STRIPIN/image/gif/1b4fd0e0553f74afe3757a91eb7adb91/si3.gif</xocs:ucs-locator><xocs:file-basename>si3</xocs:file-basename><xocs:filename>si3.gif</xocs:filename><xocs:extension>gif</xocs:extension><xocs:filesize>246</xocs:filesize><xocs:pixel-height>21</xocs:pixel-height><xocs:pixel-width>27</xocs:pixel-width><xocs:attachment-type>ALTIMG</xocs:attachment-type></xocs:attachment></xocs:attachments></xocs:attachment-metadata-doc><xocs:refkeys><xocs:refkey3>GAIX2016X84</xocs:refkey3><xocs:refkey4lp>GAIX2016X84X89</xocs:refkey4lp><xocs:refkey4ai>GAIX2016X84XX</xocs:refkey4ai><xocs:refkey5>GAIX2016X84X89XX</xocs:refkey5></xocs:refkeys><xocs:open-access><xocs:oa-article-status is-open-access="1" is-open-archive="0">Full</xocs:oa-article-status><xocs:oa-access-effective-date>2015-12-21T09:22:51Z</xocs:oa-access-effective-date><xocs:oa-sponsor><xocs:oa-sponsor-type>FundingBody</xocs:oa-sponsor-type><xocs:oa-sponsor-name>Engineering and Physical Sciences Research Council</xocs:oa-sponsor-name></xocs:oa-sponsor><xocs:oa-user-license>http://creativecommons.org/licenses/by/4.0/</xocs:oa-user-license></xocs:open-access></xocs:meta><xocs:serial-item><article docsubtype="fla" version="5.4" xml:lang="en" xmlns:sa="http://www.elsevier.com/xml/common/struct-aff/dtd"><item-info><jid>NUMA</jid><aid>49487</aid><ce:pii>S0022-3115(15)30364-0</ce:pii><ce:doi>10.1016/j.jnucmat.2015.11.057</ce:doi><ce:copyright type="other" year="2015">The Authors</ce:copyright></item-info><ce:floats><ce:figure id="fig1"><ce:label>Fig. 1</ce:label><ce:caption id="cap0010"><ce:simple-para id="fspara0010" view="all">The formation energy as a function of the number of argon atoms for different sizes of <ce:italic>Ar</ce:italic><ce:inf loc="post"><ce:italic>n</ce:italic></ce:inf><ce:italic>V</ce:italic><ce:inf loc="post"><ce:italic>m</ce:italic></ce:inf> clusters.</ce:simple-para></ce:caption><ce:link locator="gr1" xlink:type="simple" xlink:href="pii:S0022311515303640/gr1"/></ce:figure><ce:figure id="fig2"><ce:label>Fig. 2</ce:label><ce:caption id="cap0015"><ce:simple-para id="fspara0015" view="all">Illustration of the effect of adding an Ar atom to an <ce:italic>Ar</ce:italic><ce:inf loc="post">6</ce:inf><ce:italic>V</ce:italic><ce:inf loc="post">5</ce:inf> bubble. On adding an additional Ar atom, a Fe split interstitial is spontaneously formed.</ce:simple-para></ce:caption><ce:link locator="gr2" xlink:type="simple" xlink:href="pii:S0022311515303640/gr2"/></ce:figure><ce:figure id="fig3"><ce:label>Fig. 3</ce:label><ce:caption id="cap0020"><ce:simple-para id="fspara0020" view="all">The formation energy as a function of the number of xenon atoms for different sizes of <ce:italic>Xe</ce:italic><ce:inf loc="post"><ce:italic>n</ce:italic></ce:inf><ce:italic>V</ce:italic><ce:inf loc="post"><ce:italic>m</ce:italic></ce:inf> clusters.</ce:simple-para></ce:caption><ce:link locator="gr3" xlink:type="simple" xlink:href="pii:S0022311515303640/gr3"/></ce:figure><ce:figure id="fig4"><ce:label>Fig. 4</ce:label><ce:caption id="cap0025"><ce:simple-para id="fspara0025" view="all">Illustration of the diffusion of the Fe dumbbell interstitial with the Ar substitutional atom. The red sphere represents the Ar. The black outline shows the configuration after transition. The green sphere is the Fe interstitial and the green cube is the Fe vacancy. The Fe dumbbell interstitial can also reorientate in the first neighbour position from <mml:math altimg="si8.gif" overflow="scroll"><mml:mrow><mml:mrow><mml:mo>〈</mml:mo><mml:mrow><mml:mn>110</mml:mn></mml:mrow><mml:mo>〉</mml:mo></mml:mrow></mml:mrow></mml:math> to <mml:math altimg="si9.gif" overflow="scroll"><mml:mrow><mml:mo>&lt;</mml:mo><mml:mn>10</mml:mn><mml:mrow><mml:mover accent="true"><mml:mn>1</mml:mn><mml:mo>¯</mml:mo></mml:mover></mml:mrow><mml:mo>&gt;</mml:mo></mml:mrow></mml:math> with an energy barrier of 0.3 eV. (For interpretation of the references to colour in this figure legend, the reader is referred to the web version of this article.)</ce:simple-para></ce:caption><ce:link locator="gr4" xlink:type="simple" xlink:href="pii:S0022311515303640/gr4"/></ce:figure><ce:figure id="fig5"><ce:label>Fig. 5</ce:label><ce:caption id="cap0030"><ce:simple-para id="fspara0030" view="all">Schematic diagrams to show the transitions from the initial Ar substitutional atom with a vacancy in bcc Fe system. The red sphere represents the Ar. The black outline shows the configuration after transition. The green cube is the Fe vacancy. (a) The diffusion of the 8th neighbour vacancy towards an Ar substitutional atom to its 4th neighbour with the forward and reverse barrier of 0.6 eV. (b) The diffusion of the 4th neighbour vacancy to 2nd neighbour towards the Ar substitutional atom with the barrier of 0.15 eV and the reverse barrier of 1.0 eV. (c) A swap between an Ar substitutional atom and the vacancy in second neighbour with the forward and reverse barrier of 0.03 eV. (d) An Ar substitutional atom with one vacancy in second neighbour moves to form a split vacancy configuration leaving a vacancy in the original site. The forward barrier is 0.9 eV and the reverse barrier is 2.2 eV. (e) The initial configuration shown in (b) can directly form the split vacancy shown in (d) but without the intermediate step. The forward barrier is 0.6 eV and the reverse barrier is 2.65 eV. (f) The diffusion of the Ar split vacancy with the forward and reverse barrier of 1.9 eV. For Xe, the same process has a barrier of 2.0 eV. (For interpretation of the references to colour in this figure legend, the reader is referred to the web version of this article.)</ce:simple-para></ce:caption><ce:link locator="gr5" xlink:type="simple" xlink:href="pii:S0022311515303640/gr5"/></ce:figure><ce:figure id="fig6"><ce:label>Fig. 6</ce:label><ce:caption id="cap0035"><ce:simple-para id="fspara0035" view="all">The diffusion of an Ar triangle cluster with the forward and reverse barriers of 1.8 eV. The same nomenclature is used as in <ce:cross-ref refid="fig5" id="crosref0180">Fig. 5</ce:cross-ref>. The same process exists for Xe with a slightly higher barrier of 2.1 eV.</ce:simple-para></ce:caption><ce:link locator="gr6" xlink:type="simple" xlink:href="pii:S0022311515303640/gr6"/></ce:figure><ce:figure id="fig7"><ce:label>Fig. 7</ce:label><ce:caption id="cap0040"><ce:simple-para id="fspara0040" view="all">Frequency of capture/loss of vacancies after collision cascades near a bubble containing 15 vacancies. The three results show cases of (1) below the ideal gas-vacancy ratio, (2) at the optimal and (3) above the ideal ratio.</ce:simple-para></ce:caption><ce:link locator="gr7" xlink:type="simple" xlink:href="pii:S0022311515303640/gr7"/></ce:figure><ce:table id="tbl1" frame="topbot" colsep="0" rowsep="0" xmlns="http://www.elsevier.com/xml/common/cals/dtd"><ce:label>Table 1</ce:label><ce:caption id="cap0010a"><ce:simple-para id="tspara0010" view="all">The formation energies of the different sites for the incorporation of the gas atoms.</ce:simple-para></ce:caption><tgroup cols="4"><colspec colnum="1" colname="col1" colwidth="19*"/><colspec colnum="2" colname="col2" colwidth="31*"/><colspec colnum="3" colname="col3" colwidth="30*"/><colspec colnum="4" colname="col4" colwidth="16*"/><thead><row rowsep="1" valign="top"><entry xmlns="http://www.elsevier.com/xml/common/dtd">Gas species</entry><entry xmlns="http://www.elsevier.com/xml/common/dtd">Substitutional formation energy</entry><entry xmlns="http://www.elsevier.com/xml/common/dtd">Tetrahedral formation energy</entry><entry xmlns="http://www.elsevier.com/xml/common/dtd">Octahedral formation energy</entry></row></thead><tbody><row valign="top"><entry xmlns="http://www.elsevier.com/xml/common/dtd">He</entry><entry align="char" char="." xmlns="http://www.elsevier.com/xml/common/dtd">3.76 eV</entry><entry align="char" char="." xmlns="http://www.elsevier.com/xml/common/dtd">4.38 eV</entry><entry align="char" char="." xmlns="http://www.elsevier.com/xml/common/dtd">4.47 eV</entry></row><row valign="top"><entry xmlns="http://www.elsevier.com/xml/common/dtd">Ar</entry><entry align="char" char="." xmlns="http://www.elsevier.com/xml/common/dtd">12.20 eV</entry><entry align="char" char="." xmlns="http://www.elsevier.com/xml/common/dtd">16.82 eV</entry><entry align="char" char="." xmlns="http://www.elsevier.com/xml/common/dtd">17.61 eV</entry></row><row valign="top"><entry xmlns="http://www.elsevier.com/xml/common/dtd">Xe</entry><entry align="char" char="." xmlns="http://www.elsevier.com/xml/common/dtd">15.45 eV</entry><entry align="char" char="." xmlns="http://www.elsevier.com/xml/common/dtd">20.15 eV</entry><entry align="char" char="." xmlns="http://www.elsevier.com/xml/common/dtd">20.43 eV</entry></row></tbody></tgroup></ce:table><ce:table id="tbl2" frame="topbot" colsep="0" rowsep="0" xmlns="http://www.elsevier.com/xml/common/cals/dtd"><ce:label>Table 2</ce:label><ce:caption id="cap0015a"><ce:simple-para id="tspara0015" view="all">The diffusion barriers for the isolated inert gas atoms in bcc Fe. In the case of the interstitial-substitutional jump a Fe dumbbell interstitial forms after the gas atom becomes substitutional. These show that for He, diffusion of the interstitial atom is expected, whereas for Ar and Xe a jump to the nearest substitutional site is preferred.</ce:simple-para></ce:caption><tgroup cols="4"><colspec colnum="1" colname="col1" colwidth="18*"/><colspec colnum="2" colname="col2" colwidth="29*"/><colspec colnum="3" colname="col3" colwidth="30*"/><colspec colnum="4" colname="col4" colwidth="19*"/><thead><row rowsep="1" valign="top"><entry xmlns="http://www.elsevier.com/xml/common/dtd">Gas species</entry><entry xmlns="http://www.elsevier.com/xml/common/dtd">Interstitial–interstitial barrier</entry><entry xmlns="http://www.elsevier.com/xml/common/dtd">Interstitial-substitutional barrier</entry><entry xmlns="http://www.elsevier.com/xml/common/dtd">Substitutional-interstitial barrier</entry></row></thead><tbody><row valign="top"><entry xmlns="http://www.elsevier.com/xml/common/dtd">He</entry><entry align="char" char="." xmlns="http://www.elsevier.com/xml/common/dtd">0.06 eV</entry><entry align="char" char="." xmlns="http://www.elsevier.com/xml/common/dtd">6.8 eV</entry><entry align="char" char="." xmlns="http://www.elsevier.com/xml/common/dtd">7.4 eV</entry></row><row valign="top"><entry xmlns="http://www.elsevier.com/xml/common/dtd">Ar</entry><entry align="char" char="." xmlns="http://www.elsevier.com/xml/common/dtd">0.3 eV</entry><entry align="char" char="." xmlns="http://www.elsevier.com/xml/common/dtd">0.07 eV</entry><entry align="char" char="." xmlns="http://www.elsevier.com/xml/common/dtd">1.4 eV</entry></row><row valign="top"><entry xmlns="http://www.elsevier.com/xml/common/dtd">Xe</entry><entry align="char" char="." xmlns="http://www.elsevier.com/xml/common/dtd">0.5 eV</entry><entry align="char" char="." xmlns="http://www.elsevier.com/xml/common/dtd">0.15 eV</entry><entry align="char" char="." xmlns="http://www.elsevier.com/xml/common/dtd">1.8 eV</entry></row></tbody></tgroup></ce:table></ce:floats><head><ce:title id="title0010">Inert gas bubbles in bcc Fe</ce:title><ce:author-group id="augrp0010"><ce:author id="au1"><ce:given-name>Xiao</ce:given-name><ce:surname>Gai</ce:surname><ce:e-address type="email" id="eadd0010">windgx22@hotmail.com</ce:e-address></ce:author><ce:author id="au2"><ce:given-name>Roger</ce:given-name><ce:surname>Smith</ce:surname><ce:cross-ref refid="cor1" id="crosref0010"><ce:sup loc="post">∗</ce:sup></ce:cross-ref><ce:e-address type="email" id="eadd0015">r.smith@lboro.ac.uk</ce:e-address></ce:author><ce:author id="au3"><ce:given-name>S.D.</ce:given-name><ce:surname>Kenny</ce:surname><ce:e-address type="email" id="eadd0020">masdk@lboro.ac.uk</ce:e-address></ce:author><ce:affiliation id="aff1"><ce:textfn>Department of Mathematical Sciences, Loughborough University, Leicestershire, LE11 3TU, UK</ce:textfn><sa:affiliation><sa:organization>Department of Mathematical Sciences</sa:organization><sa:organization>Loughborough University</sa:organization><sa:city>Leicestershire</sa:city><sa:postal-code>LE11 3TU</sa:postal-code><sa:country>UK</sa:country></sa:affiliation></ce:affiliation><ce:correspondence id="cor1"><ce:label>∗</ce:label><ce:text>Corresponding author.</ce:text></ce:correspondence></ce:author-group><ce:date-received day="24" month="8" year="2015"/><ce:date-revised day="6" month="11" year="2015"/><ce:date-accepted day="30" month="11" year="2015"/><ce:abstract xml:lang="en" id="abs0010" view="all" class="author"><ce:section-title id="sectitle0010">Abstract</ce:section-title><ce:abstract-sec id="abssec0010" view="all"><ce:simple-para id="abspara0010" view="all">The properties of inert gas bubbles in bcc Fe is examined using a combination of static energy minimisation, molecular dynamics and barrier searching methods with empirical potentials. Static energy minimisation techniques indicate that for small Ar and Xe bubbles, the preferred gas to vacancy ratio at 0 K is about 1:1 for Ar and varies between 0.5:1 and 0.9:1 for Xe. In contrast to interstitial He atoms and small He interstitial clusters, which are highly mobile in the lattice, Ar and Xe atoms prefer to occupy substitutional sites and any interstitials present in the lattice soon displace Fe atoms and become substitutional. If a pre-existing bubble is present then there is a capture radius around a bubble which extends up to the 6th neighbour position. Collision cascades can also enlarge an existing bubble by the capture of vacancies. Ar and Xe can diffuse through the lattice through vacancy driven mechanisms but with relatively high energy barriers of 1.8 and 2.0 eV respectively. This indicates that Ar and Xe bubbles are much harder to form than bubbles of He and that such gases produced in a nuclear reaction would more likely be dispersed at substitutional sites without the help of increased temperature or radiation-driven mechanisms.</ce:simple-para></ce:abstract-sec></ce:abstract><ce:keywords xml:lang="en" id="kwrds0010" view="all" class="keyword"><ce:section-title id="sectitle0015">Keywords</ce:section-title><ce:keyword id="kwrd0010"><ce:text>He</ce:text></ce:keyword><ce:keyword id="kwrd0015"><ce:text>Ar</ce:text></ce:keyword><ce:keyword id="kwrd0020"><ce:text>Xe bubbles</ce:text></ce:keyword><ce:keyword id="kwrd0025"><ce:text>Radiation damage</ce:text></ce:keyword><ce:keyword id="kwrd0030"><ce:text>Molecular dynamics</ce:text></ce:keyword><ce:keyword id="kwrd0035"><ce:text>Energy barriers</ce:text></ce:keyword><ce:keyword id="kwrd0040"><ce:text>Diffusion</ce:text></ce:keyword></ce:keywords></head><body view="all"><ce:sections><ce:section id="sec1" role="introduction" view="all"><ce:label>1</ce:label><ce:section-title id="sectitle0020">Introduction</ce:section-title><ce:para id="p0010" view="all">Ferritic and martensitic steels are candidate materials for use in nuclear reactors <ce:cross-refs refid="bib1 bib2" id="crosrefs0010">[1,2]</ce:cross-refs>. The transmutation-created inert gas, especially He, plays an important role in the microstructural evolution of these steels under neutron irradiation. In a previous paper <ce:cross-ref refid="bib3" id="crosref0015">[3]</ce:cross-ref> the mechanisms by which He in a perfect body-centred-cubic (bcc) Fe lattice, can agglomerate into bubbles was discussed. It was shown that small He interstitial clusters are highly mobile but become effectively pinned with the emission of Fe interstitials when the clusters contain 5 or more He atoms. Small bubbles up to around 1.5 nm in diameter can easily form at room temperature from such seed points but larger bubbles are more difficult to form by diffusion alone due to the induced strain in the bcc lattice which increases the energy barriers for diffusion towards the bubbles whilst reducing them in a direction away from the bubbles. Subsequent bubble enlargement can then only occur either through increased temperature or by radiation induced mechanisms which increase the number of vacancies in the bubble and reduce the lattice strain. Emission of interracial loops from such a bubble was not observed in molecular dynamics simulations.</ce:para><ce:para id="p0015" view="all">Since He is not the only inert gas to occur as a result of nuclear reactions and in addition Ar and Xe are often used in ion bombardment experiments, it is important to understand if similar mechanisms can also result in bubble growth for these gases. In this paper bubbles of Ar and Xe in bcc Fe are therefore investigated.</ce:para><ce:para id="p0020" view="all">There is much less experimental evidence for the presence of bubbles of Ar or Xe either as a result of nuclear reactions or through energetic inert gas bombardment. Microstructural evolution of P92 ferritic/martensitic steel irradiated by <ce:italic>Ar</ce:italic><ce:sup loc="post">+</ce:sup> ion beams at doses from 0.6 to 230 displacements per atom (dpa) at room temperature was investigated with a conventional transmission electron microscope technique by Jin et al. <ce:cross-ref refid="bib4" id="crosref0020">[4]</ce:cross-ref>. The work investigated the effect of irradiation on embedded carbide particles which became partly amorphous at an irradiation dose of 2.3 dpa and were almost completely amorphous at the dose of 11.5 dpa. Although not specifically mentioned in the paper, the micrographs contained no evidence of Ar bubble formation.</ce:para><ce:para id="p0025" view="all">However Klimenkov <ce:cross-ref refid="bib5" id="crosref0025">[5]</ce:cross-ref> showed clear microscopic evidence for Ar bubbles in oxide dispersion strengthened (ODS) steel where the bubbles appear at the interface between the ODS particle and the surrounding matrix. Here the smaller bubbles were measured to have a concentration of 15–18 Ar atoms per cubic nanometre. In this case the ODS material was prepared by ball milling in an argon atmosphere so that the argon was incorporated into the bulk materials during the preparation process.</ce:para><ce:para id="p0030" view="all">Thus, although such bubbles have been observed, it is not clear under what circumstances they can form. This paper therefore attempts to address the issue. The techniques used here are the same as in Ref. <ce:cross-ref refid="bib3" id="crosref0030">[3]</ce:cross-ref>, namely empirical potentials, static energy minimisation, molecular dynamics (MD) and barrier searching.</ce:para></ce:section><ce:section id="sec2" role="materials-methods" view="all"><ce:label>2</ce:label><ce:section-title id="sectitle0025">Methodology</ce:section-title><ce:para id="p0035" view="all">For simulating the gas-vacancy clusters in the bcc iron system, we use a Lennard-Jones potential <ce:cross-ref refid="bib6" id="crosref0035">[6]</ce:cross-ref> for the Ar–Ar and Xe–Xe interaction, a ZBL potential <ce:cross-ref refid="bib7" id="crosref0040">[7]</ce:cross-ref> for Ar–Fe and Xe–Fe and the Ackland-Mendelev potential for Fe–Fe <ce:cross-ref refid="bib8" id="crosref0045">[8]</ce:cross-ref>. Molecular dynamics simulations are carried out using a code LBOMD which has been developed in our group and used over a number of years. Energy barriers are calculated either using the Nudged Elastic Band (NEB) Method <ce:cross-ref refid="bib9" id="crosref0050">[9]</ce:cross-ref> when the initial and final states are known or by barrier searching using the dimer or Relaxation and Translation (RAT) method <ce:cross-refs refid="bib10 bib12" id="crosrefs0015">[10,12]</ce:cross-refs>. The RAT method is a modification of the ART method developed by Mousseau and others <ce:cross-ref refid="bib11" id="crosref0055">[11]</ce:cross-ref>.</ce:para></ce:section><ce:section id="sec3" view="all"><ce:label>3</ce:label><ce:section-title id="sectitle0030">Formation energies</ce:section-title><ce:para id="p0040" view="all">The formation energies of interstitial and substitutional inert gas atoms calculated using conjugate gradient minimisation are given in <ce:cross-ref refid="tbl1" id="crosref0060">Table 1</ce:cross-ref><ce:float-anchor refid="tbl1"/>. The He data is taken from Ref. <ce:cross-ref refid="bib3" id="crosref0065">[3]</ce:cross-ref> for comparison. Here the formation energy of the substitutional site is defined to be the difference in energy between a perfect bcc Fe lattice with the gas atom at infinity and the lattice of the same number of Fe atoms with the substitutional atom added. Thus<ce:display><ce:formula id="fd1"><ce:label>(1)</ce:label><mml:math altimg="si1.gif" overflow="scroll"><mml:mrow><mml:msubsup><mml:mi>E</mml:mi><mml:mrow><mml:mi>g</mml:mi><mml:mi>a</mml:mi><mml:mi>s</mml:mi></mml:mrow><mml:mrow><mml:mi>s</mml:mi><mml:mi>u</mml:mi><mml:mi>b</mml:mi></mml:mrow></mml:msubsup><mml:mo>=</mml:mo><mml:msubsup><mml:mi>E</mml:mi><mml:mrow><mml:mi>s</mml:mi><mml:mi>u</mml:mi><mml:mi>b</mml:mi></mml:mrow><mml:mrow><mml:mi>r</mml:mi><mml:mi>e</mml:mi><mml:mi>f</mml:mi></mml:mrow></mml:msubsup><mml:mo>−</mml:mo><mml:msubsup><mml:mi>N</mml:mi><mml:mrow><mml:mi>F</mml:mi><mml:mi>e</mml:mi></mml:mrow><mml:mrow><mml:mi>r</mml:mi><mml:mi>e</mml:mi><mml:mi>f</mml:mi></mml:mrow></mml:msubsup><mml:msub><mml:mi>E</mml:mi><mml:mrow><mml:mi>F</mml:mi><mml:mi>e</mml:mi></mml:mrow></mml:msub><mml:mo>,</mml:mo></mml:mrow></mml:math></ce:formula></ce:display>where <mml:math altimg="si2.gif" overflow="scroll"><mml:mrow><mml:msubsup><mml:mi>E</mml:mi><mml:mrow><mml:mi>g</mml:mi><mml:mi>a</mml:mi><mml:mi>s</mml:mi></mml:mrow><mml:mrow><mml:mi>s</mml:mi><mml:mi>u</mml:mi><mml:mi>b</mml:mi></mml:mrow></mml:msubsup></mml:mrow></mml:math> is the formation energy of the gas substitutional atom; <mml:math altimg="si3.gif" overflow="scroll"><mml:mrow><mml:msubsup><mml:mi>E</mml:mi><mml:mrow><mml:mi>s</mml:mi><mml:mi>u</mml:mi><mml:mi>b</mml:mi></mml:mrow><mml:mrow><mml:mi>r</mml:mi><mml:mi>e</mml:mi><mml:mi>f</mml:mi></mml:mrow></mml:msubsup></mml:mrow></mml:math> is the energy of the system with the gas atom added; <ce:italic>E</ce:italic><ce:inf loc="post"><ce:italic>Fe</ce:italic></ce:inf> is the cohesive energy of Fe and <mml:math altimg="si4.gif" overflow="scroll"><mml:mrow><mml:msubsup><mml:mi>N</mml:mi><mml:mrow><mml:mi>F</mml:mi><mml:mi>e</mml:mi></mml:mrow><mml:mrow><mml:mi>r</mml:mi><mml:mi>e</mml:mi><mml:mi>f</mml:mi></mml:mrow></mml:msubsup></mml:mrow></mml:math> is the number of Fe atoms in the reference system.</ce:para><ce:para id="p0045" view="all">The interstitial formation energies are similarly defined and refer to the difference in energy between a perfect Fe lattice and one that has the interstitial gas atom inserted. In all cases the substitutional site is favoured but there is a much larger difference in energy for Ar and Xe compared to He.</ce:para><ce:para id="p0050" view="all">The formation energies of the gas-vacancy clusters <ce:italic>Ar</ce:italic><ce:inf loc="post"><ce:italic>n</ce:italic></ce:inf><ce:italic>V</ce:italic><ce:inf loc="post"><ce:italic>m</ce:italic></ce:inf> and <ce:italic>Xe</ce:italic><ce:inf loc="post"><ce:italic>n</ce:italic></ce:inf><ce:italic>V</ce:italic><ce:inf loc="post"><ce:italic>m</ce:italic></ce:inf>, where <ce:italic>n</ce:italic> is the number of inert gas atoms and <ce:italic>m</ce:italic> refers to the number of missing Fe atoms, (note that the number of Fe vacancies is not necessarily the same as the number of inserted gas atoms) are calculated using a Monte Carlo algorithm, which was introduced in Ref. <ce:cross-ref refid="bib3" id="crosref0070">[3]</ce:cross-ref>. In brief the method starts by creating a void with <ce:italic>m</ce:italic> missing Fe atoms, removing the atoms one at a time by choosing the Fe atom with the largest potential energy in the system. The energy is minimised at each step. The <ce:italic>n</ce:italic> He atoms are then added and the system minimised by using a combination of the Metropolis Monte Carlo method to alter the He positions followed by conjugate gradient minimisation.</ce:para><ce:para id="p0055" view="all">The formation energy of a gas-vacancy complex is defined as the difference in total energy between a crystal containing the defect and a perfect crystal of the same number of Fe atoms with the corresponding number of gas atoms in their lowest energy structure.<ce:display><ce:formula id="fd2"><ce:label>(2)</ce:label><mml:math altimg="si5.gif" overflow="scroll"><mml:mrow><mml:msub><mml:mi>E</mml:mi><mml:mi>f</mml:mi></mml:msub><mml:mo>=</mml:mo><mml:msub><mml:mi>E</mml:mi><mml:mi>b</mml:mi></mml:msub><mml:mo>+</mml:mo><mml:mrow><mml:mo>(</mml:mo><mml:mrow><mml:mi>n</mml:mi><mml:mo>−</mml:mo><mml:mi>m</mml:mi></mml:mrow><mml:mo>)</mml:mo></mml:mrow><mml:msub><mml:mi>E</mml:mi><mml:mrow><mml:mi>v</mml:mi><mml:mi>a</mml:mi><mml:mi>c</mml:mi></mml:mrow></mml:msub><mml:mo>−</mml:mo><mml:msub><mml:mi>N</mml:mi><mml:mrow><mml:mi>F</mml:mi><mml:mi>e</mml:mi></mml:mrow></mml:msub><mml:msub><mml:mi>E</mml:mi><mml:mrow><mml:mi>F</mml:mi><mml:mi>e</mml:mi></mml:mrow></mml:msub><mml:mo>−</mml:mo><mml:mi>n</mml:mi><mml:msubsup><mml:mi>E</mml:mi><mml:mrow><mml:mi>g</mml:mi><mml:mi>a</mml:mi><mml:mi>s</mml:mi></mml:mrow><mml:mrow><mml:mi>s</mml:mi><mml:mi>u</mml:mi><mml:mi>b</mml:mi></mml:mrow></mml:msubsup><mml:mtext>,</mml:mtext></mml:mrow></mml:math></ce:formula></ce:display>where <ce:italic>E</ce:italic><ce:inf loc="post"><ce:italic>f</ce:italic></ce:inf> is the formation energy. <ce:italic>E</ce:italic><ce:inf loc="post"><ce:italic>b</ce:italic></ce:inf> is the energy of the lattice containing the bubble; <ce:italic>E</ce:italic><ce:inf loc="post"><ce:italic>vac</ce:italic></ce:inf> is the formation energy of a single vacancy in an otherwise perfect bcc Fe lattice, defined as follows;<ce:display><ce:formula id="fd3"><ce:label>(3)</ce:label><mml:math altimg="si6.gif" overflow="scroll"><mml:mrow><mml:msub><mml:mi>E</mml:mi><mml:mrow><mml:mi>v</mml:mi><mml:mi>a</mml:mi><mml:mi>c</mml:mi></mml:mrow></mml:msub><mml:mo>=</mml:mo><mml:mi>E</mml:mi><mml:mrow><mml:mo>(</mml:mo><mml:mrow><mml:mi>v</mml:mi><mml:mo>,</mml:mo><mml:mi>N</mml:mi><mml:mo>−</mml:mo><mml:mn>1</mml:mn></mml:mrow><mml:mo>)</mml:mo></mml:mrow><mml:mo>−</mml:mo><mml:mrow><mml:mo>(</mml:mo><mml:mrow><mml:mi>N</mml:mi><mml:mo>−</mml:mo><mml:mn>1</mml:mn></mml:mrow><mml:mo>)</mml:mo></mml:mrow><mml:msub><mml:mi>E</mml:mi><mml:mrow><mml:mi>F</mml:mi><mml:mi>e</mml:mi></mml:mrow></mml:msub><mml:mtext>,</mml:mtext></mml:mrow></mml:math></ce:formula></ce:display>where <ce:italic>E</ce:italic>(<ce:italic>v,N</ce:italic>−1) is the energy of the lattice containing one vacancy and <ce:italic>N</ce:italic>−1 is the number of Fe atoms in the system. <ce:italic>N</ce:italic><ce:inf loc="post"><ce:italic>Fe</ce:italic></ce:inf> is the number of Fe atoms in the lattice containing the bubble.</ce:para><ce:para id="p0060" view="all"><ce:cross-ref refid="fig1" id="crosref0075">Fig. 1</ce:cross-ref><ce:float-anchor refid="fig1"/> shows the formation energy of the <ce:italic>Ar</ce:italic><ce:inf loc="post"><ce:italic>n</ce:italic></ce:inf><ce:italic>V</ce:italic><ce:inf loc="post"><ce:italic>m</ce:italic></ce:inf> clusters in bcc Fe at 0 K. Each curve is evaluated with a fixed number of vacancies, which implies that all the bubbles on an individual curve have preformed vacancies before the Ar is inserted. To ensure the results can be compared on a similar scale, the figure shows the formation energy per vacancy. It is clear that there is an optimal (lowest formation energy per vacancy) Ar-to-vacancy ratio for each curve. The optimum bubble size is given by the minima on the curves in <ce:cross-ref refid="fig1" id="crosref0080">Fig. 1</ce:cross-ref>. It can be seen that the optimum ratio is around 1: 1. Further, each curve stops at the final point because the bubble is no longer stable to hold more argon with the given number of vacancies; in other words, adding extra argon will cause the bubble to push the neighbouring Fe atoms into interstitials thus adding more vacancies into the bubble. This is shown schematically for the 5 vacancy case in <ce:cross-ref refid="fig2" id="crosref0085">Fig. 2</ce:cross-ref><ce:float-anchor refid="fig2"/>.</ce:para><ce:para id="p0065" view="all">The 1:1 ratio works out at about 14 Ar per cubic nanometre of material similar to the experimental values measured by Klimenkov <ce:cross-ref refid="bib5" id="crosref0090">[5]</ce:cross-ref>. A similar result also occurs for the formation energies of <ce:italic>Xe</ce:italic><ce:inf loc="post"><ce:italic>n</ce:italic></ce:inf><ce:italic>V</ce:italic><ce:inf loc="post"><ce:italic>m</ce:italic></ce:inf> clusters. In this case the optimal ratio varies between about 0.5:1 to 0.9:1 as shown in <ce:cross-ref refid="fig3" id="crosref0095">Fig. 3</ce:cross-ref><ce:float-anchor refid="fig3"/>.</ce:para></ce:section><ce:section id="sec4" view="all"><ce:label>4</ce:label><ce:section-title id="sectitle0035">Molecular dynamics simulations and energy barrier calculations</ce:section-title><ce:para id="p0070" view="all">Previously it was shown <ce:cross-refs refid="bib3 bib13" id="crosrefs0020">[3,13]</ce:cross-refs> that if randomly placed interstitial He atoms were inserted into a perfect bcc lattice at elevated temperature, the He rapidly diffused to form small bubbles by pushing out Fe atoms. This rapid diffusion is because the energy barrier for interstitial diffusion is 0.06 eV as shown in <ce:cross-ref refid="tbl2" id="crosref0100">Table 2</ce:cross-ref><ce:float-anchor refid="tbl2"/>. This is much lower than the barrier for the He to become substitutional and eject an Fe interstitial calculated as 6.8 eV. In the case of randomly inserted Ar and Xe interstitials this does not happen. MD simulations at 500 K show that the atoms become substitutional over a 1 ns time scale producing Fe dumbbell interstitials. This only occurs with He when the cluster reaches a size of 4 or 5 He interstitial atoms. Small He clusters up to those sizes are mobile in the lattice. The reason why Ar and Xe atoms become substitutional can be seen from <ce:cross-ref refid="tbl2" id="crosref0105">Table 2</ce:cross-ref> which shows that the energy barriers, calculated using the NEB method, for interstitial Ar or Xe atoms to become substitutional, are much lower than those involving diffusion to another interstitial site. The reverse barriers for Ar or Xe substitutional atoms to become interstitial are much higher at 1.4 eV and 1.8 eV respectively.</ce:para><ce:para id="p0075" view="all">To give some idea of the jump frequency with these large barriers we can use the Arrenhius equation<ce:display><ce:formula id="ufd1"><mml:math altimg="si7.gif" overflow="scroll"><mml:mrow><mml:mi>ν</mml:mi><mml:mo>=</mml:mo><mml:msub><mml:mi>ν</mml:mi><mml:mn>0</mml:mn></mml:msub><mml:mtext>exp</mml:mtext><mml:mrow><mml:mo>(</mml:mo><mml:mrow><mml:mo>−</mml:mo><mml:mi>E</mml:mi><mml:mo>/</mml:mo><mml:mi>k</mml:mi><mml:mi>T</mml:mi></mml:mrow><mml:mo>)</mml:mo></mml:mrow></mml:mrow></mml:math></ce:formula></ce:display>where <ce:italic>E</ce:italic> is the energy barrier, <ce:italic>T</ce:italic> is temperature, <ce:italic>k</ce:italic> is Boltzmann's constant and <ce:italic>ν</ce:italic><ce:inf loc="post">0</ce:inf> the prefactor. The prefactor can be determined using the Vineyard method <ce:cross-ref refid="bib14" id="crosref0110">[14]</ce:cross-ref>. If we use a typical value of <ce:italic>ν</ce:italic><ce:inf loc="post">0</ce:inf>=10<ce:sup loc="post">12</ce:sup><ce:italic>s</ce:italic><ce:sup loc="post">−1</ce:sup> <ce:cross-ref refid="bib16" id="crosref0115">[16]</ce:cross-ref>, then we find hop times out of the substitutional site of around 2 min and 16 days for the energy barriers of 1.4 and 1.8 eV respectively at 500 K. The reverse barriers are tiny so even if the atom succeeded in jumping to a nearby interstitial site it would rapidly recombine.</ce:para><ce:para id="p0080" view="all">Once the inert gas atoms have become substitutional they create a nearby Fe dumbbell interstitial. Thus it is instructive to examine the energy barriers for the Fe interstitial to diffuse away from the substitutional inert gas atom. It is known from both ab initio <ce:cross-ref refid="bib17" id="crosref0120">[17]</ce:cross-ref> and empirical potential calculations <ce:cross-ref refid="bib16" id="crosref0125">[16]</ce:cross-ref> that the lowest energy Fe interstitial is the &lt; 110&gt; dumbbell which diffuses with a barrier of 0.3 eV <ce:cross-ref refid="fig4" id="crosref0130">Fig. 4</ce:cross-ref><ce:float-anchor refid="fig4"/> shows a similar energy barrier so the dumbbell interstitial is not bound to an Ar substitutional atom and could diffuse away as easily as it could diffuse in the perfect Fe lattice (hop time of ≈ 1 ns at 500 K). An almost identical situation exists if the substitutional atom is Xe.</ce:para><ce:para id="p0085" view="all">This suggests that in contrast to He, energetic Ar or Xe produced either by a nuclear reaction or inserted into a lattice by ion implantation would not diffuse and accumulate into bubbles at low temperature but instead after losing kinetic energy through ballistic collisions would quickly occupy nearby substitutional sites. The displacement of a lattice atom by the inert gas has sometimes been referred to as trap mutation in the previous literature and is well known for the case of He in W <ce:cross-ref refid="bib15" id="crosref0135">[15]</ce:cross-ref>. The Fe interstitial could then easily diffuse away to find other sink sites, such as a nearby grain boundary.</ce:para><ce:para id="p0090" view="all">The question therefore arises as to whether bubbles of Ar and Xe can actually form in the material during these processes. Are there other diffusion mechanisms that could give rise to bubble formation and if a bubble actually forms, by what mechanism could it grow ?</ce:para><ce:section id="sec4.1" view="all"><ce:label>4.1</ce:label><ce:section-title id="sectitle0040">Vacancy driven diffusion mechanisms</ce:section-title><ce:para id="p0095" view="all">Another possibility for a substitutional Ar or Xe atom to diffuse in the lattice is through a vacancy-driven mechanism. We therefore examine the diffusion barriers for substitutional atoms in the presence of 1–2 vacancies.</ce:para><ce:para id="p0100" view="all"><ce:cross-ref refid="fig5" id="crosref0140">Fig. 5</ce:cross-ref><ce:float-anchor refid="fig5"/>a,b shows that the energy barriers for a nearby vacancy to diffuse towards the Ar substitutional atom are lower than in the bulk crystal (0.64 eV, <ce:cross-ref refid="bib16" id="crosref0145">[16]</ce:cross-ref>). Thus vacancies are attracted to substitutional Ar. For a single vacancy, the lowest energy structure for both Ar and Xe is the &lt; 111&gt; split vacancy complex. This can diffuse as a unit but the lowest energy barriers are 1.9 eV and 2.0 eV for Ar and Xe respectively as illustrated in <ce:cross-ref refid="fig5" id="crosref0150">Fig. 5</ce:cross-ref>f for Ar. The identical mechanism exists in the case of Xe. A well-known vacancy assisted mechanism for diffusion is the so-called five frequency model <ce:cross-ref refid="bib18" id="crosref0155">[18]</ce:cross-ref>. However <ce:cross-ref refid="fig5" id="crosref0160">Fig. 5</ce:cross-ref>e shows that this mechanism is not preferred here since the reverse barrier for a split vacancy structure to return to a substitutional gas atom and a fourth neighbour vacancy is 2.65 eV which is much higher than if the complex diffuses as a whole. Other diffusion mechanisms are also shown in the figure. These mechanisms and the values of the energy barriers were calculated using the dimer and RAT methods from several hundred searches and checked using the NEB method. Since these methods make no assumption about the final state we are confident that the lowest energy diffusion mechanisms were obtained.</ce:para><ce:para id="p0105" view="all">If the initial structure is composed of a substitutional inert gas atom with 2 adjacent vacancies, the complex evolves to an isosceles triangle structure with the inert gas atoms located at the centroid. This structure can diffuse as a unit with similar energy barriers to the split vacancy complex, 1.8 eV and 2.1 eV for Ar and Xe respectively. See <ce:cross-ref refid="fig6" id="crosref0165">Fig. 6</ce:cross-ref><ce:float-anchor refid="fig6"/>. Since these energy barriers are high it seems unlikely that inert gas atoms could diffuse through the system through a vacancy driven mechanism to create bubbles unless the temperature is very high.</ce:para></ce:section><ce:section id="sec4.2" view="all"><ce:label>4.2</ce:label><ce:section-title id="sectitle0045">Pre-existing inert gas bubbles</ce:section-title><ce:para id="p0110" view="all">It is instructive to examine the effect of irradiation on any pre-existing Ar or Xe bubbles in the material since it was previously shown in the case of He bubbles that they could be enlarged by irradiation through the capture of vacancies (emission of Fe interstitials). Following the same procedure as in the case of He <ce:cross-ref refid="bib3" id="crosref0170">[3]</ce:cross-ref> we initiated 8000 separate cascades by imparting 1 keV of energy to nearby Fe atoms in the lattice and examined the resulting bubbles after the irradiation events. The statistics are presented in <ce:cross-ref refid="fig7" id="crosref0175">Fig. 7</ce:cross-ref><ce:float-anchor refid="fig7"/>a and b for bubbles that initially contained 15 vacancies. It can be seen, as was the case with He bubbles, that the bubbles can enlarge by vacancy capture. Because of the lattice strain around the bubble it is easier for any emitted Fe interstitial atoms to diffuse away from the bubble than to return. Fe interstitial return to the bubble was not observed during the time scale of the MD simulations (10ps). It is only in the case where the bubbles contain fewer inert gas atoms than those corresponding to the minima on the curves in <ce:cross-refs refid="fig1 fig3" id="crosrefs0025">Figs. 1 and 3</ce:cross-refs> that Fe interstitials produced by irradiation reduce a bubble's size. Irradiation might therefore provide a mechanism for an existing bubble to be enlarged by allowing nearby inert gas atoms to join. Thus the effect of a bubble on nearby substitutional Ar and Xe atoms was examined. It was not possible to calculate energy barriers for substitutional atoms located in positions up to 0.5 nm from the edge of an existing bubble since such atoms joined the bubble during energy system minimisation, both using conjugate gradient and damped MD, thus indicating that a capture zone exists. The energy barriers for substitutional atoms located at distance greater than ≈ 0.55 nm to join the bubble are slightly reduced from the bulk values but still exceed 1.7 eV. Thus a possible mechanism for bubble enlargement is vacancy capture together with movement of inert gas atoms induced by irradiation into the capture zone.</ce:para></ce:section></ce:section><ce:section id="sec5" role="conclusion" view="all"><ce:label>5</ce:label><ce:section-title id="sectitle0050">Conclusion</ce:section-title><ce:para id="p0115" view="all">Ar and Xe bubbles in a bcc Fe crystal lattice have been examined and the optimal gas to vacancy ratio determined. Unlike the case of He, the larger sized Ar and Xe atoms cannot easily diffuse through the crystal as they prefer to locate at substitutional sites. This suggests that bubble formation and the resulting loss of structural integrity, may be much less of a problem compared to the case of He. Bubbles could form and enlarge through irradiation induced mechanisms but this would entail much larger doses than in the case of He.</ce:para></ce:section></ce:sections><ce:acknowledgment id="ack0010" view="all"><ce:section-title id="sectitle0055">Acknowledgement</ce:section-title><ce:para id="p0120" view="all">The main part of the work was carried out as part of the <ce:grant-sponsor id="gs1" xlink:type="simple" xlink:role="http://www.elsevier.com/xml/linking-roles/grant-sponsor">EPSRC</ce:grant-sponsor> funded PROMINENT project, Performance and Reliability of Metallic Materials for Nuclear Fission Power Generation, grant <ce:grant-number refid="gs1">EP/I003274/1</ce:grant-number>. We also acknowledge the use of Loughborough University's high performance computing unit. The underlying research material is available for use by request.</ce:para></ce:acknowledgment></body><tail view="all"><ce:bibliography id="cebib0010" view="all"><ce:section-title id="sectitle0060">References</ce:section-title><ce:bibliography-sec id="cebibsec0010" view="all"><ce:bib-reference id="bib1"><ce:label>[1]</ce:label><sb:reference id="sref1"><sb:contribution langtype="en"><sb:authors><sb:author><ce:given-name>S.J.</ce:given-name><ce:surname>Zinkle</ce:surname></sb:author></sb:authors></sb:contribution><sb:host><sb:issue><sb:series><sb:title><sb:maintitle>Phys. Plasmas</sb:maintitle></sb:title><sb:volume-nr>12</sb:volume-nr></sb:series><sb:date>2005</sb:date></sb:issue><sb:pages><sb:first-page>058101</sb:first-page></sb:pages></sb:host></sb:reference></ce:bib-reference><ce:bib-reference id="bib2"><ce:label>[2]</ce:label><sb:reference id="sref2"><sb:contribution langtype="en"><sb:authors><sb:author><ce:given-name>R.</ce:given-name><ce:surname>Kurtz</ce:surname></sb:author><sb:author><ce:given-name>A.</ce:given-name><ce:surname>Alamo</ce:surname></sb:author><sb:author><ce:given-name>E.</ce:given-name><ce:surname>Lucon</ce:surname></sb:author><sb:author><ce:given-name>Q.</ce:given-name><ce:surname>Huang</ce:surname></sb:author><sb:author><ce:given-name>S.</ce:given-name><ce:surname>Jitsukawa</ce:surname></sb:author><sb:author><ce:given-name>A.</ce:given-name><ce:surname>Kimura</ce:surname></sb:author><sb:author><ce:given-name>R.</ce:given-name><ce:surname>Klueh</ce:surname></sb:author><sb:author><ce:given-name>G.</ce:given-name><ce:surname>Odette</ce:surname></sb:author><sb:author><ce:given-name>C.</ce:given-name><ce:surname>Petersen</ce:surname></sb:author><sb:author><ce:given-name>M.</ce:given-name><ce:surname>Sokolov</ce:surname></sb:author><sb:author><ce:given-name>P.</ce:given-name><ce:surname>Spätig</ce:surname></sb:author><sb:author><ce:given-name>J.W.</ce:given-name><ce:surname>Rensman</ce:surname></sb:author></sb:authors></sb:contribution><sb:host><sb:issue><sb:series><sb:title><sb:maintitle>J. Nucl. Mater.</sb:maintitle></sb:title><sb:volume-nr>386–388</sb:volume-nr></sb:series><sb:date>2009</sb:date></sb:issue><sb:pages><sb:first-page>411</sb:first-page><sb:last-page>417</sb:last-page></sb:pages></sb:host></sb:reference></ce:bib-reference><ce:bib-reference id="bib3"><ce:label>[3]</ce:label><sb:reference id="sref3"><sb:contribution langtype="en"><sb:authors><sb:author><ce:given-name>X.</ce:given-name><ce:surname>Gai</ce:surname></sb:author><sb:author><ce:given-name>T.</ce:given-name><ce:surname>Lazauskas</ce:surname></sb:author><sb:author><ce:given-name>R.</ce:given-name><ce:surname>Smith</ce:surname></sb:author><sb:author><ce:given-name>S.D.</ce:given-name><ce:surname>Kenny</ce:surname></sb:author></sb:authors></sb:contribution><sb:host><sb:issue><sb:series><sb:title><sb:maintitle>J. Nucl. Mater.</sb:maintitle></sb:title><sb:volume-nr>462</sb:volume-nr></sb:series><sb:date>2015</sb:date></sb:issue><sb:pages><sb:first-page>382</sb:first-page><sb:last-page>390</sb:last-page></sb:pages></sb:host></sb:reference></ce:bib-reference><ce:bib-reference id="bib4"><ce:label>[4]</ce:label><sb:reference id="sref4"><sb:contribution langtype="en"><sb:authors><sb:author><ce:given-name>S.X.</ce:given-name><ce:surname>Jin</ce:surname></sb:author><sb:author><ce:given-name>L.P.</ce:given-name><ce:surname>Guo</ce:surname></sb:author><sb:author><ce:given-name>Z.</ce:given-name><ce:surname>Yang</ce:surname></sb:author><sb:author><ce:given-name>D.J.</ce:given-name><ce:surname>Fu</ce:surname></sb:author><sb:author><ce:given-name>C.S.</ce:given-name><ce:surname>Liu</ce:surname></sb:author><sb:author><ce:given-name>R.</ce:given-name><ce:surname>Tang</ce:surname></sb:author><sb:author><ce:given-name>F.H.</ce:given-name><ce:surname>Liu</ce:surname></sb:author><sb:author><ce:given-name>Y.X.</ce:given-name><ce:surname>Qiao</ce:surname></sb:author><sb:author><ce:given-name>H.D.</ce:given-name><ce:surname>Zhang</ce:surname></sb:author></sb:authors></sb:contribution><sb:host><sb:issue><sb:series><sb:title><sb:maintitle>Mater. Characterisation</sb:maintitle></sb:title><sb:volume-nr>62</sb:volume-nr></sb:series><sb:date>2011</sb:date></sb:issue><sb:pages><sb:first-page>136</sb:first-page><sb:last-page>142</sb:last-page></sb:pages></sb:host></sb:reference></ce:bib-reference><ce:bib-reference id="bib5"><ce:label>[5]</ce:label><sb:reference id="sref5"><sb:contribution langtype="en"><sb:authors><sb:author><ce:given-name>M.</ce:given-name><ce:surname>Klimenkov</ce:surname></sb:author></sb:authors></sb:contribution><sb:host><sb:issue><sb:series><sb:title><sb:maintitle>J. Nucl. Mater.</sb:maintitle></sb:title><sb:volume-nr>411</sb:volume-nr></sb:series><sb:date>2011</sb:date></sb:issue><sb:pages><sb:first-page>160</sb:first-page><sb:last-page>162</sb:last-page></sb:pages></sb:host></sb:reference></ce:bib-reference><ce:bib-reference id="bib6"><ce:label>[6]</ce:label><sb:reference id="sref6"><sb:contribution langtype="en"><sb:authors><sb:author><ce:given-name>N.W.</ce:given-name><ce:surname>Ashcroft</ce:surname></sb:author><sb:author><ce:given-name>N.D.</ce:given-name><ce:surname>Mermin</ce:surname></sb:author></sb:authors><sb:title><sb:maintitle>Solid State Physics</sb:maintitle></sb:title></sb:contribution><sb:comment>Saunders College Philadelphia</sb:comment><sb:host><sb:book><sb:date>1976</sb:date></sb:book></sb:host></sb:reference></ce:bib-reference><ce:bib-reference id="bib7"><ce:label>[7]</ce:label><sb:reference id="sref7"><sb:contribution langtype="en"><sb:authors><sb:author><ce:given-name>J.</ce:given-name><ce:surname>Ziegler</ce:surname></sb:author><sb:author><ce:given-name>J.P.</ce:given-name><ce:surname>Biersack</ce:surname></sb:author><sb:author><ce:given-name>U.</ce:given-name><ce:surname>Littmack</ce:surname></sb:author></sb:authors><sb:title><sb:maintitle>The Stopping and Range of Ions in Solids</sb:maintitle></sb:title></sb:contribution><sb:host><sb:book><sb:date>1985</sb:date><sb:publisher><sb:name>Pergamon Press</sb:name><sb:location>New York</sb:location></sb:publisher></sb:book></sb:host></sb:reference></ce:bib-reference><ce:bib-reference id="bib8"><ce:label>[8]</ce:label><sb:reference id="sref8"><sb:contribution langtype="en"><sb:authors><sb:author><ce:given-name>G.J.</ce:given-name><ce:surname>Ackland</ce:surname></sb:author><sb:author><ce:given-name>M.I.</ce:given-name><ce:surname>Mendelev</ce:surname></sb:author><sb:author><ce:given-name>D.J.</ce:given-name><ce:surname>Srolovitz</ce:surname></sb:author><sb:author><ce:given-name>S.</ce:given-name><ce:surname>Han</ce:surname></sb:author><sb:author><ce:given-name>A.V.</ce:given-name><ce:surname>Barashev</ce:surname></sb:author></sb:authors></sb:contribution><sb:host><sb:issue><sb:series><sb:title><sb:maintitle>J. Phys. Condens. Matter</sb:maintitle></sb:title><sb:volume-nr>16</sb:volume-nr></sb:series><sb:date>2004</sb:date></sb:issue><sb:pages><sb:first-page>S2629</sb:first-page><sb:last-page>S2642</sb:last-page></sb:pages></sb:host></sb:reference></ce:bib-reference><ce:bib-reference id="bib9"><ce:label>[9]</ce:label><sb:reference id="sref9"><sb:contribution langtype="en"><sb:authors><sb:author><ce:given-name>G.</ce:given-name><ce:surname>Henkelman</ce:surname></sb:author><sb:author><ce:given-name>B.P.</ce:given-name><ce:surname>Uberuaga</ce:surname></sb:author><sb:author><ce:given-name>H.</ce:given-name><ce:surname>Jónsson</ce:surname></sb:author></sb:authors></sb:contribution><sb:host><sb:issue><sb:series><sb:title><sb:maintitle>J. Chem. Phys.</sb:maintitle></sb:title><sb:volume-nr>113</sb:volume-nr></sb:series><sb:date>2000</sb:date></sb:issue><sb:pages><sb:first-page>9901</sb:first-page><sb:last-page>9904</sb:last-page></sb:pages></sb:host></sb:reference></ce:bib-reference><ce:bib-reference id="bib10"><ce:label>[10]</ce:label><sb:reference id="sref10"><sb:contribution langtype="en"><sb:authors><sb:author><ce:given-name>G.</ce:given-name><ce:surname>Henkelman</ce:surname></sb:author><sb:author><ce:given-name>H.</ce:given-name><ce:surname>Jónsson</ce:surname></sb:author></sb:authors></sb:contribution><sb:host><sb:issue><sb:series><sb:title><sb:maintitle>J. Chem. Phys.</sb:maintitle></sb:title><sb:volume-nr>111</sb:volume-nr></sb:series><sb:date>1999</sb:date></sb:issue><sb:pages><sb:first-page>7010</sb:first-page><sb:last-page>7022</sb:last-page></sb:pages></sb:host></sb:reference></ce:bib-reference><ce:bib-reference id="bib11"><ce:label>[11]</ce:label><sb:reference id="sref11"><sb:contribution langtype="en"><sb:authors><sb:author><ce:given-name>G.T.</ce:given-name><ce:surname>Barkema</ce:surname></sb:author><sb:author><ce:given-name>N.</ce:given-name><ce:surname>Mousseau</ce:surname></sb:author></sb:authors></sb:contribution><sb:host><sb:issue><sb:series><sb:title><sb:maintitle>Phys. Rev. Lett.</sb:maintitle></sb:title><sb:volume-nr>77</sb:volume-nr></sb:series><sb:date>1996</sb:date></sb:issue><sb:pages><sb:first-page>4358</sb:first-page><sb:last-page>4361</sb:last-page></sb:pages></sb:host></sb:reference></ce:bib-reference><ce:bib-reference id="bib12"><ce:label>[12]</ce:label><sb:reference id="sref12"><sb:contribution langtype="en"><sb:authors><sb:author><ce:given-name>L.</ce:given-name><ce:surname>Vernon</ce:surname></sb:author></sb:authors><sb:title><sb:maintitle>Modelling Growth of Rutile TiO<ce:inf loc="post">2</ce:inf></sb:maintitle></sb:title></sb:contribution><sb:comment>(PhD thesis)</sb:comment><sb:host><sb:book><sb:date>2010</sb:date><sb:publisher><sb:name>Loughborough University</sb:name></sb:publisher></sb:book></sb:host></sb:reference></ce:bib-reference><ce:bib-reference id="bib13"><ce:label>[13]</ce:label><sb:reference id="sref13"><sb:contribution langtype="en"><sb:authors><sb:author><ce:given-name>L.</ce:given-name><ce:surname>Yang</ce:surname></sb:author><sb:author><ce:given-name>H.</ce:given-name><ce:surname>Deng</ce:surname></sb:author><sb:author><ce:given-name>F.</ce:given-name><ce:surname>Gao</ce:surname></sb:author><sb:author><ce:given-name>H.</ce:given-name><ce:surname>Heinisch</ce:surname></sb:author><sb:author><ce:given-name>R.</ce:given-name><ce:surname>Kurtz</ce:surname></sb:author><sb:author><ce:given-name>S.</ce:given-name><ce:surname>Hu</ce:surname></sb:author><sb:author><ce:given-name>Y.</ce:given-name><ce:surname>Li</ce:surname></sb:author><sb:author><ce:given-name>X.</ce:given-name><ce:surname>Zu</ce:surname></sb:author></sb:authors></sb:contribution><sb:host><sb:issue><sb:series><sb:title><sb:maintitle>Nucl. Instrum. Methods Phys. Res. B</sb:maintitle></sb:title><sb:volume-nr>303</sb:volume-nr></sb:series><sb:date>2013</sb:date></sb:issue><sb:pages><sb:first-page>68</sb:first-page><sb:last-page>71</sb:last-page></sb:pages></sb:host></sb:reference></ce:bib-reference><ce:bib-reference id="bib14"><ce:label>[14]</ce:label><sb:reference id="sref14"><sb:contribution langtype="en"><sb:authors><sb:author><ce:given-name>G.H.</ce:given-name><ce:surname>Vineyard</ce:surname></sb:author></sb:authors></sb:contribution><sb:host><sb:issue><sb:series><sb:title><sb:maintitle>J. Phys. Chem. Solids</sb:maintitle></sb:title><sb:volume-nr>3</sb:volume-nr></sb:series><sb:date>1957</sb:date></sb:issue><sb:pages><sb:first-page>121</sb:first-page><sb:last-page>127</sb:last-page></sb:pages></sb:host></sb:reference></ce:bib-reference><ce:bib-reference id="bib15"><ce:label>[15]</ce:label><sb:reference id="sref15"><sb:contribution langtype="en"><sb:authors><sb:author><ce:given-name>M.S.</ce:given-name><ce:surname>Abd El Keriem</ce:surname></sb:author><sb:author><ce:given-name>D.P.</ce:given-name><ce:surname>van der Werf</ce:surname></sb:author><sb:author><ce:given-name>F.</ce:given-name><ce:surname>Pleiter</ce:surname></sb:author></sb:authors></sb:contribution><sb:host><sb:issue><sb:series><sb:title><sb:maintitle>Hyperfine Interact.</sb:maintitle></sb:title><sb:volume-nr>79</sb:volume-nr></sb:series><sb:date>1993</sb:date></sb:issue><sb:pages><sb:first-page>787</sb:first-page><sb:last-page>791</sb:last-page></sb:pages></sb:host></sb:reference></ce:bib-reference><ce:bib-reference id="bib16"><ce:label>[16]</ce:label><sb:reference id="sref16"><sb:contribution langtype="en"><sb:authors><sb:author><ce:given-name>T.</ce:given-name><ce:surname>Lazauskas</ce:surname></sb:author><sb:author><ce:given-name>S.D.</ce:given-name><ce:surname>Kenny</ce:surname></sb:author><sb:author><ce:given-name>R.</ce:given-name><ce:surname>Smith</ce:surname></sb:author></sb:authors></sb:contribution><sb:host><sb:issue><sb:series><sb:title><sb:maintitle>J. Phys. Condens. Matter</sb:maintitle></sb:title><sb:volume-nr>26</sb:volume-nr></sb:series><sb:date>2014</sb:date></sb:issue><sb:pages><sb:first-page>359007</sb:first-page></sb:pages></sb:host></sb:reference></ce:bib-reference><ce:bib-reference id="bib17"><ce:label>[17]</ce:label><sb:reference id="sref17"><sb:contribution langtype="en"><sb:authors><sb:author><ce:given-name>C.C.</ce:given-name><ce:surname>Fu</ce:surname></sb:author><sb:author><ce:given-name>F.</ce:given-name><ce:surname>Willaime</ce:surname></sb:author><sb:author><ce:given-name>P.</ce:given-name><ce:surname>Ordejón</ce:surname></sb:author></sb:authors></sb:contribution><sb:host><sb:issue><sb:series><sb:title><sb:maintitle>Phys. Rev. Lett.</sb:maintitle></sb:title><sb:volume-nr>92</sb:volume-nr></sb:series><sb:date>2004</sb:date></sb:issue><sb:pages><sb:first-page>175503</sb:first-page></sb:pages></sb:host></sb:reference></ce:bib-reference><ce:bib-reference id="bib18"><ce:label>[18]</ce:label><sb:reference id="sref18"><sb:contribution langtype="en"><sb:authors><sb:author><ce:given-name>J.B.</ce:given-name><ce:surname>Adams</ce:surname></sb:author><sb:author><ce:given-name>S.M.</ce:given-name><ce:surname>Foiles</ce:surname></sb:author><sb:author><ce:given-name>W.G.</ce:given-name><ce:surname>Wolfer</ce:surname></sb:author></sb:authors></sb:contribution><sb:host><sb:issue><sb:series><sb:title><sb:maintitle>J. Mater. Res.</sb:maintitle></sb:title><sb:volume-nr>4</sb:volume-nr></sb:series><sb:date>1989</sb:date></sb:issue><sb:pages><sb:first-page>102</sb:first-page><sb:last-page>112</sb:last-page></sb:pages></sb:host></sb:reference></ce:bib-reference></ce:bibliography-sec></ce:bibliography></tail></article></xocs:serial-item></xocs:doc>