<xocs:doc xsi:schemaLocation="http://www.elsevier.com/xml/xocs/dtd http://schema.elsevier.com/dtds/document/fulltext/xcr/xocs-article.xsd" xmlns:xocs="http://www.elsevier.com/xml/xocs/dtd" xmlns:xs="http://www.w3.org/2001/XMLSchema" xmlns:xsi="http://www.w3.org/2001/XMLSchema-instance" xmlns="http://www.elsevier.com/xml/ja/dtd" xmlns:ja="http://www.elsevier.com/xml/ja/dtd" xmlns:mml="http://www.w3.org/1998/Math/MathML" xmlns:tb="http://www.elsevier.com/xml/common/table/dtd" xmlns:sb="http://www.elsevier.com/xml/common/struct-bib/dtd" xmlns:ce="http://www.elsevier.com/xml/common/dtd" xmlns:xlink="http://www.w3.org/1999/xlink" xmlns:cals="http://www.elsevier.com/xml/common/cals/dtd"><xocs:meta><xocs:content-family>serial</xocs:content-family><xocs:content-type>JL</xocs:content-type><xocs:cid>271598</xocs:cid><xocs:ssids><xocs:ssid type="alllist">291210</xocs:ssid><xocs:ssid type="subj">291702</xocs:ssid><xocs:ssid type="subj">291777</xocs:ssid><xocs:ssid type="subj">291829</xocs:ssid><xocs:ssid type="content">31</xocs:ssid><xocs:ssid type="oa">90</xocs:ssid></xocs:ssids><xocs:srctitle>Journal of Nuclear Materials</xocs:srctitle><xocs:normalized-srctitle>JOURNALNUCLEARMATERIALS</xocs:normalized-srctitle><xocs:orig-load-date yyyymmdd="20150704">2015-07-04</xocs:orig-load-date><xocs:available-online-date yyyymmdd="20150704">2015-07-04</xocs:available-online-date><xocs:vor-load-date yyyymmdd="20150712">2015-07-12</xocs:vor-load-date><xocs:vor-available-online-date yyyymmdd="20150712">2015-07-12</xocs:vor-available-online-date><xocs:ew-transaction-id>2016-04-06T17:01:22</xocs:ew-transaction-id><xocs:eid>1-s2.0-S0022311515300830</xocs:eid><xocs:pii-formatted>S0022-3115(15)30083-0</xocs:pii-formatted><xocs:pii-unformatted>S0022311515300830</xocs:pii-unformatted><xocs:doi>10.1016/j.jnucmat.2015.06.055</xocs:doi><xocs:item-stage>S300</xocs:item-stage><xocs:item-version-number>S300.2</xocs:item-version-number><xocs:item-weight>FULL-TEXT</xocs:item-weight><xocs:hub-eid>1-s2.0-S0022311515X00080</xocs:hub-eid><xocs:timestamp yyyymmdd="20160406">2016-04-06T12:24:06.782575-04:00</xocs:timestamp><xocs:dco>0</xocs:dco><xocs:tomb>0</xocs:tomb><xocs:date-search-begin>20151001</xocs:date-search-begin><xocs:date-search-end>20151031</xocs:date-search-end><xocs:year-nav>2015</xocs:year-nav><xocs:indexeddate epoch="1435992398">2015-07-04T06:46:38.877435Z</xocs:indexeddate><xocs:articleinfo>articleinfo articletitlenorm authfirstinitialnorm authfirstsurnamenorm cid cids contenttype copyright crossmark dateloaded dateloadedtxt datesearch datesort dateupdated dco docsubtype doctype doi eid ewtransactionid fundingbodyid hubeid indexeddate issn issnnorm itemstage itemtransactionid itemweight oauserlicense openaccess openarchive pg pgfirst pglast pii piinorm pubdateend pubdatestart pubdatetxt pubyr sectiontitle sortorder sponsoredaccesstype srctitle srctitlenorm srctype ssids alllist content oa subj subheadings suppl tomb volfirst volissue volumelist webpdf webpdfpagecount yearnav figure table e-component body mmlmath acknowledge affil appendices articletitle auth authfirstini authfull authkeywords authlast highlightsabst orcid primabst ref</xocs:articleinfo><xocs:issns><xocs:issn-primary-formatted>0022-3115</xocs:issn-primary-formatted><xocs:issn-primary-unformatted>00223115</xocs:issn-primary-unformatted></xocs:issns><xocs:sponsored-access-type>UNLIMITED</xocs:sponsored-access-type><xocs:funding-body-id>NONE</xocs:funding-body-id><xocs:crossmark is-crossmark="1">true</xocs:crossmark><xocs:vol-first>465</xocs:vol-first><xocs:volume-list><xocs:volume>465</xocs:volume></xocs:volume-list><xocs:suppl>C</xocs:suppl><xocs:vol-iss-suppl-text>Volume 465</xocs:vol-iss-suppl-text><xocs:sort-order>80</xocs:sort-order><xocs:first-fp>653</xocs:first-fp><xocs:last-lp>656</xocs:last-lp><xocs:pages><xocs:first-page>653</xocs:first-page><xocs:last-page>656</xocs:last-page></xocs:pages><xocs:cover-date-orig><xocs:start-date>201510</xocs:start-date></xocs:cover-date-orig><xocs:cover-date-text>October 2015</xocs:cover-date-text><xocs:cover-date-start>2015-10-01</xocs:cover-date-start><xocs:cover-date-end>2015-10-31</xocs:cover-date-end><xocs:cover-date-year>2015</xocs:cover-date-year><xocs:hub-sec><xocs:hub-sec-title>Editorial</xocs:hub-sec-title></xocs:hub-sec><xocs:document-type>article</xocs:document-type><xocs:document-subtype>fla</xocs:document-subtype><xocs:copyright-line>Copyright © 2015 The Authors. Published by Elsevier B.V.</xocs:copyright-line><xocs:normalized-article-title>HEATCAPACITYBI2UO6</xocs:normalized-article-title><xocs:normalized-first-auth-surname>POPA</xocs:normalized-first-auth-surname><xocs:normalized-first-auth-initial>K</xocs:normalized-first-auth-initial><xocs:item-toc><xocs:item-toc-entry ref-elem="ce:sections"><xocs:item-toc-label>1</xocs:item-toc-label><xocs:item-toc-section-title>Introduction</xocs:item-toc-section-title></xocs:item-toc-entry><xocs:item-toc-entry ref-elem="ce:sections"><xocs:item-toc-label>2</xocs:item-toc-label><xocs:item-toc-section-title>Materials and methods</xocs:item-toc-section-title><xocs:item-toc-entry ref-elem="ce:sections"><xocs:item-toc-label>2.1</xocs:item-toc-label><xocs:item-toc-section-title>Synthesis and material processing</xocs:item-toc-section-title></xocs:item-toc-entry><xocs:item-toc-entry ref-elem="ce:sections"><xocs:item-toc-label>2.2</xocs:item-toc-label><xocs:item-toc-section-title>XRD analysis</xocs:item-toc-section-title></xocs:item-toc-entry><xocs:item-toc-entry ref-elem="ce:sections"><xocs:item-toc-label>2.3</xocs:item-toc-label><xocs:item-toc-section-title>Electronic microprobe (EMPA)</xocs:item-toc-section-title></xocs:item-toc-entry><xocs:item-toc-entry ref-elem="ce:sections"><xocs:item-toc-label>2.4</xocs:item-toc-label><xocs:item-toc-section-title>DTA/TG measurements</xocs:item-toc-section-title></xocs:item-toc-entry><xocs:item-toc-entry ref-elem="ce:sections"><xocs:item-toc-label>2.5</xocs:item-toc-label><xocs:item-toc-section-title>Heat capacity measurements</xocs:item-toc-section-title></xocs:item-toc-entry></xocs:item-toc-entry><xocs:item-toc-entry ref-elem="ce:sections"><xocs:item-toc-label>3</xocs:item-toc-label><xocs:item-toc-section-title>Results and discussions</xocs:item-toc-section-title><xocs:item-toc-entry ref-elem="ce:sections"><xocs:item-toc-label>3.1</xocs:item-toc-label><xocs:item-toc-section-title>Structure and reactivity of α-Bi<ce:inf loc="post">2</ce:inf>UO<ce:inf loc="post">6</ce:inf></xocs:item-toc-section-title></xocs:item-toc-entry><xocs:item-toc-entry ref-elem="ce:sections"><xocs:item-toc-label>3.2</xocs:item-toc-label><xocs:item-toc-section-title>Heat capacity measurements</xocs:item-toc-section-title></xocs:item-toc-entry></xocs:item-toc-entry><xocs:item-toc-entry ref-elem="ce:sections"><xocs:item-toc-label>4</xocs:item-toc-label><xocs:item-toc-section-title>Conclusions</xocs:item-toc-section-title></xocs:item-toc-entry><xocs:item-toc-entry ref-elem="ce:acknowledgment"><xocs:item-toc-section-title>Acknowledgements</xocs:item-toc-section-title></xocs:item-toc-entry><xocs:item-toc-entry ref-elem="ce:appendices"><xocs:item-toc-label>Appendix A</xocs:item-toc-label><xocs:item-toc-section-title>Supplementary data</xocs:item-toc-section-title></xocs:item-toc-entry><xocs:item-toc-entry ref-elem="ce:bibliography"><xocs:item-toc-section-title>References</xocs:item-toc-section-title></xocs:item-toc-entry></xocs:item-toc><xocs:references><xocs:ref-info refid="sref1"><xocs:ref-normalized-surname>HUND</xocs:ref-normalized-surname><xocs:ref-pub-year>1964</xocs:ref-pub-year><xocs:ref-first-fp>248</xocs:ref-first-fp><xocs:ref-last-lp>255</xocs:ref-last-lp><xocs:ref-normalized-initial>F</xocs:ref-normalized-initial></xocs:ref-info><xocs:ref-info refid="sref2"><xocs:ref-normalized-surname>RUDORFF</xocs:ref-normalized-surname><xocs:ref-pub-year>1967</xocs:ref-pub-year><xocs:ref-normalized-initial>W</xocs:ref-normalized-initial></xocs:ref-info><xocs:ref-info refid="sref3"><xocs:ref-normalized-surname>VANNIER</xocs:ref-normalized-surname><xocs:ref-pub-year>1999</xocs:ref-pub-year><xocs:ref-first-fp>435</xocs:ref-first-fp><xocs:ref-last-lp>443</xocs:ref-last-lp><xocs:ref-normalized-initial>R</xocs:ref-normalized-initial></xocs:ref-info><xocs:ref-info refid="sref4"><xocs:ref-normalized-surname>KOSTER</xocs:ref-normalized-surname><xocs:ref-pub-year>1975</xocs:ref-pub-year><xocs:ref-first-fp>127</xocs:ref-first-fp><xocs:ref-last-lp>131</xocs:ref-last-lp><xocs:ref-normalized-initial>A</xocs:ref-normalized-initial></xocs:ref-info><xocs:ref-info refid="sref5"><xocs:ref-normalized-surname>RODRIGUEZCARJAVAL</xocs:ref-normalized-surname><xocs:ref-pub-year>1993</xocs:ref-pub-year><xocs:ref-first-fp>55</xocs:ref-first-fp><xocs:ref-last-lp>69</xocs:ref-last-lp><xocs:ref-normalized-initial>J</xocs:ref-normalized-initial></xocs:ref-info><xocs:ref-info refid="sref6"><xocs:ref-normalized-surname>POUCHOU</xocs:ref-normalized-surname><xocs:ref-pub-year>1984</xocs:ref-pub-year><xocs:ref-first-fp>349</xocs:ref-first-fp><xocs:ref-last-lp>367</xocs:ref-last-lp><xocs:ref-normalized-initial>J</xocs:ref-normalized-initial></xocs:ref-info><xocs:ref-info refid="sref7"><xocs:ref-normalized-surname>LASHLEY</xocs:ref-normalized-surname><xocs:ref-pub-year>2003</xocs:ref-pub-year><xocs:ref-first-fp>369</xocs:ref-first-fp><xocs:ref-last-lp>378</xocs:ref-last-lp><xocs:ref-normalized-initial>J</xocs:ref-normalized-initial></xocs:ref-info><xocs:ref-info refid="sref8"><xocs:ref-normalized-surname>JAVORSKY</xocs:ref-normalized-surname><xocs:ref-pub-year>2005</xocs:ref-pub-year><xocs:ref-first-fp>50</xocs:ref-first-fp><xocs:ref-last-lp>55</xocs:ref-last-lp><xocs:ref-normalized-initial>P</xocs:ref-normalized-initial></xocs:ref-info><xocs:ref-info refid="sref9"><xocs:ref-normalized-surname>POPA</xocs:ref-normalized-surname><xocs:ref-pub-year>2008</xocs:ref-pub-year><xocs:ref-first-fp>1356</xocs:ref-first-fp><xocs:ref-last-lp>1362</xocs:ref-last-lp><xocs:ref-normalized-initial>K</xocs:ref-normalized-initial></xocs:ref-info><xocs:ref-info refid="sref10"><xocs:ref-normalized-surname>BENES</xocs:ref-normalized-surname><xocs:ref-pub-year>2011</xocs:ref-pub-year><xocs:ref-first-fp>182</xocs:ref-first-fp><xocs:ref-last-lp>185</xocs:ref-last-lp><xocs:ref-normalized-initial>O</xocs:ref-normalized-initial></xocs:ref-info><xocs:ref-info refid="sref11"><xocs:ref-normalized-surname>ASHCROFT</xocs:ref-normalized-surname><xocs:ref-pub-year>1976</xocs:ref-pub-year><xocs:ref-normalized-initial>N</xocs:ref-normalized-initial><xocs:ref-normalized-srctitle>SOLIDSTATEPHYSICS</xocs:ref-normalized-srctitle></xocs:ref-info><xocs:ref-info refid="sref12"><xocs:ref-normalized-surname>KONINGS</xocs:ref-normalized-surname><xocs:ref-pub-year>2008</xocs:ref-pub-year><xocs:ref-first-fp>220</xocs:ref-first-fp><xocs:ref-last-lp>224</xocs:ref-last-lp><xocs:ref-normalized-initial>R</xocs:ref-normalized-initial></xocs:ref-info><xocs:ref-info refid="sref13"><xocs:ref-normalized-surname>POPA</xocs:ref-normalized-surname><xocs:ref-pub-year>2007</xocs:ref-pub-year><xocs:ref-first-fp>104</xocs:ref-first-fp><xocs:ref-last-lp>107</xocs:ref-last-lp><xocs:ref-normalized-initial>K</xocs:ref-normalized-initial></xocs:ref-info></xocs:references><xocs:attachment-metadata-doc><xocs:attachment-set-type>item</xocs:attachment-set-type><xocs:pii-formatted>S0022-3115(15)30083-0</xocs:pii-formatted><xocs:pii-unformatted>S0022311515300830</xocs:pii-unformatted><xocs:eid>1-s2.0-S0022311515300830</xocs:eid><xocs:doi>10.1016/j.jnucmat.2015.06.055</xocs:doi><xocs:cid>271598</xocs:cid><xocs:timestamp>2016-04-06T12:24:06.782575-04:00</xocs:timestamp><xocs:path>/271598/1-s2.0-S0022311515X00080/1-s2.0-S0022311515300830/</xocs:path><xocs:cover-date-start>2015-10-01</xocs:cover-date-start><xocs:cover-date-end>2015-10-31</xocs:cover-date-end><xocs:sponsored-access-type>UNLIMITED</xocs:sponsored-access-type><xocs:funding-body-id>NONE</xocs:funding-body-id><xocs:attachments><xocs:web-pdf><xocs:attachment-eid>1-s2.0-S0022311515300830-main.pdf</xocs:attachment-eid><xocs:ucs-locator>https://s3-eu-west-1.amazonaws.com/prod-ucs-content-store-eu-west/content/pii:S0022311515300830/MAIN/application/pdf/0a21c7ac7042b564ac0524ff296fe9f3/main.pdf</xocs:ucs-locator><xocs:ucs-locator>https://s3.amazonaws.com/prod-ucs-content-store-us-east/content/pii:S0022311515300830/MAIN/application/pdf/0a21c7ac7042b564ac0524ff296fe9f3/main.pdf</xocs:ucs-locator><xocs:filename>main.pdf</xocs:filename><xocs:extension>pdf</xocs:extension><xocs:pdf-optimized>true</xocs:pdf-optimized><xocs:filesize>675293</xocs:filesize><xocs:web-pdf-purpose>MAIN</xocs:web-pdf-purpose><xocs:web-pdf-page-count>4</xocs:web-pdf-page-count><xocs:web-pdf-images><xocs:web-pdf-image><xocs:attachment-eid>1-s2.0-S0022311515300830-main_1.png</xocs:attachment-eid><xocs:ucs-locator>https://s3-eu-west-1.amazonaws.com/prod-ucs-content-store-eu-west/content/pii:S0022311515300830/PREVIEW/image/png/1790fbd647a5b2c21067a3f9c774aa31/main_1.png</xocs:ucs-locator><xocs:ucs-locator>https://s3.amazonaws.com/prod-ucs-content-store-us-east/content/pii:S0022311515300830/PREVIEW/image/png/1790fbd647a5b2c21067a3f9c774aa31/main_1.png</xocs:ucs-locator><xocs:filename>main_1.png</xocs:filename><xocs:extension>png</xocs:extension><xocs:filesize>50192</xocs:filesize><xocs:pixel-height>849</xocs:pixel-height><xocs:pixel-width>656</xocs:pixel-width><xocs:attachment-type>IMAGE-WEB-PDF</xocs:attachment-type><xocs:pdf-page-num>1</xocs:pdf-page-num></xocs:web-pdf-image></xocs:web-pdf-images></xocs:web-pdf><xocs:attachment><xocs:attachment-eid>1-s2.0-S0022311515300830-gr1.sml</xocs:attachment-eid><xocs:ucs-locator>https://s3-eu-west-1.amazonaws.com/prod-ucs-content-store-eu-west/content/pii:S0022311515300830/gr1/THUMBNAIL/image/gif/1f479f750f51802aa7abcc7c5ae62147/gr1.sml</xocs:ucs-locator><xocs:ucs-locator>https://s3.amazonaws.com/prod-ucs-content-store-us-east/content/pii:S0022311515300830/gr1/THUMBNAIL/image/gif/1f479f750f51802aa7abcc7c5ae62147/gr1.sml</xocs:ucs-locator><xocs:file-basename>gr1</xocs:file-basename><xocs:filename>gr1.sml</xocs:filename><xocs:extension>sml</xocs:extension><xocs:filesize>14546</xocs:filesize><xocs:pixel-height>164</xocs:pixel-height><xocs:pixel-width>184</xocs:pixel-width><xocs:attachment-type>IMAGE-THUMBNAIL</xocs:attachment-type></xocs:attachment><xocs:attachment><xocs:attachment-eid>1-s2.0-S0022311515300830-gr2.sml</xocs:attachment-eid><xocs:ucs-locator>https://s3-eu-west-1.amazonaws.com/prod-ucs-content-store-eu-west/content/pii:S0022311515300830/gr2/THUMBNAIL/image/gif/505b28f1c883be147ddfae18fd65d53b/gr2.sml</xocs:ucs-locator><xocs:ucs-locator>https://s3.amazonaws.com/prod-ucs-content-store-us-east/content/pii:S0022311515300830/gr2/THUMBNAIL/image/gif/505b28f1c883be147ddfae18fd65d53b/gr2.sml</xocs:ucs-locator><xocs:file-basename>gr2</xocs:file-basename><xocs:filename>gr2.sml</xocs:filename><xocs:extension>sml</xocs:extension><xocs:filesize>18933</xocs:filesize><xocs:pixel-height>162</xocs:pixel-height><xocs:pixel-width>219</xocs:pixel-width><xocs:attachment-type>IMAGE-THUMBNAIL</xocs:attachment-type></xocs:attachment><xocs:attachment><xocs:attachment-eid>1-s2.0-S0022311515300830-gr3.sml</xocs:attachment-eid><xocs:ucs-locator>https://s3-eu-west-1.amazonaws.com/prod-ucs-content-store-eu-west/content/pii:S0022311515300830/gr3/THUMBNAIL/image/gif/7e46514d91f66ce46d2af49a58dd97a9/gr3.sml</xocs:ucs-locator><xocs:ucs-locator>https://s3.amazonaws.com/prod-ucs-content-store-us-east/content/pii:S0022311515300830/gr3/THUMBNAIL/image/gif/7e46514d91f66ce46d2af49a58dd97a9/gr3.sml</xocs:ucs-locator><xocs:file-basename>gr3</xocs:file-basename><xocs:filename>gr3.sml</xocs:filename><xocs:extension>sml</xocs:extension><xocs:filesize>14484</xocs:filesize><xocs:pixel-height>164</xocs:pixel-height><xocs:pixel-width>214</xocs:pixel-width><xocs:attachment-type>IMAGE-THUMBNAIL</xocs:attachment-type></xocs:attachment><xocs:attachment><xocs:attachment-eid>1-s2.0-S0022311515300830-gr4.sml</xocs:attachment-eid><xocs:ucs-locator>https://s3-eu-west-1.amazonaws.com/prod-ucs-content-store-eu-west/content/pii:S0022311515300830/gr4/THUMBNAIL/image/gif/d78c0a83ab85a7f51b57097c98d9dcae/gr4.sml</xocs:ucs-locator><xocs:ucs-locator>https://s3.amazonaws.com/prod-ucs-content-store-us-east/content/pii:S0022311515300830/gr4/THUMBNAIL/image/gif/d78c0a83ab85a7f51b57097c98d9dcae/gr4.sml</xocs:ucs-locator><xocs:file-basename>gr4</xocs:file-basename><xocs:filename>gr4.sml</xocs:filename><xocs:extension>sml</xocs:extension><xocs:filesize>15042</xocs:filesize><xocs:pixel-height>161</xocs:pixel-height><xocs:pixel-width>219</xocs:pixel-width><xocs:attachment-type>IMAGE-THUMBNAIL</xocs:attachment-type></xocs:attachment><xocs:attachment><xocs:attachment-eid>1-s2.0-S0022311515300830-gr1.jpg</xocs:attachment-eid><xocs:ucs-locator>https://s3-eu-west-1.amazonaws.com/prod-ucs-content-store-eu-west/content/pii:S0022311515300830/gr1/DOWNSAMPLED/image/jpeg/6b9c488b3750fdcae91387eb828f12aa/gr1.jpg</xocs:ucs-locator><xocs:ucs-locator>https://s3.amazonaws.com/prod-ucs-content-store-us-east/content/pii:S0022311515300830/gr1/DOWNSAMPLED/image/jpeg/6b9c488b3750fdcae91387eb828f12aa/gr1.jpg</xocs:ucs-locator><xocs:file-basename>gr1</xocs:file-basename><xocs:filename>gr1.jpg</xocs:filename><xocs:extension>jpg</xocs:extension><xocs:filesize>44736</xocs:filesize><xocs:pixel-height>330</xocs:pixel-height><xocs:pixel-width>371</xocs:pixel-width><xocs:attachment-type>IMAGE-DOWNSAMPLED</xocs:attachment-type></xocs:attachment><xocs:attachment><xocs:attachment-eid>1-s2.0-S0022311515300830-gr2.jpg</xocs:attachment-eid><xocs:ucs-locator>https://s3-eu-west-1.amazonaws.com/prod-ucs-content-store-eu-west/content/pii:S0022311515300830/gr2/DOWNSAMPLED/image/jpeg/69a41c0545ae52bdce5d7bfa5931bd8e/gr2.jpg</xocs:ucs-locator><xocs:ucs-locator>https://s3.amazonaws.com/prod-ucs-content-store-us-east/content/pii:S0022311515300830/gr2/DOWNSAMPLED/image/jpeg/69a41c0545ae52bdce5d7bfa5931bd8e/gr2.jpg</xocs:ucs-locator><xocs:file-basename>gr2</xocs:file-basename><xocs:filename>gr2.jpg</xocs:filename><xocs:extension>jpg</xocs:extension><xocs:filesize>51573</xocs:filesize><xocs:pixel-height>274</xocs:pixel-height><xocs:pixel-width>371</xocs:pixel-width><xocs:attachment-type>IMAGE-DOWNSAMPLED</xocs:attachment-type></xocs:attachment><xocs:attachment><xocs:attachment-eid>1-s2.0-S0022311515300830-gr3.jpg</xocs:attachment-eid><xocs:ucs-locator>https://s3-eu-west-1.amazonaws.com/prod-ucs-content-store-eu-west/content/pii:S0022311515300830/gr3/DOWNSAMPLED/image/jpeg/5da0a341bab522e4e4eb00fa8ea3fbde/gr3.jpg</xocs:ucs-locator><xocs:ucs-locator>https://s3.amazonaws.com/prod-ucs-content-store-us-east/content/pii:S0022311515300830/gr3/DOWNSAMPLED/image/jpeg/5da0a341bab522e4e4eb00fa8ea3fbde/gr3.jpg</xocs:ucs-locator><xocs:file-basename>gr3</xocs:file-basename><xocs:filename>gr3.jpg</xocs:filename><xocs:extension>jpg</xocs:extension><xocs:filesize>37742</xocs:filesize><xocs:pixel-height>284</xocs:pixel-height><xocs:pixel-width>371</xocs:pixel-width><xocs:attachment-type>IMAGE-DOWNSAMPLED</xocs:attachment-type></xocs:attachment><xocs:attachment><xocs:attachment-eid>1-s2.0-S0022311515300830-gr4.jpg</xocs:attachment-eid><xocs:ucs-locator>https://s3-eu-west-1.amazonaws.com/prod-ucs-content-store-eu-west/content/pii:S0022311515300830/gr4/DOWNSAMPLED/image/jpeg/6d2474406b0a890439525759ac6639bf/gr4.jpg</xocs:ucs-locator><xocs:ucs-locator>https://s3.amazonaws.com/prod-ucs-content-store-us-east/content/pii:S0022311515300830/gr4/DOWNSAMPLED/image/jpeg/6d2474406b0a890439525759ac6639bf/gr4.jpg</xocs:ucs-locator><xocs:file-basename>gr4</xocs:file-basename><xocs:filename>gr4.jpg</xocs:filename><xocs:extension>jpg</xocs:extension><xocs:filesize>42347</xocs:filesize><xocs:pixel-height>285</xocs:pixel-height><xocs:pixel-width>388</xocs:pixel-width><xocs:attachment-type>IMAGE-DOWNSAMPLED</xocs:attachment-type></xocs:attachment><xocs:attachment><xocs:attachment-eid>1-s2.0-S0022311515300830-mmc1.docx</xocs:attachment-eid><xocs:ucs-locator>https://s3-eu-west-1.amazonaws.com/prod-ucs-content-store-eu-west/content/pii:S0022311515300830/mmc1/MAIN/application/msword/d4ca97800a46eb6d4bb83d2468fc9ec9/mmc1.docx</xocs:ucs-locator><xocs:ucs-locator>https://s3.amazonaws.com/prod-ucs-content-store-us-east/content/pii:S0022311515300830/mmc1/MAIN/application/msword/d4ca97800a46eb6d4bb83d2468fc9ec9/mmc1.docx</xocs:ucs-locator><xocs:file-basename>mmc1</xocs:file-basename><xocs:filename>mmc1.docx</xocs:filename><xocs:extension>docx</xocs:extension><xocs:filesize>503994</xocs:filesize><xocs:attachment-type>APPLICATION</xocs:attachment-type></xocs:attachment><xocs:attachment><xocs:attachment-eid>1-s2.0-S0022311515300830-si1.gif</xocs:attachment-eid><xocs:ucs-locator>https://s3-eu-west-1.amazonaws.com/prod-ucs-content-store-eu-west/content/pii:S0022311515300830/STRIPIN/image/gif/819578f275dd157d026e57c6751384a4/si1.gif</xocs:ucs-locator><xocs:ucs-locator>https://s3.amazonaws.com/prod-ucs-content-store-us-east/content/pii:S0022311515300830/STRIPIN/image/gif/819578f275dd157d026e57c6751384a4/si1.gif</xocs:ucs-locator><xocs:file-basename>si1</xocs:file-basename><xocs:filename>si1.gif</xocs:filename><xocs:extension>gif</xocs:extension><xocs:filesize>730</xocs:filesize><xocs:pixel-height>39</xocs:pixel-height><xocs:pixel-width>116</xocs:pixel-width><xocs:attachment-type>ALTIMG</xocs:attachment-type></xocs:attachment><xocs:attachment><xocs:attachment-eid>1-s2.0-S0022311515300830-si2.gif</xocs:attachment-eid><xocs:ucs-locator>https://s3-eu-west-1.amazonaws.com/prod-ucs-content-store-eu-west/content/pii:S0022311515300830/STRIPIN/image/gif/fbf70085a5eb934b8cda4c0556327f15/si2.gif</xocs:ucs-locator><xocs:ucs-locator>https://s3.amazonaws.com/prod-ucs-content-store-us-east/content/pii:S0022311515300830/STRIPIN/image/gif/fbf70085a5eb934b8cda4c0556327f15/si2.gif</xocs:ucs-locator><xocs:file-basename>si2</xocs:file-basename><xocs:filename>si2.gif</xocs:filename><xocs:extension>gif</xocs:extension><xocs:filesize>2536</xocs:filesize><xocs:pixel-height>75</xocs:pixel-height><xocs:pixel-width>382</xocs:pixel-width><xocs:attachment-type>ALTIMG</xocs:attachment-type></xocs:attachment></xocs:attachments></xocs:attachment-metadata-doc><xocs:refkeys><xocs:refkey3>POPAX2015X653</xocs:refkey3><xocs:refkey4lp>POPAX2015X653X656</xocs:refkey4lp><xocs:refkey4ai>POPAX2015X653XK</xocs:refkey4ai><xocs:refkey5>POPAX2015X653X656XK</xocs:refkey5></xocs:refkeys><xocs:open-access><xocs:oa-article-status is-open-access="1" is-open-archive="0">Full</xocs:oa-article-status><xocs:oa-access-effective-date>2015-07-07T08:42:09Z</xocs:oa-access-effective-date><xocs:oa-sponsor><xocs:oa-sponsor-type>Author</xocs:oa-sponsor-type></xocs:oa-sponsor><xocs:oa-user-license>http://creativecommons.org/licenses/by/4.0/</xocs:oa-user-license></xocs:open-access></xocs:meta><xocs:serial-item><article docsubtype="fla" version="5.2" xml:lang="en" xmlns:sa="http://www.elsevier.com/xml/common/struct-aff/dtd"><item-info><jid>NUMA</jid><aid>49193</aid><ce:pii>S0022-3115(15)30083-0</ce:pii><ce:doi>10.1016/j.jnucmat.2015.06.055</ce:doi><ce:copyright type="other" year="2015">The Authors</ce:copyright></item-info><ce:floats><ce:figure id="fig1"><ce:label>Fig. 1</ce:label><ce:caption id="cap0010"><ce:simple-para id="fspara0010" view="all">Possible compounds in the U–Bi–O ternary system (including the solid solutions reported at high temperature by Hund <ce:cross-ref refid="bib1" id="crosref0110">[1]</ce:cross-ref>.</ce:simple-para></ce:caption><ce:link locator="gr1"/></ce:figure><ce:figure id="fig2"><ce:label>Fig. 2</ce:label><ce:caption id="cap0015"><ce:simple-para id="fspara0015" view="all">Room-temperature Rietveld refinement of <ce:italic>α</ce:italic>-Bi<ce:inf loc="post">2</ce:inf>UO<ce:inf loc="post">6</ce:inf> showing the experimental, calculated, and difference pattern. The vertical marks indicate the positions of allowed Bragg reflections. In the inset, the unit cell of <ce:italic>α</ce:italic>-Bi<ce:inf loc="post">2</ce:inf>UO<ce:inf loc="post">6</ce:inf> is shown (structural parameters from Ref. <ce:cross-ref refid="bib3" id="crosref0115">[3]</ce:cross-ref>).</ce:simple-para></ce:caption><ce:link locator="gr2"/></ce:figure><ce:figure id="fig3"><ce:label>Fig. 3</ce:label><ce:caption id="cap0020"><ce:simple-para id="fspara0020" view="all">Low temperature heat capacity of <ce:italic>α</ce:italic>-Bi<ce:inf loc="post">2</ce:inf>UO<ce:inf loc="post">6</ce:inf>. The inset shows the plot of C<ce:inf loc="post">p</ce:inf>/T versus T<ce:sup loc="post">2</ce:sup> and the absence of electronic carriers' contribution for T → 0 K.</ce:simple-para></ce:caption><ce:link locator="gr3"/></ce:figure><ce:figure id="fig4"><ce:label>Fig. 4</ce:label><ce:caption id="cap0025"><ce:simple-para id="fspara0025" view="all">The heat capacity (J K<ce:sup loc="post">−1</ce:sup> mol<ce:sup loc="post">−1</ce:sup>) of Bi<ce:inf loc="post">2</ce:inf>UO<ce:inf loc="post">6</ce:inf> as a function of temperature, (□) low temperature data, (—) the heat capacity obtained from the drop calorimeter, (- - -) confidence band. In the inset graph the measured enthalpy increments are shown together with their standard deviations. The blue line (—) represents the fit of these enthalpy values with the heat capacity data from the low temperature study (200 &lt; T/K &lt; 300). (For interpretation of the references to colour in this figure legend, the reader is referred to the web version of this article.)</ce:simple-para></ce:caption><ce:link locator="gr4"/></ce:figure><ce:table id="tbl1" frame="topbot" colsep="0" rowsep="0" xmlns="http://www.elsevier.com/xml/common/cals/dtd"><ce:label>Table 1</ce:label><ce:caption id="cap0030"><ce:simple-para id="tspara0010" view="all">Enthalpy increment <ce:italic>H</ce:italic>°(T<ce:inf loc="post">m</ce:inf>) − <ce:italic>H</ce:italic>°(T<ce:inf loc="post">a</ce:inf>) of Bi<ce:inf loc="post">2</ce:inf>UO<ce:inf loc="post">6</ce:inf> (T<ce:inf loc="post">m</ce:inf> – measurement temperature, T<ce:inf loc="post">a</ce:inf> – ambient temperature).</ce:simple-para></ce:caption><tgroup cols="3"><colspec colnum="1" colname="col1" colwidth="33*"/><colspec colnum="2" colname="col2" colwidth="32*"/><colspec colnum="3" colname="col3" colwidth="29*"/><thead><row rowsep="1" valign="top"><entry xmlns="http://www.elsevier.com/xml/common/dtd">T<inf loc="post">m</inf>, K</entry><entry xmlns="http://www.elsevier.com/xml/common/dtd">T<inf loc="post">a</inf>, K</entry><entry xmlns="http://www.elsevier.com/xml/common/dtd"><italic>H</italic>°(T<inf loc="post">m</inf>) − <italic>H</italic>°(T<inf loc="post">a</inf>), J mol<sup loc="post">−1</sup></entry></row></thead><tbody><row valign="top"><entry xmlns="http://www.elsevier.com/xml/common/dtd">430.3</entry><entry align="char" char="." xmlns="http://www.elsevier.com/xml/common/dtd">299.2</entry><entry align="char" char="±" xmlns="http://www.elsevier.com/xml/common/dtd">27496 ± 1353</entry></row><row valign="top"><entry xmlns="http://www.elsevier.com/xml/common/dtd">482.8</entry><entry align="char" char="." xmlns="http://www.elsevier.com/xml/common/dtd">299.2</entry><entry align="char" char="±" xmlns="http://www.elsevier.com/xml/common/dtd">38775 ± 1822</entry></row><row valign="top"><entry xmlns="http://www.elsevier.com/xml/common/dtd">534.5</entry><entry align="char" char="." xmlns="http://www.elsevier.com/xml/common/dtd">296.2</entry><entry align="char" char="±" xmlns="http://www.elsevier.com/xml/common/dtd">49424 ± 1789</entry></row><row valign="top"><entry xmlns="http://www.elsevier.com/xml/common/dtd">586.4</entry><entry align="char" char="." xmlns="http://www.elsevier.com/xml/common/dtd">299.2</entry><entry align="char" char="±" xmlns="http://www.elsevier.com/xml/common/dtd">63559 ± 2733</entry></row><row valign="top"><entry xmlns="http://www.elsevier.com/xml/common/dtd">636.7</entry><entry align="char" char="." xmlns="http://www.elsevier.com/xml/common/dtd">296.2</entry><entry align="char" char="±" xmlns="http://www.elsevier.com/xml/common/dtd">72609 ± 1605</entry></row><row valign="top"><entry xmlns="http://www.elsevier.com/xml/common/dtd">687.7</entry><entry align="char" char="." xmlns="http://www.elsevier.com/xml/common/dtd">299.2</entry><entry align="char" char="±" xmlns="http://www.elsevier.com/xml/common/dtd">85053 ± 192</entry></row><row valign="top"><entry xmlns="http://www.elsevier.com/xml/common/dtd">737.8</entry><entry align="char" char="." xmlns="http://www.elsevier.com/xml/common/dtd">296.2</entry><entry align="char" char="±" xmlns="http://www.elsevier.com/xml/common/dtd">96216 ± 116</entry></row><row valign="top"><entry xmlns="http://www.elsevier.com/xml/common/dtd">788.3</entry><entry align="char" char="." xmlns="http://www.elsevier.com/xml/common/dtd">299.2</entry><entry align="char" char="±" xmlns="http://www.elsevier.com/xml/common/dtd">108451 ± 282</entry></row><row valign="top"><entry xmlns="http://www.elsevier.com/xml/common/dtd">838.3</entry><entry align="char" char="." xmlns="http://www.elsevier.com/xml/common/dtd">296.2</entry><entry align="char" char="±" xmlns="http://www.elsevier.com/xml/common/dtd">119329 ± 2088</entry></row><row valign="top"><entry xmlns="http://www.elsevier.com/xml/common/dtd">886.6</entry><entry align="char" char="." xmlns="http://www.elsevier.com/xml/common/dtd">299.2</entry><entry align="char" char="±" xmlns="http://www.elsevier.com/xml/common/dtd">131603 ± 3869</entry></row><row valign="top"><entry xmlns="http://www.elsevier.com/xml/common/dtd">938.4</entry><entry align="char" char="." xmlns="http://www.elsevier.com/xml/common/dtd">296.2</entry><entry align="char" char="±" xmlns="http://www.elsevier.com/xml/common/dtd">145206 ± 5373</entry></row><row valign="top"><entry xmlns="http://www.elsevier.com/xml/common/dtd">988.7</entry><entry align="char" char="." xmlns="http://www.elsevier.com/xml/common/dtd">299.2</entry><entry align="char" char="±" xmlns="http://www.elsevier.com/xml/common/dtd">153760 ± 3690</entry></row><row valign="top"><entry xmlns="http://www.elsevier.com/xml/common/dtd">1038.6</entry><entry align="char" char="." xmlns="http://www.elsevier.com/xml/common/dtd">296.2</entry><entry align="char" char="±" xmlns="http://www.elsevier.com/xml/common/dtd">169850 ± 5095</entry></row><row valign="top"><entry xmlns="http://www.elsevier.com/xml/common/dtd">1088.8</entry><entry align="char" char="." xmlns="http://www.elsevier.com/xml/common/dtd">296.2</entry><entry align="char" char="±" xmlns="http://www.elsevier.com/xml/common/dtd">182734 ± 1688</entry></row></tbody></tgroup></ce:table></ce:floats><head><ce:title id="title0010">Heat capacity of Bi<ce:inf loc="post">2</ce:inf>UO<ce:inf loc="post">6</ce:inf></ce:title><ce:author-group id="augrp0010"><ce:author id="au1" orcid="0000-0003-2759-6492"><ce:given-name>Karin</ce:given-name><ce:surname>Popa</ce:surname><ce:cross-ref refid="cor1" id="crosref0010"><ce:sup loc="post">∗</ce:sup></ce:cross-ref><ce:e-address type="email" id="eadd0010">karin.popa@ec.europa.eu</ce:e-address></ce:author><ce:author id="au2"><ce:given-name>Ondrej</ce:given-name><ce:surname>Beneš</ce:surname></ce:author><ce:author id="au3"><ce:given-name>Philippe E.</ce:given-name><ce:surname>Raison</ce:surname></ce:author><ce:author id="au4"><ce:given-name>Jean-Christophe</ce:given-name><ce:surname>Griveau</ce:surname></ce:author><ce:author id="au5"><ce:given-name>Philipp</ce:given-name><ce:surname>Pöml</ce:surname></ce:author><ce:author id="au6"><ce:given-name>Eric</ce:given-name><ce:surname>Colineau</ce:surname></ce:author><ce:author id="au7"><ce:given-name>Rudy J.M.</ce:given-name><ce:surname>Konings</ce:surname></ce:author><ce:author id="au8"><ce:given-name>Joseph</ce:given-name><ce:surname>Somers</ce:surname></ce:author><ce:affiliation id="aff1"><ce:textfn>European Commission, Joint Research Centre, Institute for Transuranium Elements, P.O. Box 2340, D-76125 Karlsruhe, Germany</ce:textfn><sa:affiliation><sa:organization>European Commission</sa:organization><sa:organization>Joint Research Centre</sa:organization><sa:organization>Institute for Transuranium Elements</sa:organization><sa:address-line>P.O. Box 2340</sa:address-line><sa:city>Karlsruhe</sa:city><sa:postal-code>D-76125</sa:postal-code><sa:country>Germany</sa:country></sa:affiliation></ce:affiliation><ce:correspondence id="cor1"><ce:label>∗</ce:label><ce:text>Corresponding author.</ce:text></ce:correspondence></ce:author-group><ce:date-received day="16" month="2" year="2015"/><ce:date-revised day="6" month="5" year="2015"/><ce:date-accepted day="29" month="6" year="2015"/><ce:abstract xml:lang="en" id="abs0010" view="all" class="author"><ce:section-title id="sectitle0010">Abstract</ce:section-title><ce:abstract-sec id="abssec0010" view="all"><ce:simple-para id="abspara0010" view="all">In the frame of the safety of lead–bismuth eutectic cooled fast reactors, the thermal behaviour of bismuth(III) uranate(VI) was studied as a possible interaction product of the coolant and mixed oxide fuel. The heat capacity of Bi<ce:inf loc="post">2</ce:inf>UO<ce:inf loc="post">6</ce:inf> were measured and presented here for the first time. The thermodynamic functions derived at T = 298.15 K are C<ce:inf loc="post">p</ce:inf>(298.15 K) = 185.1 J K<ce:sup loc="post">−1</ce:sup> mol<ce:sup loc="post">−1</ce:sup>, S°(298.15 K) = 238.8 J K<ce:sup loc="post">−1</ce:sup> mol<ce:sup loc="post">−1</ce:sup>, and {H°(298.15 K)−H°(0 K)} = 34863 J mol<ce:sup loc="post">−1</ce:sup>.</ce:simple-para></ce:abstract-sec></ce:abstract><ce:abstract class="author-highlights" xml:lang="en" id="abs0015" view="all"><ce:section-title id="sectitle0015">Highlights</ce:section-title><ce:abstract-sec id="abssec0015" view="all"><ce:simple-para id="abspara0015" view="all"><ce:list id="ulist0010"><ce:list-item id="u0010"><ce:label>•</ce:label><ce:para id="p0010" view="all">Bi<ce:inf loc="post">2</ce:inf>UO<ce:inf loc="post">6</ce:inf> is a potential reaction product in accident scenarios in fast rectors using LBE coolant.</ce:para></ce:list-item><ce:list-item id="u0015"><ce:label>•</ce:label><ce:para id="p0015" view="all">The low- and high-temperature heat capacity of Bi<ce:inf loc="post">2</ce:inf>UO<ce:inf loc="post">6</ce:inf> are reported for the first time.</ce:para></ce:list-item><ce:list-item id="u0020"><ce:label>•</ce:label><ce:para id="p0020" view="all">The thermodynamic functions C<ce:inf loc="post">p</ce:inf>(298.15 K), S°(298.15 K), and {H°(298.15 K)−H°(0 K)} were derived.</ce:para></ce:list-item></ce:list></ce:simple-para></ce:abstract-sec></ce:abstract><ce:keywords xml:lang="en" id="kwrds0010" view="all" class="keyword"><ce:section-title id="sectitle0020">Keywords</ce:section-title><ce:keyword id="kwrd0010"><ce:text>Bismuth uranate</ce:text></ce:keyword><ce:keyword id="kwrd0015"><ce:text>LBE cooled fast reactors</ce:text></ce:keyword><ce:keyword id="kwrd0020"><ce:text>Heat capacity</ce:text></ce:keyword><ce:keyword id="kwrd0025"><ce:text>Entropy</ce:text></ce:keyword></ce:keywords></head><body view="all"><ce:sections><ce:section id="sec1" role="introduction" view="all"><ce:label>1</ce:label><ce:section-title id="sectitle0025">Introduction</ce:section-title><ce:para id="p0025" view="all">Liquid Lead–Bismuth Eutectic (LBE: 0.445 Pb; 0.555 Bi) is a promising coolant for fast spectrum reactor systems because of its high boiling point, and its chemical inertness with respect to air and water as opposed to sodium. The high boiling point (1943 K) results in a large operational margin, whereas the chemical stability is important to avoid spontaneous reactions in case of pipe-breaks, thus strongly contributing to good safety characteristics. LBE has been applied as reactor coolant in Soviet nuclear submarines in the past, and is currently studied in the MYRRHA subcritical accelerator-driven system (Belgium) reactor design. This design foresee (U,Pu)O<ce:inf loc="post">2</ce:inf> mixed oxide as (initial) fuel and for that reason the compatibility between the fuel and coolant needs to be investigated. This requires a detailed knowledge of the phase relations in the U-Pu-Pb-Bi-O system. The potential reaction products must be identified, the thermodynamic conditions for their formation must be understood, and their potential effects on the fuel elements have to be investigated. For these reasons, we have started systematic studies of the Pb–U–O and Bi–U–O systems, and the firsts results are reported here.</ce:para><ce:para id="p0030" view="all">Very few compounds are known to exist in the Bi–U–O ternary system (<ce:cross-ref refid="fig1" id="crosref0015">Fig. 1</ce:cross-ref><ce:float-anchor refid="fig1"/>). A continuous solid solution with defect fluorite structure between Bi<ce:inf loc="post">2</ce:inf>O<ce:inf loc="post">3</ce:inf> and UO<ce:inf loc="post">2</ce:inf> at high temperature (1073–1273 K) was reported by Hund <ce:cross-ref refid="bib1" id="crosref0020">[1]</ce:cross-ref>. The U(V) compound BiUO<ce:inf loc="post">4</ce:inf> was found by Rüdorff <ce:cross-ref refid="bib2" id="crosref0025">[2]</ce:cross-ref>, having a defective fluorite structure (F m −3 m) at room temperature, but its existence must be studied in much more detail. The U(VI) bismuth(III) uranate, Bi<ce:inf loc="post">2</ce:inf>UO<ce:inf loc="post">6</ce:inf>, is the only compound well characterised to date. It was reported to exist in two closely related crystalline modifications. At room temperature Bi<ce:inf loc="post">2</ce:inf>UO<ce:inf loc="post">6</ce:inf> appears as monoclinic (in the following called <ce:italic>α</ce:italic>-phase) <ce:cross-ref refid="bib3" id="crosref0030">[3]</ce:cross-ref>, while at 1273 K it shows a fluorite related structure, space group P −3 (<ce:italic>β</ce:italic>-phase) <ce:cross-refs refid="bib3 bib4" id="crosrefs0010">[3,4]</ce:cross-refs>.</ce:para><ce:para id="p0035" view="all">Particularly the latter compound is of interest for our work, as the oxygen potential of the coolant (related to the amount of dissolved oxygen gas in the LBE) could be high enough for it formation. In this paper, the low- and high-temperature heat capacity of Bi<ce:inf loc="post">2</ce:inf>UO<ce:inf loc="post">6</ce:inf> are reported for the first time.</ce:para></ce:section><ce:section id="sec2" role="materials-methods" view="all"><ce:label>2</ce:label><ce:section-title id="sectitle0030">Materials and methods</ce:section-title><ce:section id="sec2.1" view="all"><ce:label>2.1</ce:label><ce:section-title id="sectitle0035">Synthesis and material processing</ce:section-title><ce:para id="p0040" view="all">Commercial <ce:italic>α</ce:italic>-bismuth(III) oxide (Sigma–Aldrich, 99.999% trace metal basis) was mixed with a stoichiometric amount of amorphous uranium(VI) oxide in order to yield <ce:italic>α</ce:italic>-Bi<ce:inf loc="post">2</ce:inf>UO<ce:inf loc="post">6</ce:inf>. After 5 h of solid state reaction at 1073 K under air, a dark red powder was obtained. Pellets of 5 mm diameter, 2–3 mm in height were produced by hand pressing and sintering the <ce:italic>α</ce:italic>-Bi<ce:inf loc="post">2</ce:inf>UO<ce:inf loc="post">6</ce:inf> at 1273 K under air for 5 h. These pellets were then broken into pieces and used in further electron microprobe and calorimetric analyses.</ce:para><ce:para id="p0045" view="all">Other attempts to prepare <ce:italic>α</ce:italic>-Bi<ce:inf loc="post">2</ce:inf>UO<ce:inf loc="post">6</ce:inf> by solid state reactions starting from different bismuth (<ce:italic>e.g.</ce:italic>, Bi(CH<ce:inf loc="post">3</ce:inf>COO)<ce:inf loc="post">3</ce:inf>) or uranium (U<ce:inf loc="post">3</ce:inf>O<ce:inf loc="post">8</ce:inf>, UO<ce:inf loc="post">2</ce:inf>) sources were also successful. However, we used for further analysis the product obtained by reacting <ce:italic>α</ce:italic>-Bi<ce:inf loc="post">2</ce:inf>O<ce:inf loc="post">3</ce:inf> and UO<ce:inf loc="post">3</ce:inf>.</ce:para></ce:section><ce:section id="sec2.2" view="all"><ce:label>2.2</ce:label><ce:section-title id="sectitle0040">XRD analysis</ce:section-title><ce:para id="p0050" view="all"><ce:italic>α</ce:italic>-Bi<ce:inf loc="post">2</ce:inf>UO<ce:inf loc="post">6</ce:inf> was characterised at room temperature by X-ray powder diffraction (XRD) using a Bruker D8 diffractometer mounted in a Bragg-Brentano configuration with a curved Ge (1, 1, 1) monochromator, a ceramic copper tube (40 kV, 40 mA) equipped with a LinxEye position sensitive detector. The data were collected by step scanning in the angle range 10° ≤ 2<ce:italic>θ</ce:italic> ≤ 120° at a 2<ce:italic>θ</ce:italic> step size of 0.0092°. For the measurement, the powder was deposited on a silicon wafer to minimize the background and dispersed on the surface with several drops of isopropanol. The structural refinement was performed using the Fullprof2k suite <ce:cross-ref refid="bib5" id="crosref0035">[5]</ce:cross-ref>. The shape of the peaks was described by a Pseudo-Voigt function and the background was fitted based on linear interpolation between a set of about 50 background points with quantifiable heights. The scattering factors of all elements (Bi<ce:sup loc="post">3+</ce:sup>, U<ce:sup loc="post">6+</ce:sup>, and O<ce:sup loc="post">2−</ce:sup>) were used. The structural model from Ref. <ce:cross-ref refid="bib3" id="crosref0040">[3]</ce:cross-ref> was used in our refinement. Because to the poor crystallinity of the compound, however, it was not possible to refine the atomic positions. Instead of a profile matching analysis, a pseudo-Rietveld analysis was nevertheless preferred in order to keep the structural constraints.</ce:para></ce:section><ce:section id="sec2.3" view="all"><ce:label>2.3</ce:label><ce:section-title id="sectitle0045">Electronic microprobe (EMPA)</ce:section-title><ce:para id="p0055" view="all">Quantitative point analyses were carried out using a Cameca SX100R electron probe micro-analyser. A 3 × 3 mm piece of the Bi<ce:inf loc="post">2</ce:inf>UO<ce:inf loc="post">6</ce:inf> sample was embedded in epoxy resin, polished to a flat surface, and coated with 20 nm of aluminium. As U and Bi reference materials commercial UO<ce:inf loc="post">2</ce:inf> and Bi<ce:inf loc="post">12</ce:inf>GeO<ce:inf loc="post">20</ce:inf> were used. Oxygen content was calculated from cation stoichiometry and included in the PAP matrix correction <ce:cross-ref refid="bib6" id="crosref0045">[6]</ce:cross-ref>. For both U and Bi, the Mα lines, detected with PET crystals were used. Analysis conditions were 20 kV and 20 nA, peak intensities were counted for 20 s, high and low background intensities were counted for 10 s each.</ce:para></ce:section><ce:section id="sec2.4" view="all"><ce:label>2.4</ce:label><ce:section-title id="sectitle0050">DTA/TG measurements</ce:section-title><ce:para id="p0060" view="all">The thermal behaviour was investigated using a Netzsch STA 449C DTA/TG, using an alumina crucible and air atmosphere. The temperature was controlled by a Pt–PtRh (10%) thermocouple. The applied heating and cooling rates were 10 K⋅min<ce:sup loc="post">−1</ce:sup>.</ce:para></ce:section><ce:section id="sec2.5" view="all"><ce:label>2.5</ce:label><ce:section-title id="sectitle0055">Heat capacity measurements</ce:section-title><ce:para id="p0065" view="all">The low-temperature heat capacity of a piece of Bi<ce:inf loc="post">2</ce:inf>UO<ce:inf loc="post">6</ce:inf> of mass 13.63 (+/−0.02) mg was measured from 1.85 to 270 K at 0 and 9 T with a PPMS-9T instrument (Quantum Design) using the hybrid adiabatic relaxation method. The sample was fixed on the sapphire platform by a small amount of thermal conductive grease (Apiezon-N). The heat capacity contributions of the puck and of the layer of grease were determined previously through the addenda protocol determination. A complete description of the technique and the method has been reported by Lashley et al. <ce:cross-ref refid="bib7" id="crosref0050">[7]</ce:cross-ref>, whereas details of the instrument can be found in Javorský et al. <ce:cross-ref refid="bib8" id="crosref0055">[8]</ce:cross-ref>. Based on comparison to standard materials and experience for other compounds, we estimate the uncertainty of the measurements to be better than 3% over the temperature range.</ce:para><ce:para id="p0070" view="all">Solid pieces of 23–114 mg were further used to measure the enthalpy increments using a Setaram Multi-detector High Temperature Calorimeter (MDHTC-96) using a drop detector. For more details about the technique we refer to our previous studies <ce:cross-refs refid="bib9 bib10" id="crosrefs0015">[9,10]</ce:cross-refs>. The measurements were carried out under an argon atmosphere (with an oxygen content of 7 ppm), using pure platinum ingots (64–144 mg) of 99.95 at % purity as a reference material. The temperature range of the experiment was from 430.3 K to 1088.8 K using steps of 50 K. Each isothermal run consisted of 2–4 drops of Bi<ce:inf loc="post">2</ce:inf>UO<ce:inf loc="post">6</ce:inf> samples, each surrounded by two drops of platinum from which the sensitivity of the device was determined. The drops were separated by time intervals of 20 min, long enough to re-stabilize the monitored heat flow signal. Background subtraction and peak integration were performed using commercially available software for data processing. The reported temperatures were corrected in accordance with the calibration curve obtained prior to measurement using several high purity standard metals (Sn, Pb, Zn, Al, Ag, Ni) with various melting temperatures in order to cover the whole temperature range of the measurement. After drop calorimetric measurements at the maximum considered temperature, the material was subjected to a new XRD measurement, confirming the stability of the compound under the experimental conditions.</ce:para></ce:section></ce:section><ce:section id="sec3" role="results" view="all"><ce:label>3</ce:label><ce:section-title id="sectitle0060">Results and discussions</ce:section-title><ce:section id="sec3.1" view="all"><ce:label>3.1</ce:label><ce:section-title id="sectitle0065">Structure and reactivity of α-Bi<ce:inf loc="post">2</ce:inf>UO<ce:inf loc="post">6</ce:inf></ce:section-title><ce:para id="p0075" view="all">The synthesis resulted in phase-pure monoclinic <ce:italic>α</ce:italic>-Bi<ce:inf loc="post">2</ce:inf>UO<ce:inf loc="post">6</ce:inf> (space group C 1 2 1) which was used for all further experiments in this study (<ce:cross-ref refid="fig2" id="crosref0060">Fig. 2</ce:cross-ref><ce:float-anchor refid="fig2"/>). The unit cell parameters obtained by Rietveld refinement of conventional XRD powder pattern at room temperature are: <ce:italic>a</ce:italic> = 6.889(3) Å, <ce:italic>b</ce:italic> = 4.007(4) Å, <ce:italic>c</ce:italic> = 9.691(5) Å, β = 90.13(3)°, and are in excellent agreement with the literature data <ce:cross-refs refid="bib3 bib4" id="crosrefs0020">[3,4]</ce:cross-refs>. The <ce:italic>α</ce:italic>-form of bismuth uranate Bi<ce:inf loc="post">2</ce:inf>UO<ce:inf loc="post">6</ce:inf> consists of stacks of slabs of edge-sharing UO<ce:inf loc="post">8</ce:inf> polyhedra sandwiched between Bi<ce:inf loc="post">2</ce:inf>O<ce:inf loc="post">2</ce:inf><ce:sup loc="post">2+</ce:sup> sheets (inset <ce:cross-ref refid="fig2" id="crosref0065">Fig. 2</ce:cross-ref>).</ce:para><ce:para id="p0080" view="all">Increasing the reaction time (5–50 h) and temperature (1073–1173 K) does not increase substantially the crystallinity of the material. Electronic microprobe analyse performed on a homogeneous pellet indicates an Bi:U ratio of 2.068:0.966, normalized for 6 oxygen atoms per formula unit. This small deviation from the Bi:U:O = 2:1:6 stoichiometry is consistent with the Bi<ce:inf loc="post">2</ce:inf>UO<ce:inf loc="post">5.94</ce:inf> chemical formula proposed by Vannier et al. <ce:cross-ref refid="bib3" id="crosref0070">[3]</ce:cross-ref> and is definitely not due to the oxidation state of uranium.</ce:para><ce:para id="p0085" view="all"><ce:italic>α</ce:italic>-Bi<ce:inf loc="post">2</ce:inf>UO<ce:inf loc="post">6</ce:inf> is stable under air (even when humid) or inert atmosphere at room temperature for months. On heating in air, it is stable up to 1345.5 K (onset temperature, DTA/TG data), then starts to decompose to the corresponding oxides (<ce:cross-ref refid="appsec1" id="crosref0075">Fig. S3</ce:cross-ref>).</ce:para><ce:para id="p0090" view="all">Under reducing atmosphere (48 h in Ar-(5%)H<ce:inf loc="post">2</ce:inf> at 1173 K), Bi<ce:inf loc="post">2</ce:inf>UO<ce:inf loc="post">6</ce:inf> decomposes to UO<ce:inf loc="post">2</ce:inf> and bismuth metal (rhombohedral) accordingly with the reaction:<ce:display><ce:formula id="ufd1"><ce:chem>Bi<ce:inf loc="post">2</ce:inf>UO<ce:inf loc="post">6</ce:inf> + 4H<ce:inf loc="post">2</ce:inf> → UO<ce:inf loc="post">2</ce:inf> + 2 Bi + 4H<ce:inf loc="post">2</ce:inf>O</ce:chem></ce:formula></ce:display></ce:para></ce:section><ce:section id="sec3.2" view="all"><ce:label>3.2</ce:label><ce:section-title id="sectitle0070">Heat capacity measurements</ce:section-title><ce:para id="p0095" view="all">The low temperature heat capacity (&lt;270 K) shows the absence of magnetic features down to 1.85 K (<ce:cross-ref refid="fig3" id="crosref0080">Fig. 3</ce:cross-ref><ce:float-anchor refid="fig3"/> and <ce:cross-ref refid="appsec1" id="crosref0085">Table S4</ce:cross-ref>), as expected for a U(VI) compound.</ce:para><ce:para id="p0100" view="all">The room temperature C<ce:inf loc="post">p</ce:inf> for <ce:italic>α</ce:italic>-Bi<ce:inf loc="post">2</ce:inf>UO<ce:inf loc="post">6</ce:inf>, 184.6 J K<ce:sup loc="post">−1</ce:sup> mol<ce:sup loc="post">−1</ce:sup>, is considerably lower than the Dulong-Petit derived value (C<ce:inf loc="post">p(298K)</ce:inf> ∼ 3 × <ce:italic>n</ce:italic> × <ce:italic>R</ce:italic> with <ce:italic>n</ce:italic> = number of atoms per formula and <ce:italic>R</ce:italic> = universal gas constant) of 225 J⋅ K<ce:sup loc="post">−1</ce:sup>⋅mol<ce:sup loc="post">−1</ce:sup>, in line with some other uranates <ce:cross-refs refid="bib12 bib13" id="crosrefs0025">[12,13]</ce:cross-refs>. When approaching very low temperatures (T→ 0 K, inset <ce:cross-ref refid="fig3" id="crosref0090">Fig. 3</ce:cross-ref>), the plot of C<ce:inf loc="post">p</ce:inf>/T versus T<ce:sup loc="post">2</ce:sup> is linear as expected from the Debye law <ce:cross-ref refid="bib11" id="crosref0095">[11]</ce:cross-ref>:<ce:display><ce:formula id="ufd2"><mml:math altimg="si1.gif" overflow="scroll"><mml:mrow><mml:mfrac><mml:mrow><mml:msub><mml:mi>C</mml:mi><mml:mi>p</mml:mi></mml:msub></mml:mrow><mml:mrow><mml:msub><mml:mi>N</mml:mi><mml:mi>A</mml:mi></mml:msub><mml:mi>k</mml:mi></mml:mrow></mml:mfrac><mml:mo>=</mml:mo><mml:mfrac><mml:mrow><mml:mn>12</mml:mn><mml:msup><mml:mi>π</mml:mi><mml:mn>4</mml:mn></mml:msup></mml:mrow><mml:mn>5</mml:mn></mml:mfrac><mml:mspace width="0.25em"/><mml:msup><mml:mrow><mml:mrow><mml:mo>(</mml:mo><mml:mrow><mml:mfrac><mml:mi>T</mml:mi><mml:mi>θ</mml:mi></mml:mfrac></mml:mrow><mml:mo>)</mml:mo></mml:mrow></mml:mrow><mml:mn>3</mml:mn></mml:msup></mml:mrow></mml:math></ce:formula></ce:display>where <ce:italic>N</ce:italic><ce:inf loc="post"><ce:italic>A</ce:italic></ce:inf> is Avogadro's constant, <ce:italic>k</ce:italic> the Boltzmann's constant, and <ce:italic>Θ</ce:italic> is the Debye Temperature, which is thus estimated as 245 K.</ce:para><ce:para id="p0105" view="all">The heat capacity data have been fitted to a series of overlapping polynomials, and we derive for the heat capacity at T = 298.15 K C<ce:inf loc="post">p</ce:inf>(298.15 K) = 185.1 J K<ce:sup loc="post">−1</ce:sup> mol<ce:sup loc="post">−1</ce:sup>, for a standard entropy S°(298.15 K) = 238.8 J K<ce:sup loc="post">−1</ce:sup> mol<ce:sup loc="post">−1</ce:sup>. The enthalpy increment {H°(298.15 K)−H°(0 K)} = 34863 J mol<ce:sup loc="post">−1</ce:sup> is obtained by integration of C<ce:inf loc="post">p</ce:inf>(T) versus T. It should be noted, however, that these values have been extrapolated from 270 K to 298.15 K.</ce:para><ce:para id="p0110" view="all">The enthalpy increment of Bi<ce:inf loc="post">2</ce:inf>UO<ce:inf loc="post">6</ce:inf> was measured up to 1088.8 K, and the results are shown in (<ce:cross-ref refid="fig4" id="crosref0100">Fig. 4</ce:cross-ref><ce:float-anchor refid="fig4"/> and <ce:cross-ref refid="tbl1" id="crosref0105">Table 1</ce:cross-ref><ce:float-anchor refid="tbl1"/>).</ce:para><ce:para id="p0115" view="all">All measured enthalpy increment data were fitted, using a combined linear regression with the room temperature heat capacity data obtained from the PPMS measurements (see above). A Maier-Kelly type second order polynomial equation was used, similar to our previous studies for alkaline - earth uranates <ce:cross-refs refid="bib12 bib13" id="crosrefs0030">[12,13]</ce:cross-refs>. The following heat capacity equation was obtained:<ce:display><ce:formula id="ufd3"><mml:math altimg="si2.gif" overflow="scroll"><mml:mrow><mml:mrow><mml:mrow><mml:msubsup><mml:mtext>C</mml:mtext><mml:mrow><mml:mtext>p,m</mml:mtext></mml:mrow><mml:mtext>o</mml:mtext></mml:msubsup></mml:mrow><mml:mo>/</mml:mo><mml:mrow><mml:mtext>J</mml:mtext><mml:mo>·</mml:mo><mml:msup><mml:mtext>K</mml:mtext><mml:mrow><mml:mo>−</mml:mo><mml:mn>1</mml:mn></mml:mrow></mml:msup><mml:mo>·</mml:mo><mml:msup><mml:mrow><mml:mtext>mol</mml:mtext></mml:mrow><mml:mrow><mml:mo>−</mml:mo><mml:mn>1</mml:mn></mml:mrow></mml:msup></mml:mrow></mml:mrow><mml:mo>=</mml:mo><mml:mrow><mml:mo>(</mml:mo><mml:mn>270.912</mml:mn><mml:mo>±</mml:mo><mml:mn>25.809</mml:mn><mml:mo>)</mml:mo></mml:mrow><mml:mo>+</mml:mo><mml:mrow><mml:mo>(</mml:mo><mml:mn>18.12</mml:mn><mml:mo>×</mml:mo><mml:msup><mml:mrow><mml:mn>10</mml:mn></mml:mrow><mml:mrow><mml:mo>−</mml:mo><mml:mn>3</mml:mn></mml:mrow></mml:msup><mml:mo>±</mml:mo><mml:mn>23.52</mml:mn><mml:mo>×</mml:mo><mml:msup><mml:mrow><mml:mn>10</mml:mn></mml:mrow><mml:mrow><mml:mo>−</mml:mo><mml:mn>3</mml:mn></mml:mrow></mml:msup><mml:mo>)</mml:mo></mml:mrow><mml:mrow><mml:mo>(</mml:mo><mml:mtext>T</mml:mtext><mml:mo>/</mml:mo><mml:mtext>K</mml:mtext><mml:mo>)</mml:mo></mml:mrow><mml:mo>−</mml:mo><mml:mrow><mml:mo>(</mml:mo><mml:mn>4.5526</mml:mn><mml:mo>×</mml:mo><mml:msup><mml:mrow><mml:mn>10</mml:mn></mml:mrow><mml:mn>6</mml:mn></mml:msup><mml:mo>±</mml:mo><mml:mn>7.8276</mml:mn><mml:mo>×</mml:mo><mml:msup><mml:mrow><mml:mn>10</mml:mn></mml:mrow><mml:mn>5</mml:mn></mml:msup><mml:mo>)</mml:mo></mml:mrow><mml:msup><mml:mrow><mml:mo>(</mml:mo><mml:mtext>T</mml:mtext><mml:mo>/</mml:mo><mml:mtext>K</mml:mtext><mml:mo>)</mml:mo></mml:mrow><mml:mrow><mml:mo>−</mml:mo><mml:mn>2</mml:mn></mml:mrow></mml:msup></mml:mrow></mml:math></ce:formula></ce:display></ce:para></ce:section></ce:section><ce:section id="sec4" role="conclusion" view="all"><ce:label>4</ce:label><ce:section-title id="sectitle0075">Conclusions</ce:section-title><ce:para id="p0120" view="all">We present for the first time the heat capacity of Bi<ce:inf loc="post">2</ce:inf>UO<ce:inf loc="post">6</ce:inf> in the temperature range (1.4–1089) K. From the low-temperature measurements, the thermodynamic functions C<ce:inf loc="post">p</ce:inf>(298.15 K), S°(298.15 K), and {H°(298.15 K)−H°(0 K)} were derived. Further thermal expansion and phase transition studies are needed in order to provide other data to assess the accident behaviour of fuels in reactors with LBE coolant.</ce:para></ce:section></ce:sections><ce:acknowledgment id="ack0010" view="all"><ce:section-title id="sectitle0080">Acknowledgements</ce:section-title><ce:para id="p0125" view="all">This work was performed into the frame of the “Safe exploitation related chemistry for HLM reactors (SEARCH)” FP7 Collaborative Project. The authors acknowledge Daniel Bouexière and Giorgio Pagliosa for room- and high-temperature X-ray diffraction measurements and Herwin Hein for DTA characterisation.</ce:para></ce:acknowledgment><ce:appendices view="all"><ce:section id="appsec1" view="extended"><ce:label>Appendix A</ce:label><ce:section-title id="sectitle0085">Supplementary data</ce:section-title><ce:para id="p0130" view="all">The following is the supplementary data related to this article:<ce:display><ce:e-component id="ec1"><ce:link locator="mmc1"/></ce:e-component></ce:display></ce:para></ce:section><ce:section id="appsec2" view="compact-standard"><ce:label>Appendix A</ce:label><ce:section-title id="sectitle0090">Supplementary data</ce:section-title><ce:para id="p0135" view="all">Supplementary data related to this article can be found at <ce:inter-ref xlink:href="doi:10.1016/j.jnucmat.2015.06.055" id="intref0010" xlink:type="simple">http://dx.doi.org/10.1016/j.jnucmat.2015.06.055</ce:inter-ref>.</ce:para></ce:section></ce:appendices></body><tail view="all"><ce:bibliography id="cebib0010" view="all"><ce:section-title id="sectitle0095">References</ce:section-title><ce:bibliography-sec id="cebibsec0010" view="all"><ce:bib-reference id="bib1"><ce:label>[1]</ce:label><sb:reference id="sref1"><sb:contribution langtype="en"><sb:authors><sb:author><ce:given-name>F.</ce:given-name><ce:surname>Hund</ce:surname></sb:author></sb:authors></sb:contribution><sb:host><sb:issue><sb:series><sb:title><sb:maintitle>Z. Annorg. Allg. Chem.</sb:maintitle></sb:title><sb:volume-nr>333</sb:volume-nr></sb:series><sb:date>1964</sb:date></sb:issue><sb:pages><sb:first-page>248</sb:first-page><sb:last-page>255</sb:last-page></sb:pages></sb:host></sb:reference></ce:bib-reference><ce:bib-reference id="bib2"><ce:label>[2]</ce:label><sb:reference id="sref2"><sb:contribution langtype="en"><sb:authors><sb:author><ce:given-name>W.</ce:given-name><ce:surname>Rüdorff</ce:surname></sb:author><sb:author><ce:given-name>H.</ce:given-name><ce:surname>Erfurth</ce:surname></sb:author><sb:author><ce:given-name>S.</ce:given-name><ce:surname>Kemmler-Sack</ce:surname></sb:author></sb:authors></sb:contribution><sb:host><sb:issue><sb:series><sb:title><sb:maintitle>Z. Annorg. Allg. Chem.</sb:maintitle></sb:title><sb:volume-nr>354</sb:volume-nr></sb:series><sb:date>1967</sb:date></sb:issue></sb:host><sb:comment>273–238</sb:comment></sb:reference></ce:bib-reference><ce:bib-reference id="bib3"><ce:label>[3]</ce:label><sb:reference id="sref3"><sb:contribution langtype="en"><sb:authors><sb:author><ce:given-name>R.N.</ce:given-name><ce:surname>Vannier</ce:surname></sb:author><sb:author><ce:given-name>O.</ce:given-name><ce:surname>Thery</ce:surname></sb:author><sb:author><ce:given-name>C.</ce:given-name><ce:surname>Kinowski</ce:surname></sb:author><sb:author><ce:given-name>M.</ce:given-name><ce:surname>Huve</ce:surname></sb:author><sb:author><ce:given-name>G.</ce:given-name><ce:surname>van Tendeloo</ce:surname></sb:author><sb:author><ce:given-name>E.</ce:given-name><ce:surname>Suard</ce:surname></sb:author><sb:author><ce:given-name>F.</ce:given-name><ce:surname>Abraham</ce:surname></sb:author></sb:authors></sb:contribution><sb:host><sb:issue><sb:series><sb:title><sb:maintitle>J. Mater. Chem.</sb:maintitle></sb:title><sb:volume-nr>9</sb:volume-nr></sb:series><sb:date>1999</sb:date></sb:issue><sb:pages><sb:first-page>435</sb:first-page><sb:last-page>443</sb:last-page></sb:pages></sb:host></sb:reference></ce:bib-reference><ce:bib-reference id="bib4"><ce:label>[4]</ce:label><sb:reference id="sref4"><sb:contribution langtype="en"><sb:authors><sb:author><ce:given-name>A.S.</ce:given-name><ce:surname>Koster</ce:surname></sb:author><sb:author><ce:given-name>J.P.P.</ce:given-name><ce:surname>Renaud</ce:surname></sb:author><sb:author><ce:given-name>G.D.</ce:given-name><ce:surname>Rieck</ce:surname></sb:author></sb:authors></sb:contribution><sb:host><sb:issue><sb:series><sb:title><sb:maintitle>Acta Crystallogr. B</sb:maintitle></sb:title><sb:volume-nr>31</sb:volume-nr></sb:series><sb:date>1975</sb:date></sb:issue><sb:pages><sb:first-page>127</sb:first-page><sb:last-page>131</sb:last-page></sb:pages></sb:host></sb:reference></ce:bib-reference><ce:bib-reference id="bib5"><ce:label>[5]</ce:label><sb:reference id="sref5"><sb:contribution langtype="en"><sb:authors><sb:author><ce:given-name>J.</ce:given-name><ce:surname>Rodriguez-Carjaval</ce:surname></sb:author></sb:authors></sb:contribution><sb:host><sb:issue><sb:series><sb:title><sb:maintitle>Phys. B</sb:maintitle></sb:title><sb:volume-nr>192</sb:volume-nr></sb:series><sb:date>1993</sb:date></sb:issue><sb:pages><sb:first-page>55</sb:first-page><sb:last-page>69</sb:last-page></sb:pages></sb:host></sb:reference></ce:bib-reference><ce:bib-reference id="bib6"><ce:label>[6]</ce:label><sb:reference id="sref6"><sb:contribution langtype="en"><sb:authors><sb:author><ce:given-name>J.L.</ce:given-name><ce:surname>Pouchou</ce:surname></sb:author><sb:author><ce:given-name>F.</ce:given-name><ce:surname>Pichoir</ce:surname></sb:author></sb:authors></sb:contribution><sb:host><sb:issue><sb:series><sb:title><sb:maintitle>La Recherche Aérospatiale</sb:maintitle></sb:title><sb:volume-nr>5</sb:volume-nr></sb:series><sb:date>1984</sb:date></sb:issue><sb:pages><sb:first-page>349</sb:first-page><sb:last-page>367</sb:last-page></sb:pages></sb:host></sb:reference></ce:bib-reference><ce:bib-reference id="bib7"><ce:label>[7]</ce:label><sb:reference id="sref7"><sb:contribution langtype="en"><sb:authors><sb:author><ce:given-name>J.C.</ce:given-name><ce:surname>Lashley</ce:surname></sb:author><sb:author><ce:given-name>M.F.</ce:given-name><ce:surname>Hundley</ce:surname></sb:author><sb:author><ce:given-name>A.</ce:given-name><ce:surname>Migliori</ce:surname></sb:author><sb:author><ce:given-name>J.L.</ce:given-name><ce:surname>Sarrao</ce:surname></sb:author><sb:author><ce:given-name>P.G.</ce:given-name><ce:surname>Pagliuso</ce:surname></sb:author><sb:author><ce:given-name>T.W.</ce:given-name><ce:surname>Tarling</ce:surname></sb:author><sb:author><ce:given-name>M.</ce:given-name><ce:surname>Jaime</ce:surname></sb:author><sb:author><ce:given-name>J.C.</ce:given-name><ce:surname>Cooley</ce:surname></sb:author><sb:author><ce:given-name>W.L.</ce:given-name><ce:surname>Hults</ce:surname></sb:author><sb:author><ce:given-name>L.</ce:given-name><ce:surname>Morales</ce:surname></sb:author><sb:author><ce:given-name>D.J.</ce:given-name><ce:surname>Thoma</ce:surname></sb:author><sb:author><ce:given-name>J.L.</ce:given-name><ce:surname>Smith</ce:surname></sb:author><sb:author><ce:given-name>J.</ce:given-name><ce:surname>Boerio-Goates</ce:surname></sb:author><sb:author><ce:given-name>B.F.</ce:given-name><ce:surname>Woodfield</ce:surname></sb:author><sb:author><ce:given-name>G.R.</ce:given-name><ce:surname>Stewart</ce:surname></sb:author><sb:author><ce:given-name>R.A.</ce:given-name><ce:surname>Fisher</ce:surname></sb:author><sb:author><ce:given-name>N.E.</ce:given-name><ce:surname>Phillips</ce:surname></sb:author></sb:authors></sb:contribution><sb:host><sb:issue><sb:series><sb:title><sb:maintitle>Cryogenics</sb:maintitle></sb:title><sb:volume-nr>43</sb:volume-nr></sb:series><sb:date>2003</sb:date></sb:issue><sb:pages><sb:first-page>369</sb:first-page><sb:last-page>378</sb:last-page></sb:pages></sb:host></sb:reference></ce:bib-reference><ce:bib-reference id="bib8"><ce:label>[8]</ce:label><sb:reference id="sref8"><sb:contribution langtype="en"><sb:authors><sb:author><ce:given-name>P.</ce:given-name><ce:surname>Javorský</ce:surname></sb:author><sb:author><ce:given-name>F.</ce:given-name><ce:surname>Wastin</ce:surname></sb:author><sb:author><ce:given-name>E.</ce:given-name><ce:surname>Colineau</ce:surname></sb:author><sb:author><ce:given-name>J.</ce:given-name><ce:surname>Rebizant</ce:surname></sb:author><sb:author><ce:given-name>P.</ce:given-name><ce:surname>Boulet</ce:surname></sb:author><sb:author><ce:given-name>G.</ce:given-name><ce:surname>Stewart</ce:surname></sb:author></sb:authors></sb:contribution><sb:host><sb:issue><sb:series><sb:title><sb:maintitle>J. Nucl. Mater.</sb:maintitle></sb:title><sb:volume-nr>344</sb:volume-nr></sb:series><sb:date>2005</sb:date></sb:issue><sb:pages><sb:first-page>50</sb:first-page><sb:last-page>55</sb:last-page></sb:pages></sb:host></sb:reference></ce:bib-reference><ce:bib-reference id="bib9"><ce:label>[9]</ce:label><sb:reference id="sref9"><sb:contribution langtype="en"><sb:authors><sb:author><ce:given-name>K.</ce:given-name><ce:surname>Popa</ce:surname></sb:author><sb:author><ce:given-name>T.</ce:given-name><ce:surname>Shvareva</ce:surname></sb:author><sb:author><ce:given-name>L.</ce:given-name><ce:surname>Mazeina</ce:surname></sb:author><sb:author><ce:given-name>E.</ce:given-name><ce:surname>Colineau</ce:surname></sb:author><sb:author><ce:given-name>F.</ce:given-name><ce:surname>Wastin</ce:surname></sb:author><sb:author><ce:given-name>R.J.M.</ce:given-name><ce:surname>Konings</ce:surname></sb:author><sb:author><ce:given-name>A.</ce:given-name><ce:surname>Navrotsky</ce:surname></sb:author></sb:authors></sb:contribution><sb:host><sb:issue><sb:series><sb:title><sb:maintitle>Am. Mineral.</sb:maintitle></sb:title><sb:volume-nr>93</sb:volume-nr></sb:series><sb:date>2008</sb:date></sb:issue><sb:pages><sb:first-page>1356</sb:first-page><sb:last-page>1362</sb:last-page></sb:pages></sb:host></sb:reference></ce:bib-reference><ce:bib-reference id="bib10"><ce:label>[10]</ce:label><sb:reference id="sref10"><sb:contribution langtype="en"><sb:authors><sb:author><ce:given-name>O.</ce:given-name><ce:surname>Beneš</ce:surname></sb:author><sb:author><ce:given-name>K.</ce:given-name><ce:surname>Popa</ce:surname></sb:author><sb:author><ce:given-name>V.</ce:given-name><ce:surname>Reuscher</ce:surname></sb:author><sb:author><ce:given-name>A.</ce:given-name><ce:surname>Zappia</ce:surname></sb:author><sb:author><ce:given-name>D.</ce:given-name><ce:surname>Staicu</ce:surname></sb:author><sb:author><ce:given-name>R.J.M.</ce:given-name><ce:surname>Konings</ce:surname></sb:author></sb:authors></sb:contribution><sb:host><sb:issue><sb:series><sb:title><sb:maintitle>J. Nucl. Mater.</sb:maintitle></sb:title><sb:volume-nr>418</sb:volume-nr></sb:series><sb:date>2011</sb:date></sb:issue><sb:pages><sb:first-page>182</sb:first-page><sb:last-page>185</sb:last-page></sb:pages></sb:host></sb:reference></ce:bib-reference><ce:bib-reference id="bib11"><ce:label>[11]</ce:label><sb:reference id="sref11"><sb:contribution langtype="en"><sb:authors><sb:author><ce:given-name>N.W.</ce:given-name><ce:surname>Ashcroft</ce:surname></sb:author><sb:author><ce:given-name>N.D.</ce:given-name><ce:surname>Mermin</ce:surname></sb:author></sb:authors><sb:title><sb:maintitle>Solid State Physics</sb:maintitle></sb:title></sb:contribution><sb:host><sb:book><sb:date>1976</sb:date><sb:publisher><sb:name>Saunders College Publishing, Cornell University</sb:name><sb:location>Ithaca, NY</sb:location></sb:publisher></sb:book></sb:host></sb:reference></ce:bib-reference><ce:bib-reference id="bib12"><ce:label>[12]</ce:label><sb:reference id="sref12"><sb:contribution langtype="en"><sb:authors><sb:author><ce:given-name>R.J.M.</ce:given-name><ce:surname>Konings</ce:surname></sb:author><sb:author><ce:given-name>K.</ce:given-name><ce:surname>Popa</ce:surname></sb:author><sb:author><ce:given-name>E.</ce:given-name><ce:surname>Colineau</ce:surname></sb:author><sb:author><ce:given-name>F.</ce:given-name><ce:surname>Wastin</ce:surname></sb:author></sb:authors></sb:contribution><sb:host><sb:issue><sb:series><sb:title><sb:maintitle>J. Chem. Thermodyn.</sb:maintitle></sb:title><sb:volume-nr>40</sb:volume-nr></sb:series><sb:date>2008</sb:date></sb:issue><sb:pages><sb:first-page>220</sb:first-page><sb:last-page>224</sb:last-page></sb:pages></sb:host></sb:reference></ce:bib-reference><ce:bib-reference id="bib13"><ce:label>[13]</ce:label><sb:reference id="sref13"><sb:contribution langtype="en"><sb:authors><sb:author><ce:given-name>K.</ce:given-name><ce:surname>Popa</ce:surname></sb:author><sb:author><ce:given-name>F.</ce:given-name><ce:surname>Wastin</ce:surname></sb:author><sb:author><ce:given-name>E.</ce:given-name><ce:surname>Colineau</ce:surname></sb:author><sb:author><ce:given-name>R.J.M.</ce:given-name><ce:surname>Konings</ce:surname></sb:author></sb:authors></sb:contribution><sb:host><sb:issue><sb:series><sb:title><sb:maintitle>J. Chem. Thermodyn.</sb:maintitle></sb:title><sb:volume-nr>39</sb:volume-nr></sb:series><sb:date>2007</sb:date></sb:issue><sb:pages><sb:first-page>104</sb:first-page><sb:last-page>107</sb:last-page></sb:pages></sb:host></sb:reference></ce:bib-reference></ce:bibliography-sec></ce:bibliography></tail></article></xocs:serial-item></xocs:doc>