<xocs:doc xsi:schemaLocation="http://www.elsevier.com/xml/xocs/dtd http://schema.elsevier.com/dtds/document/fulltext/xcr/xocs-article.xsd" xmlns:xocs="http://www.elsevier.com/xml/xocs/dtd" xmlns:xs="http://www.w3.org/2001/XMLSchema" xmlns:xsi="http://www.w3.org/2001/XMLSchema-instance" xmlns="http://www.elsevier.com/xml/ja/dtd" xmlns:ja="http://www.elsevier.com/xml/ja/dtd" xmlns:mml="http://www.w3.org/1998/Math/MathML" xmlns:tb="http://www.elsevier.com/xml/common/table/dtd" xmlns:sb="http://www.elsevier.com/xml/common/struct-bib/dtd" xmlns:ce="http://www.elsevier.com/xml/common/dtd" xmlns:xlink="http://www.w3.org/1999/xlink" xmlns:cals="http://www.elsevier.com/xml/common/cals/dtd"><xocs:meta><xocs:content-family>serial</xocs:content-family><xocs:content-type>JL</xocs:content-type><xocs:cid>271598</xocs:cid><xocs:ssids><xocs:ssid type="alllist">291210</xocs:ssid><xocs:ssid type="subj">291702</xocs:ssid><xocs:ssid type="subj">291777</xocs:ssid><xocs:ssid type="subj">291829</xocs:ssid><xocs:ssid type="content">31</xocs:ssid><xocs:ssid type="oa">90</xocs:ssid></xocs:ssids><xocs:srctitle>Journal of Nuclear Materials</xocs:srctitle><xocs:normalized-srctitle>JOURNALNUCLEARMATERIALS</xocs:normalized-srctitle><xocs:orig-load-date yyyymmdd="20141013">2014-10-13</xocs:orig-load-date><xocs:available-online-date yyyymmdd="20141013">2014-10-13</xocs:available-online-date><xocs:ew-transaction-id>2016-04-09T12:58:43</xocs:ew-transaction-id><xocs:eid>1-s2.0-S0022311514006849</xocs:eid><xocs:pii-formatted>S0022-3115(14)00684-9</xocs:pii-formatted><xocs:pii-unformatted>S0022311514006849</xocs:pii-unformatted><xocs:doi>10.1016/j.jnucmat.2014.10.001</xocs:doi><xocs:item-stage>S300</xocs:item-stage><xocs:item-version-number>S300.2</xocs:item-version-number><xocs:item-weight>FULL-TEXT</xocs:item-weight><xocs:hub-eid>1-s2.0-S0022311514X00115</xocs:hub-eid><xocs:timestamp yyyymmdd="20160409">2016-04-09T08:19:27.795485-04:00</xocs:timestamp><xocs:dco>0</xocs:dco><xocs:tomb>0</xocs:tomb><xocs:date-search-begin>20150101</xocs:date-search-begin><xocs:date-search-end>20150131</xocs:date-search-end><xocs:year-nav>2015</xocs:year-nav><xocs:indexeddate epoch="1413218951">2014-10-13T16:49:11.992013Z</xocs:indexeddate><xocs:articleinfo>articleinfo articletitlenorm authfirstinitialnorm authfirstsurnamenorm cid cids contenttype copyright crossmark dateloaded dateloadedtxt datesearch datesort dateupdated dco docsubtype doctype doi eid ewtransactionid fundingbodyid hubeid indexeddate issn issnnorm itemstage itemtransactionid itemweight oauserlicense openaccess openarchive pg pgfirst pglast pii piinorm pubdateend pubdatestart pubdatetxt pubyr sortorder sponsoredaccesstype srctitle srctitlenorm srctype ssids alllist content oa subj subheadings suppl tomb volfirst volissue volumelist webpdf webpdfpagecount yearnav figure table body acknowledge affil articletitle auth authfirstini authfull authlast highlightsabst primabst ref</xocs:articleinfo><xocs:issns><xocs:issn-primary-formatted>0022-3115</xocs:issn-primary-formatted><xocs:issn-primary-unformatted>00223115</xocs:issn-primary-unformatted></xocs:issns><xocs:sponsored-access-type>UNLIMITED</xocs:sponsored-access-type><xocs:funding-body-id>EPSRCPP</xocs:funding-body-id><xocs:crossmark is-crossmark="1">true</xocs:crossmark><xocs:vol-first>456</xocs:vol-first><xocs:volume-list><xocs:volume>456</xocs:volume></xocs:volume-list><xocs:suppl>C</xocs:suppl><xocs:vol-iss-suppl-text>Volume 456</xocs:vol-iss-suppl-text><xocs:sort-order>45</xocs:sort-order><xocs:first-fp>329</xocs:first-fp><xocs:last-lp>333</xocs:last-lp><xocs:pages><xocs:first-page>329</xocs:first-page><xocs:last-page>333</xocs:last-page></xocs:pages><xocs:cover-date-orig><xocs:start-date>201501</xocs:start-date></xocs:cover-date-orig><xocs:cover-date-text>January 2015</xocs:cover-date-text><xocs:cover-date-start>2015-01-01</xocs:cover-date-start><xocs:cover-date-end>2015-01-31</xocs:cover-date-end><xocs:cover-date-year>2015</xocs:cover-date-year><xocs:document-type>article</xocs:document-type><xocs:document-subtype>fla</xocs:document-subtype><xocs:copyright-line>Crown copyright © 2014 Published by Elsevier B.V.</xocs:copyright-line><xocs:normalized-article-title>COMPUTERSIMULATIONDEFECTCLUSTERSINUO2DEPENDENCECOMPOSITION</xocs:normalized-article-title><xocs:normalized-first-auth-surname>BRINCAT</xocs:normalized-first-auth-surname><xocs:normalized-first-auth-initial>N</xocs:normalized-first-auth-initial><xocs:item-toc><xocs:item-toc-entry ref-elem="ce:sections"><xocs:item-toc-label>1</xocs:item-toc-label><xocs:item-toc-section-title>Introduction</xocs:item-toc-section-title></xocs:item-toc-entry><xocs:item-toc-entry ref-elem="ce:sections"><xocs:item-toc-label>2</xocs:item-toc-label><xocs:item-toc-section-title>Methodology</xocs:item-toc-section-title></xocs:item-toc-entry><xocs:item-toc-entry ref-elem="ce:sections"><xocs:item-toc-label>3</xocs:item-toc-label><xocs:item-toc-section-title>Results and Discussion</xocs:item-toc-section-title></xocs:item-toc-entry><xocs:item-toc-entry ref-elem="ce:sections"><xocs:item-toc-label>4</xocs:item-toc-label><xocs:item-toc-section-title>Conclusions</xocs:item-toc-section-title></xocs:item-toc-entry><xocs:item-toc-entry ref-elem="ce:acknowledgment"><xocs:item-toc-section-title>Acknowledgements</xocs:item-toc-section-title></xocs:item-toc-entry><xocs:item-toc-entry ref-elem="ce:bibliography"><xocs:item-toc-section-title>References</xocs:item-toc-section-title></xocs:item-toc-entry></xocs:item-toc><xocs:references><xocs:ref-info refid="h0005"><xocs:ref-normalized-surname>WILLIS</xocs:ref-normalized-surname><xocs:ref-pub-year>1963</xocs:ref-pub-year><xocs:ref-first-fp>755</xocs:ref-first-fp><xocs:ref-normalized-initial>B</xocs:ref-normalized-initial></xocs:ref-info><xocs:ref-info refid="h0010"><xocs:ref-normalized-surname>WILLIS</xocs:ref-normalized-surname><xocs:ref-pub-year>1964</xocs:ref-pub-year><xocs:ref-first-fp>431</xocs:ref-first-fp><xocs:ref-normalized-initial>B</xocs:ref-normalized-initial></xocs:ref-info><xocs:ref-info refid="h0015"><xocs:ref-normalized-surname>WILLIS</xocs:ref-normalized-surname><xocs:ref-pub-year>1978</xocs:ref-pub-year><xocs:ref-first-fp>88</xocs:ref-first-fp><xocs:ref-normalized-initial>B</xocs:ref-normalized-initial></xocs:ref-info><xocs:ref-info refid="h0020"><xocs:ref-normalized-surname>ALLEN</xocs:ref-normalized-surname><xocs:ref-pub-year>1982</xocs:ref-pub-year><xocs:ref-first-fp>48</xocs:ref-first-fp><xocs:ref-normalized-initial>G</xocs:ref-normalized-initial></xocs:ref-info><xocs:ref-info refid="h0025"><xocs:ref-normalized-surname>ALLEN</xocs:ref-normalized-surname><xocs:ref-pub-year>1982</xocs:ref-pub-year><xocs:ref-first-fp>2169</xocs:ref-first-fp><xocs:ref-normalized-initial>G</xocs:ref-normalized-initial></xocs:ref-info><xocs:ref-info refid="h0030"><xocs:ref-normalized-surname>CATLOW</xocs:ref-normalized-surname><xocs:ref-pub-year>1977</xocs:ref-pub-year><xocs:ref-first-fp>533</xocs:ref-first-fp><xocs:ref-normalized-initial>C</xocs:ref-normalized-initial></xocs:ref-info><xocs:ref-info refid="h0035"><xocs:ref-normalized-surname>GENG</xocs:ref-normalized-surname><xocs:ref-pub-year>2008</xocs:ref-pub-year><xocs:ref-first-fp>201903</xocs:ref-first-fp><xocs:ref-normalized-initial>H</xocs:ref-normalized-initial></xocs:ref-info><xocs:ref-info refid="h0040"><xocs:ref-normalized-surname>GENG</xocs:ref-normalized-surname><xocs:ref-pub-year>2008</xocs:ref-pub-year><xocs:ref-first-fp>104120</xocs:ref-first-fp><xocs:ref-normalized-initial>H</xocs:ref-normalized-initial></xocs:ref-info><xocs:ref-info refid="h0045"><xocs:ref-normalized-surname>ANDERSSON</xocs:ref-normalized-surname><xocs:ref-pub-year>2009</xocs:ref-pub-year><xocs:ref-first-fp>024110</xocs:ref-first-fp><xocs:ref-normalized-initial>D</xocs:ref-normalized-initial></xocs:ref-info><xocs:ref-info refid="h0050"><xocs:ref-normalized-surname>ANDERSSON</xocs:ref-normalized-surname><xocs:ref-pub-year>2012</xocs:ref-pub-year><xocs:ref-first-fp>234702</xocs:ref-first-fp><xocs:ref-normalized-initial>D</xocs:ref-normalized-initial></xocs:ref-info><xocs:ref-info refid="h0055"><xocs:ref-normalized-surname>CROCOMBETTE</xocs:ref-normalized-surname><xocs:ref-pub-year>2012</xocs:ref-pub-year><xocs:ref-first-fp>144101</xocs:ref-first-fp><xocs:ref-normalized-initial>J</xocs:ref-normalized-initial></xocs:ref-info><xocs:ref-info refid="h0060"><xocs:ref-normalized-surname>ANDERSSON</xocs:ref-normalized-surname><xocs:ref-pub-year>2013</xocs:ref-pub-year><xocs:ref-first-fp>2769</xocs:ref-first-fp><xocs:ref-normalized-initial>D</xocs:ref-normalized-initial></xocs:ref-info><xocs:ref-info refid="h0065"><xocs:ref-normalized-surname>GOVERS</xocs:ref-normalized-surname><xocs:ref-pub-year>2007</xocs:ref-pub-year><xocs:ref-first-fp>161</xocs:ref-first-fp><xocs:ref-normalized-initial>K</xocs:ref-normalized-initial></xocs:ref-info><xocs:ref-info refid="h0070"><xocs:ref-normalized-surname>BEVAN</xocs:ref-normalized-surname><xocs:ref-pub-year>1986</xocs:ref-pub-year><xocs:ref-first-fp>1</xocs:ref-first-fp><xocs:ref-normalized-initial>D</xocs:ref-normalized-initial></xocs:ref-info><xocs:ref-info refid="h0075"><xocs:ref-normalized-surname>DESGRANGES</xocs:ref-normalized-surname><xocs:ref-pub-year>2009</xocs:ref-pub-year><xocs:ref-first-fp>7585</xocs:ref-first-fp><xocs:ref-normalized-initial>L</xocs:ref-normalized-initial></xocs:ref-info><xocs:ref-info refid="h0080"><xocs:ref-normalized-surname>HE</xocs:ref-normalized-surname><xocs:ref-pub-year>2010</xocs:ref-pub-year><xocs:ref-first-fp>8108</xocs:ref-first-fp><xocs:ref-normalized-initial>H</xocs:ref-normalized-initial></xocs:ref-info><xocs:ref-info refid="h0085"><xocs:ref-normalized-surname>KRESSE</xocs:ref-normalized-surname><xocs:ref-pub-year>1996</xocs:ref-pub-year><xocs:ref-first-fp>15</xocs:ref-first-fp><xocs:ref-normalized-initial>G</xocs:ref-normalized-initial></xocs:ref-info><xocs:ref-info refid="h0090"><xocs:ref-normalized-surname>PERDEW</xocs:ref-normalized-surname><xocs:ref-pub-year>1996</xocs:ref-pub-year><xocs:ref-first-fp>3865</xocs:ref-first-fp><xocs:ref-normalized-initial>J</xocs:ref-normalized-initial></xocs:ref-info><xocs:ref-info refid="h0095"><xocs:ref-normalized-surname>CASTELL</xocs:ref-normalized-surname><xocs:ref-pub-year>1998</xocs:ref-pub-year><xocs:ref-first-fp>1055</xocs:ref-first-fp><xocs:ref-normalized-initial>M</xocs:ref-normalized-initial></xocs:ref-info><xocs:ref-info refid="h0100"><xocs:ref-normalized-surname>YAMAZAKI</xocs:ref-normalized-surname><xocs:ref-pub-year>1991</xocs:ref-pub-year><xocs:ref-first-fp>49</xocs:ref-first-fp><xocs:ref-normalized-initial>T</xocs:ref-normalized-initial></xocs:ref-info><xocs:ref-info refid="h0105"><xocs:ref-normalized-surname>GRAUCRESPO</xocs:ref-normalized-surname><xocs:ref-pub-year>2007</xocs:ref-pub-year><xocs:ref-first-fp>256201</xocs:ref-first-fp><xocs:ref-normalized-initial>R</xocs:ref-normalized-initial></xocs:ref-info><xocs:ref-info refid="h0110"><xocs:ref-normalized-surname>DORADO</xocs:ref-normalized-surname><xocs:ref-pub-year>2010</xocs:ref-pub-year><xocs:ref-first-fp>035114</xocs:ref-first-fp><xocs:ref-normalized-initial>B</xocs:ref-normalized-initial></xocs:ref-info><xocs:ref-info refid="h0115"><xocs:ref-normalized-surname>LASKOWSKI</xocs:ref-normalized-surname><xocs:ref-pub-year>2004</xocs:ref-pub-year><xocs:ref-first-fp>140408</xocs:ref-first-fp><xocs:ref-normalized-initial>R</xocs:ref-normalized-initial></xocs:ref-info><xocs:ref-info refid="h0120"><xocs:ref-normalized-surname>HERZBERG</xocs:ref-normalized-surname><xocs:ref-pub-year>1952</xocs:ref-pub-year><xocs:ref-first-fp>185</xocs:ref-first-fp><xocs:ref-normalized-initial>G</xocs:ref-normalized-initial></xocs:ref-info><xocs:ref-info refid="h0125"><xocs:ref-normalized-surname>ANDERSSON</xocs:ref-normalized-surname><xocs:ref-pub-year>2009</xocs:ref-pub-year><xocs:ref-first-fp>060101</xocs:ref-first-fp><xocs:ref-normalized-initial>D</xocs:ref-normalized-initial></xocs:ref-info><xocs:ref-info refid="h0130"><xocs:ref-normalized-surname>WANG</xocs:ref-normalized-surname><xocs:ref-pub-year>2014</xocs:ref-pub-year><xocs:ref-normalized-initial>J</xocs:ref-normalized-initial></xocs:ref-info><xocs:ref-info refid="h0135"><xocs:ref-normalized-surname>KVASHNINA</xocs:ref-normalized-surname><xocs:ref-pub-year>2013</xocs:ref-pub-year><xocs:ref-first-fp>253002</xocs:ref-first-fp><xocs:ref-normalized-initial>K</xocs:ref-normalized-initial></xocs:ref-info><xocs:ref-info refid="h0140"><xocs:ref-normalized-surname>SIEGEL</xocs:ref-normalized-surname><xocs:ref-pub-year>1966</xocs:ref-pub-year><xocs:ref-first-fp>292</xocs:ref-first-fp><xocs:ref-normalized-initial>S</xocs:ref-normalized-initial></xocs:ref-info><xocs:ref-info refid="h0145"/><xocs:ref-info refid="h0150"><xocs:ref-normalized-surname>HE</xocs:ref-normalized-surname><xocs:ref-pub-year>2013</xocs:ref-pub-year><xocs:ref-first-fp>16540</xocs:ref-first-fp><xocs:ref-normalized-initial>H</xocs:ref-normalized-initial></xocs:ref-info><xocs:ref-info refid="h0155"><xocs:ref-normalized-surname>DORADO</xocs:ref-normalized-surname><xocs:ref-pub-year>2009</xocs:ref-pub-year><xocs:ref-first-fp>235125</xocs:ref-first-fp><xocs:ref-normalized-initial>B</xocs:ref-normalized-initial></xocs:ref-info><xocs:ref-info refid="h0160"><xocs:ref-normalized-surname>ALLEN</xocs:ref-normalized-surname><xocs:ref-pub-year>2014</xocs:ref-pub-year><xocs:ref-first-fp>21016</xocs:ref-first-fp><xocs:ref-normalized-initial>J</xocs:ref-normalized-initial></xocs:ref-info></xocs:references><xocs:attachment-metadata-doc><xocs:attachment-set-type>item</xocs:attachment-set-type><xocs:pii-formatted>S0022-3115(14)00684-9</xocs:pii-formatted><xocs:pii-unformatted>S0022311514006849</xocs:pii-unformatted><xocs:eid>1-s2.0-S0022311514006849</xocs:eid><xocs:doi>10.1016/j.jnucmat.2014.10.001</xocs:doi><xocs:cid>271598</xocs:cid><xocs:timestamp>2016-04-09T08:19:27.795485-04:00</xocs:timestamp><xocs:path>/271598/1-s2.0-S0022311514X00115/1-s2.0-S0022311514006849/</xocs:path><xocs:cover-date-start>2015-01-01</xocs:cover-date-start><xocs:cover-date-end>2015-01-31</xocs:cover-date-end><xocs:sponsored-access-type>UNLIMITED</xocs:sponsored-access-type><xocs:funding-body-id>EPSRCPP</xocs:funding-body-id><xocs:attachments><xocs:web-pdf><xocs:attachment-eid>1-s2.0-S0022311514006849-main.pdf</xocs:attachment-eid><xocs:ucs-locator>https://s3-eu-west-1.amazonaws.com/prod-ucs-content-store-eu-west/content/pii:S0022311514006849/MAIN/application/pdf/28a6d210360aeafa1ef3e74fcd2e0de6/main.pdf</xocs:ucs-locator><xocs:ucs-locator>https://s3.amazonaws.com/prod-ucs-content-store-us-east/content/pii:S0022311514006849/MAIN/application/pdf/28a6d210360aeafa1ef3e74fcd2e0de6/main.pdf</xocs:ucs-locator><xocs:filename>main.pdf</xocs:filename><xocs:extension>pdf</xocs:extension><xocs:pdf-optimized>true</xocs:pdf-optimized><xocs:filesize>1246703</xocs:filesize><xocs:web-pdf-purpose>MAIN</xocs:web-pdf-purpose><xocs:web-pdf-page-count>5</xocs:web-pdf-page-count><xocs:web-pdf-images><xocs:web-pdf-image><xocs:attachment-eid>1-s2.0-S0022311514006849-main_1.png</xocs:attachment-eid><xocs:ucs-locator>https://s3-eu-west-1.amazonaws.com/prod-ucs-content-store-eu-west/content/pii:S0022311514006849/PREVIEW/image/png/ded3d946d2b34e96bd04663f0bcdf7a2/main_1.png</xocs:ucs-locator><xocs:ucs-locator>https://s3.amazonaws.com/prod-ucs-content-store-us-east/content/pii:S0022311514006849/PREVIEW/image/png/ded3d946d2b34e96bd04663f0bcdf7a2/main_1.png</xocs:ucs-locator><xocs:filename>main_1.png</xocs:filename><xocs:extension>png</xocs:extension><xocs:filesize>50721</xocs:filesize><xocs:pixel-height>849</xocs:pixel-height><xocs:pixel-width>656</xocs:pixel-width><xocs:attachment-type>IMAGE-WEB-PDF</xocs:attachment-type><xocs:pdf-page-num>1</xocs:pdf-page-num></xocs:web-pdf-image></xocs:web-pdf-images></xocs:web-pdf><xocs:attachment><xocs:attachment-eid>1-s2.0-S0022311514006849-gr1.sml</xocs:attachment-eid><xocs:ucs-locator>https://s3-eu-west-1.amazonaws.com/prod-ucs-content-store-eu-west/content/pii:S0022311514006849/gr1/THUMBNAIL/image/gif/7ea1287a56b62f93747a34f08e23cabd/gr1.sml</xocs:ucs-locator><xocs:ucs-locator>https://s3.amazonaws.com/prod-ucs-content-store-us-east/content/pii:S0022311514006849/gr1/THUMBNAIL/image/gif/7ea1287a56b62f93747a34f08e23cabd/gr1.sml</xocs:ucs-locator><xocs:file-basename>gr1</xocs:file-basename><xocs:filename>gr1.sml</xocs:filename><xocs:extension>sml</xocs:extension><xocs:filesize>34238</xocs:filesize><xocs:pixel-height>164</xocs:pixel-height><xocs:pixel-width>202</xocs:pixel-width><xocs:attachment-type>IMAGE-THUMBNAIL</xocs:attachment-type></xocs:attachment><xocs:attachment><xocs:attachment-eid>1-s2.0-S0022311514006849-gr2.sml</xocs:attachment-eid><xocs:ucs-locator>https://s3-eu-west-1.amazonaws.com/prod-ucs-content-store-eu-west/content/pii:S0022311514006849/gr2/THUMBNAIL/image/gif/985b7ba384b3764b010fbd4b3e1dc95a/gr2.sml</xocs:ucs-locator><xocs:ucs-locator>https://s3.amazonaws.com/prod-ucs-content-store-us-east/content/pii:S0022311514006849/gr2/THUMBNAIL/image/gif/985b7ba384b3764b010fbd4b3e1dc95a/gr2.sml</xocs:ucs-locator><xocs:file-basename>gr2</xocs:file-basename><xocs:filename>gr2.sml</xocs:filename><xocs:extension>sml</xocs:extension><xocs:filesize>14388</xocs:filesize><xocs:pixel-height>107</xocs:pixel-height><xocs:pixel-width>219</xocs:pixel-width><xocs:attachment-type>IMAGE-THUMBNAIL</xocs:attachment-type></xocs:attachment><xocs:attachment><xocs:attachment-eid>1-s2.0-S0022311514006849-gr3.sml</xocs:attachment-eid><xocs:ucs-locator>https://s3-eu-west-1.amazonaws.com/prod-ucs-content-store-eu-west/content/pii:S0022311514006849/gr3/THUMBNAIL/image/gif/b3ae85a3c4ca2a71810bacfa6ee3d33a/gr3.sml</xocs:ucs-locator><xocs:ucs-locator>https://s3.amazonaws.com/prod-ucs-content-store-us-east/content/pii:S0022311514006849/gr3/THUMBNAIL/image/gif/b3ae85a3c4ca2a71810bacfa6ee3d33a/gr3.sml</xocs:ucs-locator><xocs:file-basename>gr3</xocs:file-basename><xocs:filename>gr3.sml</xocs:filename><xocs:extension>sml</xocs:extension><xocs:filesize>29155</xocs:filesize><xocs:pixel-height>164</xocs:pixel-height><xocs:pixel-width>182</xocs:pixel-width><xocs:attachment-type>IMAGE-THUMBNAIL</xocs:attachment-type></xocs:attachment><xocs:attachment><xocs:attachment-eid>1-s2.0-S0022311514006849-gr4.sml</xocs:attachment-eid><xocs:ucs-locator>https://s3-eu-west-1.amazonaws.com/prod-ucs-content-store-eu-west/content/pii:S0022311514006849/gr4/THUMBNAIL/image/gif/63173d207f014236724061d6d9f87600/gr4.sml</xocs:ucs-locator><xocs:ucs-locator>https://s3.amazonaws.com/prod-ucs-content-store-us-east/content/pii:S0022311514006849/gr4/THUMBNAIL/image/gif/63173d207f014236724061d6d9f87600/gr4.sml</xocs:ucs-locator><xocs:file-basename>gr4</xocs:file-basename><xocs:filename>gr4.sml</xocs:filename><xocs:extension>sml</xocs:extension><xocs:filesize>19262</xocs:filesize><xocs:pixel-height>164</xocs:pixel-height><xocs:pixel-width>104</xocs:pixel-width><xocs:attachment-type>IMAGE-THUMBNAIL</xocs:attachment-type></xocs:attachment><xocs:attachment><xocs:attachment-eid>1-s2.0-S0022311514006849-gr1.jpg</xocs:attachment-eid><xocs:ucs-locator>https://s3-eu-west-1.amazonaws.com/prod-ucs-content-store-eu-west/content/pii:S0022311514006849/gr1/DOWNSAMPLED/image/jpeg/4bd70d75b9006f7456df7ef824ed8db9/gr1.jpg</xocs:ucs-locator><xocs:ucs-locator>https://s3.amazonaws.com/prod-ucs-content-store-us-east/content/pii:S0022311514006849/gr1/DOWNSAMPLED/image/jpeg/4bd70d75b9006f7456df7ef824ed8db9/gr1.jpg</xocs:ucs-locator><xocs:file-basename>gr1</xocs:file-basename><xocs:filename>gr1.jpg</xocs:filename><xocs:extension>jpg</xocs:extension><xocs:filesize>108758</xocs:filesize><xocs:pixel-height>415</xocs:pixel-height><xocs:pixel-width>511</xocs:pixel-width><xocs:attachment-type>IMAGE-DOWNSAMPLED</xocs:attachment-type></xocs:attachment><xocs:attachment><xocs:attachment-eid>1-s2.0-S0022311514006849-gr2.jpg</xocs:attachment-eid><xocs:ucs-locator>https://s3-eu-west-1.amazonaws.com/prod-ucs-content-store-eu-west/content/pii:S0022311514006849/gr2/DOWNSAMPLED/image/jpeg/53651b1452d4f06edd34e18a3b3896a7/gr2.jpg</xocs:ucs-locator><xocs:ucs-locator>https://s3.amazonaws.com/prod-ucs-content-store-us-east/content/pii:S0022311514006849/gr2/DOWNSAMPLED/image/jpeg/53651b1452d4f06edd34e18a3b3896a7/gr2.jpg</xocs:ucs-locator><xocs:file-basename>gr2</xocs:file-basename><xocs:filename>gr2.jpg</xocs:filename><xocs:extension>jpg</xocs:extension><xocs:filesize>43237</xocs:filesize><xocs:pixel-height>260</xocs:pixel-height><xocs:pixel-width>533</xocs:pixel-width><xocs:attachment-type>IMAGE-DOWNSAMPLED</xocs:attachment-type></xocs:attachment><xocs:attachment><xocs:attachment-eid>1-s2.0-S0022311514006849-gr3.jpg</xocs:attachment-eid><xocs:ucs-locator>https://s3-eu-west-1.amazonaws.com/prod-ucs-content-store-eu-west/content/pii:S0022311514006849/gr3/DOWNSAMPLED/image/jpeg/68d94134a1f35861a2f57f59ba34da7f/gr3.jpg</xocs:ucs-locator><xocs:ucs-locator>https://s3.amazonaws.com/prod-ucs-content-store-us-east/content/pii:S0022311514006849/gr3/DOWNSAMPLED/image/jpeg/68d94134a1f35861a2f57f59ba34da7f/gr3.jpg</xocs:ucs-locator><xocs:file-basename>gr3</xocs:file-basename><xocs:filename>gr3.jpg</xocs:filename><xocs:extension>jpg</xocs:extension><xocs:filesize>98196</xocs:filesize><xocs:pixel-height>460</xocs:pixel-height><xocs:pixel-width>511</xocs:pixel-width><xocs:attachment-type>IMAGE-DOWNSAMPLED</xocs:attachment-type></xocs:attachment><xocs:attachment><xocs:attachment-eid>1-s2.0-S0022311514006849-gr4.jpg</xocs:attachment-eid><xocs:ucs-locator>https://s3-eu-west-1.amazonaws.com/prod-ucs-content-store-eu-west/content/pii:S0022311514006849/gr4/DOWNSAMPLED/image/jpeg/22661c4858f65576308351050e32974c/gr4.jpg</xocs:ucs-locator><xocs:ucs-locator>https://s3.amazonaws.com/prod-ucs-content-store-us-east/content/pii:S0022311514006849/gr4/DOWNSAMPLED/image/jpeg/22661c4858f65576308351050e32974c/gr4.jpg</xocs:ucs-locator><xocs:file-basename>gr4</xocs:file-basename><xocs:filename>gr4.jpg</xocs:filename><xocs:extension>jpg</xocs:extension><xocs:filesize>57439</xocs:filesize><xocs:pixel-height>491</xocs:pixel-height><xocs:pixel-width>311</xocs:pixel-width><xocs:attachment-type>IMAGE-DOWNSAMPLED</xocs:attachment-type></xocs:attachment></xocs:attachments></xocs:attachment-metadata-doc><xocs:refkeys><xocs:refkey3>BRINCATX2015X329</xocs:refkey3><xocs:refkey4lp>BRINCATX2015X329X333</xocs:refkey4lp><xocs:refkey4ai>BRINCATX2015X329XN</xocs:refkey4ai><xocs:refkey5>BRINCATX2015X329X333XN</xocs:refkey5></xocs:refkeys><xocs:open-access><xocs:oa-article-status is-open-access="1" is-open-archive="0">Full</xocs:oa-article-status><xocs:oa-access-effective-date>2014-10-31T09:34:26Z</xocs:oa-access-effective-date><xocs:oa-sponsor><xocs:oa-sponsor-type>FundingBody</xocs:oa-sponsor-type><xocs:oa-sponsor-name>Engineering and Physical Sciences Research Council</xocs:oa-sponsor-name></xocs:oa-sponsor><xocs:oa-user-license>http://creativecommons.org/licenses/by/3.0/</xocs:oa-user-license></xocs:open-access></xocs:meta><xocs:serial-item><article docsubtype="fla" xml:lang="en" version="5.2" xmlns:sa="http://www.elsevier.com/xml/common/struct-aff/dtd"><item-info><jid>NUMA</jid><aid>48497</aid><ce:pii>S0022-3115(14)00684-9</ce:pii><ce:doi>10.1016/j.jnucmat.2014.10.001</ce:doi><ce:copyright type="crown" year="2014"/></item-info><ce:floats><ce:figure id="f0005"><ce:label>Fig. 1</ce:label><ce:caption id="cn0040"><ce:simple-para id="sp0015" view="all">Relaxation of a 2:2:2 Willis cluster (a) to a split di-interstitial cluster (b), (c) shows a 12 atom cuboctahedral cluster and (d) is a split quad-interstitial cluster. Black spheres represent U ions, red indicate fluorite O ions, blue designate O<ce:italic><ce:inf loc="post">i</ce:inf></ce:italic> and green represent V<ce:inf loc="post">O</ce:inf>. Bonds have been drawn in (a) and (c) between O<ce:italic><ce:inf loc="post">i</ce:inf></ce:italic> and in (b) and (d) between O<ce:italic><ce:inf loc="post">i</ce:inf></ce:italic> and V<ce:inf loc="post">O</ce:inf> to highlight the cluster geometries. (For interpretation of the references to colour in this figure legend, the reader is referred to the web version of this article.)</ce:simple-para></ce:caption><ce:link locator="gr1"/></ce:figure><ce:figure id="f0010"><ce:label>Fig. 2</ce:label><ce:caption id="cn0045"><ce:simple-para id="sp0020" view="all">Plot showing predicted formation energies for each calculated U<ce:inf loc="post">4</ce:inf>O<ce:inf loc="post">9</ce:inf> phase (diamonds) and change in volume relative to UO<ce:inf loc="post">2</ce:inf> per uranium ion (crosses). Purple markers indicate one or more U<ce:hsp sp="0.12"/>(VI) ions were predicted for that system. (For interpretation of the references to colour in this figure legend, the reader is referred to the web version of this article.)</ce:simple-para></ce:caption><ce:link locator="gr2"/></ce:figure><ce:figure id="f0015"><ce:label>Fig. 3</ce:label><ce:caption id="cn0050"><ce:simple-para id="sp0025" view="all">Relaxed U<ce:inf loc="post">4</ce:inf>O<ce:inf loc="post">9</ce:inf> phases (a) a double 2:2:2 Willis cluster chain, (b) a single 2:2:2 Willis cluster chain, (c) a single distorted 2:2:2 Willis cluster and (d) four isolated O<ce:italic><ce:inf loc="post">i</ce:inf></ce:italic>. Colour is the same as <ce:cross-ref refid="f0005" id="c0005">Fig. 1</ce:cross-ref> with the addition of yellow and purple spheres to represent U<ce:hsp sp="0.25"/>(V) and U<ce:hsp sp="0.25"/>(VI) ions respectively. To highlight the 2:2:2 clusters bonds have been drawn between their constituent oxygen ions. The “peroxide” O<ce:italic><ce:inf loc="post">i</ce:inf></ce:italic> have been circled in (c). (For interpretation of the references to colour in this figure legend, the reader is referred to the web version of this article.)</ce:simple-para></ce:caption><ce:link locator="gr3"/></ce:figure><ce:figure id="f0020"><ce:label>Fig. 4</ce:label><ce:caption id="cn0055"><ce:simple-para id="sp0030" view="all">Coordination of U<ce:hsp sp="0.25"/>(V) (a) and U<ce:hsp sp="0.25"/>(VI) (b) ions neighbouring 2:2:2 clusters. Colour is the same as <ce:cross-refs refid="f0005 f0010" id="r0005">Figs. 1 and 2</ce:cross-refs>. To highlight the 2:2:2 clusters bonds have been drawn between their constituent oxygen ions. (For interpretation of the references to colour in this figure legend, the reader is referred to the web version of this article.)</ce:simple-para></ce:caption><ce:link locator="gr4"/></ce:figure><ce:table frame="topbot" id="t0005" rowsep="0" colsep="0" xmlns="http://www.elsevier.com/xml/common/cals/dtd"><ce:label>Table 1</ce:label><ce:caption id="cn0060"><ce:simple-para id="sp0035" view="all">Predicted formation energies for selected U<ce:inf loc="post">4</ce:inf>O<ce:inf loc="post">9</ce:inf> phases, UO<ce:inf loc="post">2.125</ce:inf> and UO<ce:inf loc="post">2.0625</ce:inf>. Additional systems are included for comparison. COT-12 is a 12 atom cuboctahedral cluster, di is a split di-interstitial cluster and quad is a split quad-interstitial cluster.</ce:simple-para></ce:caption><tgroup cols="5"><colspec colname="col1" align="left"/><colspec colname="col2" align="left"/><colspec colname="col3" align="left"/><colspec colname="col4" align="char" char="."/><colspec colname="col5" align="char" char="."/><thead><row rowsep="1" valign="top"><entry xmlns="http://www.elsevier.com/xml/common/dtd">Stoich</entry><entry xmlns="http://www.elsevier.com/xml/common/dtd">Figs.</entry><entry xmlns="http://www.elsevier.com/xml/common/dtd">Config</entry><entry xmlns="http://www.elsevier.com/xml/common/dtd"><italic>E</italic><inf loc="post">Formation</inf> (eV)</entry><entry xmlns="http://www.elsevier.com/xml/common/dtd">Δ Vol (%)</entry></row></thead><tbody><row valign="top"><entry xmlns="http://www.elsevier.com/xml/common/dtd">UO<inf loc="post">2.25</inf></entry><entry xmlns="http://www.elsevier.com/xml/common/dtd"><cross-ref refid="f0015" id="c0010">3</cross-ref>(d)</entry><entry xmlns="http://www.elsevier.com/xml/common/dtd">4<hsp sp="0.25"/>×<hsp sp="0.25"/>O<inf loc="post">i</inf></entry><entry align="char" char="." xmlns="http://www.elsevier.com/xml/common/dtd">0.49</entry><entry align="char" char="." xmlns="http://www.elsevier.com/xml/common/dtd">−1.14</entry></row><row valign="top"><entry xmlns="http://www.elsevier.com/xml/common/dtd">UO<inf loc="post">2.25</inf></entry><entry xmlns="http://www.elsevier.com/xml/common/dtd"><cross-ref refid="f0015" id="c0015">3</cross-ref>(c)</entry><entry xmlns="http://www.elsevier.com/xml/common/dtd">2:2:2/2<hsp sp="0.25"/>×<hsp sp="0.25"/>O<inf loc="post">i</inf></entry><entry align="char" char="." xmlns="http://www.elsevier.com/xml/common/dtd">0.18</entry><entry align="char" char="." xmlns="http://www.elsevier.com/xml/common/dtd">0.93</entry></row><row valign="top"><entry xmlns="http://www.elsevier.com/xml/common/dtd">UO<inf loc="post">2.25</inf></entry><entry xmlns="http://www.elsevier.com/xml/common/dtd"><cross-ref refid="f0015" id="c0020">3</cross-ref>(a)</entry><entry xmlns="http://www.elsevier.com/xml/common/dtd">2:2:2 chain</entry><entry align="char" char="." xmlns="http://www.elsevier.com/xml/common/dtd">−0.52</entry><entry align="char" char="." xmlns="http://www.elsevier.com/xml/common/dtd">0.68</entry></row><row valign="top"><entry xmlns="http://www.elsevier.com/xml/common/dtd">UO<inf loc="post">2.25</inf></entry><entry xmlns="http://www.elsevier.com/xml/common/dtd"><cross-ref refid="f0015" id="c0025">3</cross-ref>(b)</entry><entry xmlns="http://www.elsevier.com/xml/common/dtd">2:2:2 chain</entry><entry align="char" char="." xmlns="http://www.elsevier.com/xml/common/dtd">−0.53</entry><entry align="char" char="." xmlns="http://www.elsevier.com/xml/common/dtd">0.16</entry></row><row valign="top"><entry xmlns="http://www.elsevier.com/xml/common/dtd">UO<inf loc="post">2.125</inf></entry><entry xmlns="http://www.elsevier.com/xml/common/dtd"><cross-ref refid="f0015" id="c0030">3</cross-ref>(a)<hsp sp="0.25"/>+<hsp sp="0.25"/>UO<inf loc="post">2</inf> bulk</entry><entry xmlns="http://www.elsevier.com/xml/common/dtd">2:2:2 chain</entry><entry align="char" char="." xmlns="http://www.elsevier.com/xml/common/dtd">−0.68</entry><entry align="char" char="." xmlns="http://www.elsevier.com/xml/common/dtd">0.32</entry></row><row valign="top"><entry xmlns="http://www.elsevier.com/xml/common/dtd">UO<inf loc="post">2.125</inf></entry><entry xmlns="http://www.elsevier.com/xml/common/dtd"><cross-ref refid="f0005" id="c0035">1</cross-ref>(c)</entry><entry xmlns="http://www.elsevier.com/xml/common/dtd">COT-12</entry><entry align="char" char="." xmlns="http://www.elsevier.com/xml/common/dtd">−0.52</entry><entry align="char" char="." xmlns="http://www.elsevier.com/xml/common/dtd">0.32</entry></row><row valign="top"><entry xmlns="http://www.elsevier.com/xml/common/dtd">UO<inf loc="post">2.125</inf></entry><entry xmlns="http://www.elsevier.com/xml/common/dtd"><cross-ref refid="f0005" id="c0040">1</cross-ref>(d)</entry><entry xmlns="http://www.elsevier.com/xml/common/dtd">quad</entry><entry align="char" char="." xmlns="http://www.elsevier.com/xml/common/dtd">−0.55</entry><entry align="char" char="." xmlns="http://www.elsevier.com/xml/common/dtd">−0.53</entry></row><row valign="top"><entry xmlns="http://www.elsevier.com/xml/common/dtd">UO<inf loc="post">2.0625</inf></entry><entry xmlns="http://www.elsevier.com/xml/common/dtd"><cross-ref refid="f0005" id="c0045">1</cross-ref>(b)</entry><entry xmlns="http://www.elsevier.com/xml/common/dtd">di</entry><entry align="char" char="." xmlns="http://www.elsevier.com/xml/common/dtd">−0.97</entry><entry align="char" char="." xmlns="http://www.elsevier.com/xml/common/dtd">0.14</entry></row></tbody></tgroup></ce:table></ce:floats><head><ce:title id="tm005">Computer simulation of defect clusters in UO<ce:inf loc="post">2</ce:inf> and their dependence on composition</ce:title><ce:author-group id="ag005"><ce:author id="au005"><ce:given-name>N.A.</ce:given-name><ce:surname>Brincat</ce:surname><ce:cross-ref refid="af005" id="c0050"><ce:sup loc="post">a</ce:sup></ce:cross-ref></ce:author><ce:author id="au010"><ce:given-name>M.</ce:given-name><ce:surname>Molinari</ce:surname><ce:cross-ref refid="af005" id="c0055"><ce:sup loc="post">a</ce:sup></ce:cross-ref></ce:author><ce:author id="au015"><ce:given-name>S.C.</ce:given-name><ce:surname>Parker</ce:surname><ce:cross-ref refid="af005" id="c0060"><ce:sup loc="post">a</ce:sup></ce:cross-ref><ce:cross-ref refid="cor1" id="c0065"><ce:sup loc="post">⁎</ce:sup></ce:cross-ref><ce:e-address type="email" id="em005">s.c.parker@bath.ac.uk</ce:e-address></ce:author><ce:author id="au020"><ce:given-name>G.C.</ce:given-name><ce:surname>Allen</ce:surname><ce:cross-ref refid="af010" id="c0070"><ce:sup loc="post">b</ce:sup></ce:cross-ref></ce:author><ce:author id="au025"><ce:given-name>M.T.</ce:given-name><ce:surname>Storr</ce:surname><ce:cross-ref refid="af015" id="c0075"><ce:sup loc="post">c</ce:sup></ce:cross-ref></ce:author><ce:affiliation id="af005"><ce:label>a</ce:label><ce:textfn>Department of Chemistry, University of Bath, Claverton Down, Bath, Avon BA2 7AY, UK</ce:textfn><sa:affiliation><sa:organization>Department of Chemistry</sa:organization><sa:organization>University of Bath</sa:organization><sa:address-line>Claverton Down</sa:address-line><sa:city>Bath</sa:city><sa:state>Avon</sa:state><sa:postal-code>BA2 7AY</sa:postal-code><sa:country>UK</sa:country></sa:affiliation></ce:affiliation><ce:affiliation id="af010"><ce:label>b</ce:label><ce:textfn>Interface Analysis Centre, University of Bristol, Bristol BS2 8BS, UK</ce:textfn><sa:affiliation><sa:organization>Interface Analysis Centre</sa:organization><sa:organization>University of Bristol</sa:organization><sa:city>Bristol</sa:city><sa:postal-code>BS2 8BS</sa:postal-code><sa:country>UK</sa:country></sa:affiliation></ce:affiliation><ce:affiliation id="af015"><ce:label>c</ce:label><ce:textfn>AWE, Aldermaston, Reading, Berkshire RG7 4PR, UK</ce:textfn><sa:affiliation><sa:organization>AWE</sa:organization><sa:address-line>Aldermaston</sa:address-line><sa:city>Reading</sa:city><sa:state>Berkshire</sa:state><sa:postal-code>RG7 4PR</sa:postal-code><sa:country>UK</sa:country></sa:affiliation></ce:affiliation><ce:correspondence id="cor1"><ce:label>⁎</ce:label><ce:text>Corresponding author.</ce:text></ce:correspondence></ce:author-group><ce:date-received day="16" month="7" year="2014"/><ce:date-accepted day="3" month="10" year="2014"/><ce:abstract class="author-highlights" xml:lang="en" id="ab005" view="all"><ce:section-title id="st005">Highlights</ce:section-title><ce:abstract-sec id="as005" view="all"><ce:simple-para id="sp0005" view="all"><ce:list id="l0005"><ce:list-item id="o0005"><ce:label>•</ce:label><ce:para id="p0005" view="all">Edge-sharing 2:2:2 Willis cluster chains most stable defects in UO<ce:inf loc="post">2.125</ce:inf> and UO<ce:inf loc="post">2.25.</ce:inf></ce:para></ce:list-item><ce:list-item id="o0010"><ce:label>•</ce:label><ce:para id="p0010" view="all">Unstable relative to split di-interstitial cluster at UO<ce:inf loc="post">2.0625.</ce:inf></ce:para></ce:list-item><ce:list-item id="o0015"><ce:label>•</ce:label><ce:para id="p0015" view="all">More stable than competing defects (cuboctahedra/split-interstitials) at UO<ce:inf loc="post">2.125.</ce:inf></ce:para></ce:list-item><ce:list-item id="o0020"><ce:label>•</ce:label><ce:para id="p0020" view="all">U<ce:sup loc="post">5+</ce:sup> predicted as charge compensating species.</ce:para></ce:list-item><ce:list-item id="o0025"><ce:label>•</ce:label><ce:para id="p0025" view="all">Defect behaviour dictated by stoichiometry/composition.</ce:para></ce:list-item></ce:list></ce:simple-para></ce:abstract-sec></ce:abstract><ce:abstract class="author" xml:lang="en" id="ab010" view="all"><ce:section-title id="st010">Abstract</ce:section-title><ce:abstract-sec id="as010" view="all"><ce:simple-para id="sp0010" view="all">It is recognised that point defects play a key role in the behaviour and properties of many technologically significant oxides. What is less well understood is how these defects cluster together and, crucially, the extent to which the clusters change with composition. We chose to investigate this phenomenon by considering UO<ce:inf loc="post">2</ce:inf>, a nuclear fuel material for which there is contradictory data in the literature concerning defect clustering as a function of oxygen content. Early studies of fluorite UO<ce:inf loc="post">2+</ce:inf><ce:italic><ce:inf loc="post">x</ce:inf></ce:italic> proposed a model based on 2:2:2 Willis clusters whilst more recent research suggests cuboctahedral or split quad-interstitial defect clustering. Here we use the PBE<ce:hsp sp="0.25"/>+<ce:hsp sp="0.25"/>U functional to simulate defective UO<ce:inf loc="post">2+</ce:inf><ce:italic><ce:inf loc="post">x</ce:inf></ce:italic> and find for 0.125<ce:hsp sp="0.25"/>&lt;<ce:hsp sp="0.25"/><ce:italic>x<ce:hsp sp="0.25"/></ce:italic>&lt;<ce:hsp sp="0.25"/>0.25, chains of edge-sharing 2:2:2 Willis clusters to be most stable. Below <ce:italic>x<ce:hsp sp="0.25"/></ce:italic>=<ce:hsp sp="0.25"/>0.125 these chains destabilise, transforming in to split di-interstitial clusters, demonstrating that the type of oxygen cluster present is dependent on local environment and stoichiometry.</ce:simple-para></ce:abstract-sec></ce:abstract></head><body view="all"><ce:sections><ce:section id="s0005" view="all"><ce:label>1</ce:label><ce:section-title id="st015">Introduction</ce:section-title><ce:para id="p0030" view="all">UO<ce:inf loc="post">2</ce:inf> is one of the most important materials in the nuclear fuel cycle, forming the primary fuel component in most nuclear reactors worldwide. Although it adopts the fluorite structure it is easily oxidised, particularly under reactor operating conditions, and exhibits complex anion defect behaviour. An intricate knowledge of the properties of hyperstoichiometric UO<ce:inf loc="post">2</ce:inf> and the impact of excess oxygen on the materials stability and performance are crucial. As such oxygen defects in UO<ce:inf loc="post">2</ce:inf> are a well-known phenomenon that has been the subject of considerable experimental <ce:cross-refs refid="b0005 b0010 b0015 b0020 b0025" id="r0010">[1–5]</ce:cross-refs> and computational research <ce:cross-refs refid="b0030 b0035 b0040 b0045 b0050 b0055 b0060" id="r0015">[6–12]</ce:cross-refs>.</ce:para><ce:para id="p0035" view="all">The first hyperstoichiometric UO<ce:inf loc="post">2</ce:inf> model was derived from the neutron diffraction measurements of Willis <ce:cross-refs refid="b0005 b0010 b0015" id="r0020">[1–3]</ce:cross-refs> that suggested oxygen interstitials (O<ce:italic><ce:inf loc="post">i</ce:inf></ce:italic>) do not occupy the octahedral site at the centre of oxygen sub-lattice cubes but rather occupy two positions displaced approximately 1<ce:hsp sp="0.25"/>Å from the octahedral site along 〈1<ce:hsp sp="0.12"/>1<ce:hsp sp="0.12"/>0〉 and 〈1<ce:hsp sp="0.12"/>1<ce:hsp sp="0.12"/>1〉 directions, designated O′ and O″, respectively (<ce:cross-ref refid="f0005" id="c0080">Fig. 1</ce:cross-ref><ce:float-anchor refid="f0005"/>(a)). These findings led Willis to propose a clustering model under which these O<ce:italic><ce:inf loc="post">i</ce:inf></ce:italic> aggregate, now referred to as Willis clusters <ce:cross-ref refid="b0065" id="c0085">[13]</ce:cross-ref>. The foremost of these complexes is the 2:2:2 cluster, named for the combination of two O′ interstitials, two O vacancies (V<ce:inf loc="post">O</ce:inf>) and two O″ interstitials. Periodic chains of isolated 2:2:2 clusters were later used to rationalise the structures of the fluorite based uranium oxides U<ce:inf loc="post">4</ce:inf>O<ce:inf loc="post">9</ce:inf> and U<ce:inf loc="post">3</ce:inf>O<ce:inf loc="post">7</ce:inf> (both defective fluorite-based materials) by Allen et al. <ce:cross-refs refid="b0020 b0025" id="r0025">[4,5]</ce:cross-refs>. The more recent study of Bevan et al. <ce:cross-ref refid="b0070" id="c0090">[14]</ce:cross-ref> proposed the cuboctahedral cluster (COT-12) as a structural feature of U<ce:inf loc="post">4</ce:inf>O<ce:inf loc="post">9</ce:inf>. This cluster is formed of eight V<ce:inf loc="post">O</ce:inf> (a vacant oxygen sub-lattice cube) replaced by 12 O<ce:italic><ce:inf loc="post">i</ce:inf></ce:italic> (in a cuboctahedron) (<ce:cross-ref refid="f0005" id="c5000">Fig. 1</ce:cross-ref>(c)). This result was supported by the work of Desgranges et al<ce:italic>.</ce:italic> <ce:cross-ref refid="b0075" id="c0095">[15]</ce:cross-ref>, and has subsequently been considered as a defect arrangement in UO<ce:inf loc="post">2+</ce:inf><ce:italic><ce:inf loc="post">x</ce:inf></ce:italic>. Most recently He et al<ce:italic>.</ce:italic> reported the COT-12 cluster to dominate in U<ce:inf loc="post">4</ce:inf>O<ce:inf loc="post">9</ce:inf>, whilst 2:2:2 Willis clusters and point interstitials form at lower stoichiometries (UO<ce:inf loc="post">2.15</ce:inf><ce:inf loc="post">–</ce:inf><ce:inf loc="post">2.3</ce:inf> and UO<ce:inf loc="post">2.00</ce:inf><ce:inf loc="post">–</ce:inf><ce:inf loc="post">2.05</ce:inf>) <ce:cross-ref refid="b0080" id="c0100">[16]</ce:cross-ref>.</ce:para><ce:para id="p0040" view="all">The early theoretical work of Catlow assessed a number of Willis type clusters and found them all to be stable using potential-based methods <ce:cross-ref refid="b0030" id="c0105">[6]</ce:cross-ref>. More recently “split interstitial” type clusters (<ce:cross-ref refid="f0005" id="c0110">Fig. 1</ce:cross-ref>) have emerged from computational studies as stable species following the potential based investigation of Govers et al. which found the 2:2:2 cluster in a UO<ce:inf loc="post">2</ce:inf> supercell relaxed to a split di-interstitial <ce:cross-ref refid="b0065" id="c0115">[13]</ce:cross-ref> (<ce:cross-ref refid="f0005" id="c0120">Fig. 1</ce:cross-ref>(b)); a single V<ce:inf loc="post">O</ce:inf> with three O<ce:italic><ce:inf loc="post">i</ce:inf></ce:italic> displaced approximately 1.6<ce:hsp sp="0.25"/>Å in 〈1<ce:hsp sp="0.12"/>1<ce:hsp sp="0.12"/>1〉 directions from the V<ce:inf loc="post">O</ce:inf>. This result was later confirmed by the LSDA<ce:hsp sp="0.25"/>+<ce:hsp sp="0.25"/>U calculations of Geng et al. <ce:cross-ref refid="b0035" id="c0125">[7]</ce:cross-ref>. The family of split interstitial clusters was extended to include tri-interstitials <ce:cross-ref refid="b0040" id="c0130">[8]</ce:cross-ref> (a di-interstitial with the fourth O<ce:italic><ce:inf loc="post">i</ce:inf></ce:italic> site occupied) and quad-interstitials <ce:cross-ref refid="b0045" id="c0135">[9]</ce:cross-ref> (two di-interstitials on adjacent sites, giving a total of two V<ce:inf loc="post">O</ce:inf> and six O<ce:italic><ce:inf loc="post">i</ce:inf></ce:italic>) (<ce:cross-ref refid="f0005" id="c5005">Fig. 1</ce:cross-ref>(d)). Following this Andersson et al. postulated a model for U<ce:inf loc="post">4</ce:inf>O<ce:inf loc="post">9</ce:inf> based on a UO<ce:inf loc="post">2</ce:inf> supercell containing multiple split quad-interstitial clusters; following the prediction of their LSDA<ce:hsp sp="0.25"/>+<ce:hsp sp="0.25"/>U calculations that the quad-interstitial is more stable than its cuboctahedral counterpart <ce:cross-ref refid="b0060" id="c0140">[12]</ce:cross-ref>.</ce:para><ce:para id="p0045" view="all">Thus despite renewed interest in UO<ce:inf loc="post">2+</ce:inf><ce:italic><ce:inf loc="post">x</ce:inf></ce:italic>, U<ce:inf loc="post">4</ce:inf>O<ce:inf loc="post">9</ce:inf> and U<ce:inf loc="post">3</ce:inf>O<ce:inf loc="post">7</ce:inf> there is still considerable debate over their structures. Experimentally this is due in no small part to the difficulty in distinguishing defect signals from supercell-related peaks whilst computationally the unit cells can be prohibitively large to simulate with DFT <ce:cross-ref refid="b0060" id="c0145">[12]</ce:cross-ref>.</ce:para><ce:para id="p0050" view="all">Here we present our recent simulations, including U<ce:inf loc="post">4</ce:inf>O<ce:inf loc="post">9</ce:inf> stoichiometry phases based on defective UO<ce:inf loc="post">2</ce:inf> supercells. Starting from a 48 atom UO<ce:inf loc="post">2</ce:inf> supercell (1<ce:hsp sp="0.25"/>×<ce:hsp sp="0.25"/>2<ce:hsp sp="0.25"/>×<ce:hsp sp="0.25"/>2) we examine all 33 symmetry inequivalent arrangements of four O<ce:italic><ce:inf loc="post">i</ce:inf></ce:italic> and all 11 unique configurations of two di-interstitial clusters, both having U<ce:inf loc="post">4</ce:inf>O<ce:inf loc="post">9</ce:inf> stoichiometry. Then the most stable configuration from these simulations is placed in a 2<ce:hsp sp="0.25"/>×<ce:hsp sp="0.25"/>2<ce:hsp sp="0.25"/>×<ce:hsp sp="0.25"/>2 UO<ce:inf loc="post">2</ce:inf> supercell (96 atoms) to produce UO<ce:inf loc="post">2.125</ce:inf> and UO<ce:inf loc="post">2.0625</ce:inf> systems, allowing us to examine a greater range of stoichiometries and how overall phase composition affects defect cluster stability.</ce:para></ce:section><ce:section id="s6000" view="all"><ce:label>2</ce:label><ce:section-title id="st565">Methodology</ce:section-title><ce:para id="p0055" view="all">All calculations were performed using PAW pseudo-potentials and the GGA in VASP <ce:cross-ref refid="b0085" id="c0150">[17]</ce:cross-ref> with the PBE<ce:hsp sp="0.25"/>+<ce:hsp sp="0.25"/>U functional <ce:cross-ref refid="b0090" id="c0155">[18]</ce:cross-ref>. The Dudarev scheme <ce:cross-ref refid="b0095" id="c0160">[19]</ce:cross-ref> (<ce:italic>U<ce:hsp sp="0.25"/>=<ce:hsp sp="0.25"/></ce:italic>4.5<ce:hsp sp="0.25"/>eV, <ce:italic>J<ce:hsp sp="0.25"/></ce:italic>=<ce:hsp sp="0.25"/>0.54<ce:hsp sp="0.25"/>eV <ce:cross-ref refid="b0100" id="c0165">[20]</ce:cross-ref>) and a plane-wave cutoff energy of 400<ce:hsp sp="0.25"/>eV were employed. 4<ce:hsp sp="0.25"/>×<ce:hsp sp="0.25"/>2<ce:hsp sp="0.25"/>×<ce:hsp sp="0.25"/>2 <ce:italic>k</ce:italic>-point meshes were used for U<ce:inf loc="post">4</ce:inf>O<ce:inf loc="post">9</ce:inf> (48 atoms) and 2<ce:hsp sp="0.25"/>×<ce:hsp sp="0.25"/>2<ce:hsp sp="0.25"/>×<ce:hsp sp="0.25"/>2 grids for UO<ce:inf loc="post">2.125/2.0625</ce:inf> systems (96 atoms). These cutoff and <ce:italic>k</ce:italic>-point settings are in accordance with previous DFT studies <ce:cross-refs refid="b0035 b0045" id="r0030">[7,9]</ce:cross-refs>. Convergence criteria for electronic and ionic relaxation schemes were 1<ce:hsp sp="0.25"/>×<ce:hsp sp="0.25"/>10<ce:sup loc="post">−</ce:sup><ce:sup loc="post">6</ce:sup><ce:hsp sp="0.25"/>eV/atom and 0.01<ce:hsp sp="0.25"/>eV/Å respectively. This methodology is consistent with previous studies of defects in UO<ce:inf loc="post">2</ce:inf> <ce:cross-refs refid="b0040 b0045" id="r0035">[8,9]</ce:cross-refs>. Symmetry inequivalent defect configurations were identified using the site-occupancy disorder (SOD) program <ce:cross-ref refid="b0105" id="c0170">[21]</ce:cross-ref> and all calculations used 1<ce:italic>k</ce:italic> antiferromagnetic (AFM) ordering, considered to be an appropriate approximation for the experimentally observed 3<ce:italic>k</ce:italic> noncollinear AFM ordering <ce:cross-refs refid="b0110 b0115" id="r0040">[22,23]</ce:cross-refs>.</ce:para><ce:para id="p0060" view="all">The formation energies of the defective phases relative to UO<ce:inf loc="post">2</ce:inf> were calculated by subtracting the predicted oxygen chemical potential (−4.93<ce:hsp sp="0.25"/>eV/O ca. exp. −5.1<ce:hsp sp="0.25"/>eV/O <ce:cross-ref refid="b0120" id="c0175">[24]</ce:cross-ref>) from the VASP calculated total energy, in accordance with comparable studies in the literature <ce:cross-refs refid="b0040 b0045 b0060" id="r0045">[8,9,12]</ce:cross-refs>. All formation energies are expressed per excess O<ce:italic><ce:inf loc="post">i</ce:inf></ce:italic> introduced.</ce:para></ce:section><ce:section id="s8995" view="all"><ce:label>3</ce:label><ce:section-title id="st555">Results and Discussion</ce:section-title><ce:para id="p0065" view="all">The U<ce:inf loc="post">4</ce:inf>O<ce:inf loc="post">9</ce:inf> simulation results predict a number of different defect configurations over a wide range of stability with some common characteristics amongst the most and least stable systems. <ce:cross-ref refid="f0010" id="c0180">Fig. 2</ce:cross-ref><ce:float-anchor refid="f0010"/> is a plot of formation energy and volume change for each U<ce:inf loc="post">4</ce:inf>O<ce:inf loc="post">9</ce:inf> system. <ce:cross-ref refid="t0005" id="c0185">Table 1</ce:cross-ref><ce:float-anchor refid="t0005"/> shows formation energies and defect configurations of selected simulations. Stability is related to the amount of O<ce:italic><ce:inf loc="post">i</ce:inf></ce:italic> bound in clusters compared to the amount of isolated O<ce:italic><ce:inf loc="post">i</ce:inf></ce:italic> (<ce:cross-ref refid="f0010" id="c0190">Fig. 2</ce:cross-ref>). We found that a single 2:2:2 Willis cluster (UO<ce:inf loc="post">2.0625</ce:inf>) relaxes to a split di-interstitial cluster, as reported by Govers et al. <ce:cross-ref refid="b0065" id="c0195">[13]</ce:cross-ref>, Geng et al. <ce:cross-ref refid="b0035" id="c0200">[7]</ce:cross-ref>, Andersson et al. <ce:cross-ref refid="b0125" id="c0205">[25]</ce:cross-ref> and Wang et al. <ce:cross-ref refid="b0130" id="c0210">[26]</ce:cross-ref>. However, we found that the most stable U<ce:inf loc="post">4</ce:inf>O<ce:inf loc="post">9</ce:inf> configurations contain a single or double chain of 2:2:2 Willis clusters suggesting only groups of Willis clusters are stable at particular local stoichiometries. Wang et al. report the O′/O″ ratio is consistent with Willis clusters at UO<ce:inf loc="post">2.11-2.13</ce:inf> stoichiometry, however split-interstitial type clusters dominate the UO<ce:inf loc="post">2+</ce:inf><ce:italic><ce:inf loc="post">x</ce:inf></ce:italic> region with the Willis cluster representing a transition state <ce:cross-ref refid="b0130" id="c0215">[26]</ce:cross-ref>. Of the 44 U<ce:inf loc="post">4</ce:inf>O<ce:inf loc="post">9</ce:inf> systems almost half relaxed to a configuration involving edge-sharing 2:2:2 cluster chains (most stable), a quarter relaxed to four isolated O<ce:italic><ce:inf loc="post">i</ce:inf></ce:italic> (least stable) and the remainder to combinations of split interstitial clusters and isolated O<ce:italic><ce:inf loc="post">i</ce:inf></ce:italic> (intermediate stability). Distorted 2:2:2 Willis cluster chains were less stable than undistorted; the distorted chains being comparable in stability to undistorted split-interstitial based systems. The stable, undistorted 2:2:2 cluster chains all align in 〈1<ce:hsp sp="0.12"/>0<ce:hsp sp="0.12"/>0〉 directions linked by edge-sharing (<ce:cross-ref refid="f0015" id="c0220">Fig. 3</ce:cross-ref><ce:float-anchor refid="f0015"/>), similarly to the chains reported by Allen et al. <ce:cross-ref refid="b0025" id="c0225">[5]</ce:cross-ref>.</ce:para><ce:para id="p0070" view="all">There is moderate correlation (<ce:italic>r<ce:hsp sp="0.25"/></ce:italic>=<ce:hsp sp="0.25"/>0.63) between U<ce:inf loc="post">4</ce:inf>O<ce:inf loc="post">9</ce:inf> stability and volume change relative to UO<ce:inf loc="post">2</ce:inf>; the least stable systems generally show a volume decrease whilst the most stable increase. Consequently with applied pressure we would predict Willis chains to destabilise and O<ce:italic><ce:inf loc="post">i</ce:inf></ce:italic> to become the favoured defect arrangement.</ce:para><ce:para id="p0075" view="all">Once 2:2:2 Willis cluster chains were identified as stable entities at the U<ce:inf loc="post">4</ce:inf>O<ce:inf loc="post">9</ce:inf> stoichiometry we sought to isolate chains (and individual clusters) at lower oxygen stoichiometries by generating 2<ce:hsp sp="0.25"/>×<ce:hsp sp="0.25"/>2<ce:hsp sp="0.25"/>×<ce:hsp sp="0.25"/>2 UO<ce:inf loc="post">2</ce:inf> supercells with stoichiometries of UO<ce:inf loc="post">2.125</ce:inf> and UO<ce:inf loc="post">2.0625</ce:inf>. In the UO<ce:inf loc="post">2.125</ce:inf> simulation the chains retained their geometry and were still predicted to be a stable defect arrangement. This is in accordance with Willis’ initial observations of the cluster from UO<ce:inf loc="post">2.13</ce:inf> stoichiometry up <ce:cross-ref refid="b0005" id="c0230">[1]</ce:cross-ref>. The arrangement was almost identical to that found in the U<ce:inf loc="post">4</ce:inf>O<ce:inf loc="post">9</ce:inf> structure, retaining the cluster chains, implying these are necessary to stabilise the cluster. To lower the stoichiometry to UO<ce:inf loc="post">2.0625</ce:inf> we removed two oxygen ions from the UO<ce:inf loc="post">2.125</ce:inf> cell (breaking the cluster chain to give only two edge-sharing 2:2:2 clusters). This is in fact the minimum stoichiometry (in a 2<ce:hsp sp="0.25"/>×<ce:hsp sp="0.25"/>2<ce:hsp sp="0.25"/>×<ce:hsp sp="0.25"/>2 UO<ce:inf loc="post">2</ce:inf> supercell) possible to create a 2:2:2 cluster as it contains only two O<ce:italic><ce:inf loc="post">i</ce:inf></ce:italic>, however the system relaxed to a split di-interstitial cluster, as previously reported <ce:cross-refs refid="b0035 b0065 b0125" id="r0050">[7,13,25]</ce:cross-refs>. The formation energies of these defects are in <ce:cross-ref refid="t0005" id="c0235">Table 1</ce:cross-ref> and the Willis-based UO<ce:inf loc="post">2.125</ce:inf> systems are found to be more stable than the equivalent cuboctahedral and split quad-interstitial containing cells (<ce:cross-ref refid="f0005" id="c0240">Fig. 1</ce:cross-ref>(c) and (d)).</ce:para><ce:para id="p0080" view="all">Stability of the U<ce:inf loc="post">4</ce:inf>O<ce:inf loc="post">9</ce:inf> phases is also related to the species that compensate the additional charge introduced by O<ce:italic><ce:inf loc="post">i</ce:inf></ce:italic>. In all simulations this is oxidation of U<ce:hsp sp="0.25"/>(IV); the vast majority of which is to U<ce:hsp sp="0.25"/>(V) however in five of the least stable configurations (<ce:italic>E<ce:inf loc="post">form</ce:inf><ce:hsp sp="0.25"/></ce:italic>=<ce:hsp sp="0.25"/>0.11–0.44<ce:hsp sp="0.25"/>eV) one or two U<ce:hsp sp="0.25"/>(VI) ions are also predicted. <ce:cross-ref refid="f0010" id="c0245">Fig. 2</ce:cross-ref> highlights which systems contain U<ce:hsp sp="0.25"/>(VI) and <ce:cross-ref refid="f0015" id="c0250">Fig. 3</ce:cross-ref> shows the distribution of U<ce:hsp sp="0.25"/>(V) and (VI) in four different systems. Where there are cluster chains oxidised uranium ions tend to be in close proximity (<ce:cross-ref refid="f0015" id="c0255">Fig. 3</ce:cross-ref>(a) and (b)). One of the U<ce:hsp sp="0.25"/>(VI) containing phases also features a single distorted 2:2:2 cluster with an adjacent O<ce:italic><ce:inf loc="post">i</ce:inf></ce:italic> (<ce:cross-ref refid="f0015" id="c0260">Fig. 3</ce:cross-ref>(c)). We have attributed the low stability of this configuration to the presence of an O<ce:italic><ce:inf loc="post">i</ce:inf></ce:italic> only 1.443<ce:hsp sp="0.25"/>Å from a 2:2:2 cluster O<ce:italic><ce:inf loc="post">i</ce:inf></ce:italic>, preventing formation of a chain by distorting the local oxygen sublattice. This short O-O bond is indicative of a peroxide ion (O<ce:inf loc="post">2</ce:inf><ce:sup loc="post">2</ce:sup><ce:sup loc="post">−</ce:sup>), previously predicted by Andersson et al. in their DFT study of UO<ce:inf loc="post">2</ce:inf> oxidation<ce:cross-ref refid="b0060" id="c0265">[12]</ce:cross-ref>. The prediction of U<ce:inf loc="post">4</ce:inf>O<ce:inf loc="post">9</ce:inf> containing only U<ce:hsp sp="0.25"/>(IV) and U<ce:hsp sp="0.25"/>(V) ions is supported by the experiments of Kvashnina et al. who reached the same conclusion using x-ray absorption near edge structure (XANES) spectroscopy <ce:cross-ref refid="b0135" id="c0270">[27]</ce:cross-ref>.</ce:para><ce:para id="p0085" view="all">The coordination at U<ce:hsp sp="0.25"/>(V) and U<ce:hsp sp="0.25"/>(VI) sites adjoining 2:2:2 clusters (<ce:cross-ref refid="f0020" id="c0275">Fig. 4</ce:cross-ref><ce:float-anchor refid="f0020"/>) both differ significantly from the parent fluorite lattice. U<ce:hsp sp="0.25"/>(V) sites retain a coordination number of eight but the 2:2:2 cluster significantly distorts their coordination sphere and slightly lowers the average U–O bond length to 2.294<ce:hsp sp="0.25"/>Å from 2.368<ce:hsp sp="0.25"/>Å. Observing <ce:cross-ref refid="f0020" id="c0280">Fig. 4</ce:cross-ref>(a) the four in-plane oxygen ions on the left show half of an oxygen sub-lattice cube (aligned in the (0<ce:hsp sp="0.12"/>1<ce:hsp sp="0.12"/>1) plane) whilst the other four form a flattened tetrahedron. At U<ce:hsp sp="0.25"/>(VI) sites a larger local distortion to the oxygen sub-lattice results in further reduction of the average U–O bond length to 2.188<ce:hsp sp="0.25"/>Å and the emergence of two shorter, collinear “uranyl” type bonds (<ce:cross-ref refid="f0020" id="c0285">Fig. 4</ce:cross-ref>(b)). The coordination is a puckered pentagonal bipyramid and when considered with the non-symmetrical uranyl-type bonds the U<ce:hsp sp="0.12"/>(VI) site is strongly reminiscent of the <ce:italic>η</ce:italic>-UO<ce:inf loc="post">3</ce:inf> polymorph which also contains these structural features <ce:cross-refs refid="b0140 b0145" id="r0055">[28,29]</ce:cross-refs>. The prediction that U<ce:hsp sp="0.12"/>(VI) is unstable in U<ce:inf loc="post">4</ce:inf>O<ce:inf loc="post">9</ce:inf> systems demonstrates the preference of U<ce:hsp sp="0.12"/>(VI) ions for layered-type structures (e.g. U<ce:inf loc="post">3</ce:inf>O<ce:inf loc="post">8</ce:inf> and UO<ce:inf loc="post">3</ce:inf>) <ce:cross-ref refid="b0135" id="c0290">[27]</ce:cross-ref>.</ce:para><ce:para id="p0090" view="all">We have also computed the electronic band gaps for each phase discussed here, finding the most stable U<ce:inf loc="post">4</ce:inf>O<ce:inf loc="post">9</ce:inf> systems (i.e. those containing 2:2:2 cluster chains) to have band gaps between 1.48 and 1.61<ce:hsp sp="0.25"/>eV. The UO<ce:inf loc="post">2.125</ce:inf> system was found to have a lower band gap of 1.38<ce:hsp sp="0.25"/>eV and UO<ce:inf loc="post">2.0625</ce:inf> lower again at 1.29<ce:hsp sp="0.25"/>eV. Although no experimental measurements of the U<ce:inf loc="post">4</ce:inf>O<ce:inf loc="post">9</ce:inf> band gaps could be found our result compares favourably with the LSDA<ce:hsp sp="0.25"/>+<ce:hsp sp="0.25"/>U calculated value of 1.68<ce:hsp sp="0.25"/>eV from He et al. <ce:cross-ref refid="b0150" id="c0295">[30]</ce:cross-ref>. Given the paucity of data available in this area further investigation is warranted before we can draw any conclusions.</ce:para></ce:section><ce:section id="s5545" view="all"><ce:label>4</ce:label><ce:section-title id="st995">Conclusions</ce:section-title><ce:para id="p0095" view="all">In summary, we investigated defective fluorite supercells with a range of stoichiometries and found for U<ce:inf loc="post">4</ce:inf>O<ce:inf loc="post">9</ce:inf> and UO<ce:inf loc="post">2.125</ce:inf> there are stable configurations of edge-sharing 2:2:2 Willis cluster chains. Reducing the stoichiometry to UO<ce:inf loc="post">2.125</ce:inf> we find that these chains are retained as the defect cluster remains present in accordance with the original observations of Willis. Further reduction of the stoichiometry to UO<ce:inf loc="post">2.0625</ce:inf> (a single 2:2:2 Willis cluster or two edge-sharing ones in a 2<ce:hsp sp="0.25"/>×<ce:hsp sp="0.25"/>2<ce:hsp sp="0.25"/>×<ce:hsp sp="0.25"/>2 UO<ce:inf loc="post">2</ce:inf> supercell) leads to formation of a split di-interstitial cluster in line with previous calculations. Therefore we propose that the 2:2:2 Willis cluster is a genuine feature of UO<ce:inf loc="post">2+</ce:inf><ce:italic><ce:inf loc="post">x</ce:inf></ce:italic> but its formation is dependent on oxygen content and it is only stabilised in edge-sharing chains, as reported by Allen et al. <ce:cross-ref refid="b0025" id="c0300">[5]</ce:cross-ref>. U<ce:hsp sp="0.12"/>(V) ions are predicted as charge compensating species for the oxygen defects, supporting observations that (VI) is not a stable oxidation state for U in U<ce:inf loc="post">4</ce:inf>O<ce:inf loc="post">9</ce:inf>. Having identified the oxygen concentration dependence of defects over UO<ce:inf loc="post">2</ce:inf>.<ce:inf loc="post">0625</ce:inf><ce:inf loc="post">–</ce:inf><ce:inf loc="post">2.25</ce:inf> it would be pertinent to extend the investigation to a broader range of stoichiometries; and indeed examine the extent to which defect cluster formation is dependent on oxygen stoichiometry for other materials that show mixed oxidation states. A suitable extension to this work would be including additional layers of complexity such as alternative magnetic orderings, spin orbit coupling and multiple <ce:italic>f</ce:italic> orbital occupations. Recent studies from Dorado et al. <ce:cross-ref refid="b0155" id="c0305">[31]</ce:cross-ref> and Allen and Watson <ce:cross-ref refid="b0160" id="c0310">[32]</ce:cross-ref> have demonstrated that occupational matrix control can be used to locate the global minimum of the system, avoiding the occurrence of metastable states.</ce:para></ce:section></ce:sections><ce:acknowledgment id="ak005" view="all"><ce:section-title id="st020">Acknowledgements</ce:section-title><ce:para id="p0100" view="all">This work has made use of the ARCHER, the UK’s national high-performance computing service, funded by the EPSRC (EP/L000202) in addition to University of Bath’s HPC resource, Aquila.</ce:para><ce:para id="p0105" view="all">The authors would also like to acknowledge AWE, the University of Bath and the EPSRC (EP/I03601X/1) for providing the funding to conduct this research.</ce:para></ce:acknowledgment></body><tail view="all"><ce:bibliography id="bi005" view="all"><ce:section-title id="st025">References</ce:section-title><ce:bibliography-sec id="bs005" view="all"><ce:bib-reference id="b0005"><ce:label>[1]</ce:label><sb:reference id="h0005"><sb:contribution langtype="en"><sb:authors><sb:author><ce:given-name>B.T.M.</ce:given-name><ce:surname>Willis</ce:surname></sb:author></sb:authors></sb:contribution><sb:host><sb:issue><sb:series><sb:title><sb:maintitle>Nature</sb:maintitle></sb:title><sb:volume-nr>197</sb:volume-nr></sb:series><sb:date>1963</sb:date></sb:issue><sb:pages><sb:first-page>755</sb:first-page></sb:pages></sb:host></sb:reference></ce:bib-reference><ce:bib-reference id="b0010"><ce:label>[2]</ce:label><sb:reference id="h0010"><sb:contribution langtype="en"><sb:authors><sb:author><ce:given-name>B.T.M.</ce:given-name><ce:surname>Willis</ce:surname></sb:author></sb:authors></sb:contribution><sb:host><sb:issue><sb:series><sb:title><sb:maintitle>J. Phys.</sb:maintitle></sb:title><sb:volume-nr>25</sb:volume-nr></sb:series><sb:date>1964</sb:date></sb:issue><sb:pages><sb:first-page>431</sb:first-page></sb:pages></sb:host></sb:reference></ce:bib-reference><ce:bib-reference id="b0015"><ce:label>[3]</ce:label><sb:reference id="h0015"><sb:contribution langtype="en"><sb:authors><sb:author><ce:given-name>B.T.M.</ce:given-name><ce:surname>Willis</ce:surname></sb:author></sb:authors></sb:contribution><sb:host><sb:issue><sb:series><sb:title><sb:maintitle>Acta Crystallogr. Sect. A</sb:maintitle></sb:title><sb:volume-nr>34</sb:volume-nr></sb:series><sb:date>1978</sb:date></sb:issue><sb:pages><sb:first-page>88</sb:first-page></sb:pages></sb:host></sb:reference></ce:bib-reference><ce:bib-reference id="b0020"><ce:label>[4]</ce:label><sb:reference id="h0020"><sb:contribution langtype="en"><sb:authors><sb:author><ce:given-name>G.C.</ce:given-name><ce:surname>Allen</ce:surname></sb:author><sb:author><ce:given-name>P.A.</ce:given-name><ce:surname>Tempest</ce:surname></sb:author><sb:author><ce:given-name>J.W.</ce:given-name><ce:surname>Tyler</ce:surname></sb:author></sb:authors></sb:contribution><sb:host><sb:issue><sb:series><sb:title><sb:maintitle>Nature</sb:maintitle></sb:title><sb:volume-nr>295</sb:volume-nr></sb:series><sb:date>1982</sb:date></sb:issue><sb:pages><sb:first-page>48</sb:first-page></sb:pages></sb:host></sb:reference></ce:bib-reference><ce:bib-reference id="b0025"><ce:label>[5]</ce:label><sb:reference id="h0025"><sb:contribution langtype="en"><sb:authors><sb:author><ce:given-name>G.C.</ce:given-name><ce:surname>Allen</ce:surname></sb:author><sb:author><ce:given-name>P.A.</ce:given-name><ce:surname>Tempest</ce:surname></sb:author></sb:authors></sb:contribution><sb:host><sb:issue><sb:series><sb:title><sb:maintitle>J. Chem. Soc., Dalton Trans.</sb:maintitle></sb:title></sb:series><sb:date>1982</sb:date></sb:issue><sb:pages><sb:first-page>2169</sb:first-page></sb:pages></sb:host></sb:reference></ce:bib-reference><ce:bib-reference id="b0030"><ce:label>[6]</ce:label><sb:reference id="h0030"><sb:contribution langtype="en"><sb:authors><sb:author><ce:given-name>C.R.A.</ce:given-name><ce:surname>Catlow</ce:surname></sb:author></sb:authors></sb:contribution><sb:host><sb:issue><sb:series><sb:title><sb:maintitle>Proc. R. Soc. London, Ser. A</sb:maintitle></sb:title><sb:volume-nr>353</sb:volume-nr></sb:series><sb:date>1977</sb:date></sb:issue><sb:pages><sb:first-page>533</sb:first-page></sb:pages></sb:host></sb:reference></ce:bib-reference><ce:bib-reference id="b0035"><ce:label>[7]</ce:label><sb:reference id="h0035"><sb:contribution langtype="en"><sb:authors><sb:author><ce:given-name>H.Y.</ce:given-name><ce:surname>Geng</ce:surname></sb:author><sb:author><ce:given-name>Y.</ce:given-name><ce:surname>Chen</ce:surname></sb:author><sb:author><ce:given-name>Y.</ce:given-name><ce:surname>Kaneta</ce:surname></sb:author><sb:author><ce:given-name>M.</ce:given-name><ce:surname>Kinoshita</ce:surname></sb:author></sb:authors></sb:contribution><sb:host><sb:issue><sb:series><sb:title><sb:maintitle>Appl. Phys. Lett.</sb:maintitle></sb:title><sb:volume-nr>93</sb:volume-nr></sb:series><sb:date>2008</sb:date></sb:issue><sb:pages><sb:first-page>201903</sb:first-page></sb:pages></sb:host></sb:reference></ce:bib-reference><ce:bib-reference id="b0040"><ce:label>[8]</ce:label><sb:reference id="h0040"><sb:contribution langtype="en"><sb:authors><sb:author><ce:given-name>H.Y.</ce:given-name><ce:surname>Geng</ce:surname></sb:author><sb:author><ce:given-name>Y.</ce:given-name><ce:surname>Chen</ce:surname></sb:author><sb:author><ce:given-name>Y.</ce:given-name><ce:surname>Kaneta</ce:surname></sb:author><sb:author><ce:given-name>M.</ce:given-name><ce:surname>Iwasawa</ce:surname></sb:author><sb:author><ce:given-name>T.</ce:given-name><ce:surname>Ohnuma</ce:surname></sb:author><sb:author><ce:given-name>M.</ce:given-name><ce:surname>Kinoshita</ce:surname></sb:author></sb:authors></sb:contribution><sb:host><sb:issue><sb:series><sb:title><sb:maintitle>Phys. Rev. B</sb:maintitle></sb:title><sb:volume-nr>77</sb:volume-nr></sb:series><sb:date>2008</sb:date></sb:issue><sb:pages><sb:first-page>104120</sb:first-page></sb:pages></sb:host></sb:reference></ce:bib-reference><ce:bib-reference id="b0045"><ce:label>[9]</ce:label><sb:reference id="h0045"><sb:contribution langtype="en"><sb:authors><sb:author><ce:given-name>D.A.</ce:given-name><ce:surname>Andersson</ce:surname></sb:author><sb:author><ce:given-name>J.</ce:given-name><ce:surname>Lezama</ce:surname></sb:author><sb:author><ce:given-name>B.P.</ce:given-name><ce:surname>Uberuaga</ce:surname></sb:author><sb:author><ce:given-name>C.</ce:given-name><ce:surname>Deo</ce:surname></sb:author><sb:author><ce:given-name>S.D.</ce:given-name><ce:surname>Conradson</ce:surname></sb:author></sb:authors></sb:contribution><sb:host><sb:issue><sb:series><sb:title><sb:maintitle>Phys. Rev. B</sb:maintitle></sb:title><sb:volume-nr>79</sb:volume-nr></sb:series><sb:date>2009</sb:date></sb:issue><sb:pages><sb:first-page>024110</sb:first-page></sb:pages></sb:host></sb:reference></ce:bib-reference><ce:bib-reference id="b0050"><ce:label>[10]</ce:label><sb:reference id="h0050"><sb:contribution langtype="en"><sb:authors><sb:author><ce:given-name>D.A.</ce:given-name><ce:surname>Andersson</ce:surname></sb:author><sb:author><ce:given-name>F.J.</ce:given-name><ce:surname>Espinosa-Faller</ce:surname></sb:author><sb:author><ce:given-name>B.P.</ce:given-name><ce:surname>Uberuaga</ce:surname></sb:author><sb:author><ce:given-name>S.D.</ce:given-name><ce:surname>Conradson</ce:surname></sb:author></sb:authors></sb:contribution><sb:host><sb:issue><sb:series><sb:title><sb:maintitle>J. Chem. Phys.</sb:maintitle></sb:title><sb:volume-nr>136</sb:volume-nr></sb:series><sb:date>2012</sb:date></sb:issue><sb:pages><sb:first-page>234702</sb:first-page></sb:pages></sb:host></sb:reference></ce:bib-reference><ce:bib-reference id="b0055"><ce:label>[11]</ce:label><sb:reference id="h0055"><sb:contribution langtype="en"><sb:authors><sb:author><ce:given-name>J.P.</ce:given-name><ce:surname>Crocombette</ce:surname></sb:author></sb:authors></sb:contribution><sb:host><sb:issue><sb:series><sb:title><sb:maintitle>Phys. Rev. B</sb:maintitle></sb:title><sb:volume-nr>85</sb:volume-nr></sb:series><sb:date>2012</sb:date></sb:issue><sb:pages><sb:first-page>144101</sb:first-page></sb:pages></sb:host></sb:reference></ce:bib-reference><ce:bib-reference id="b0060"><ce:label>[12]</ce:label><sb:reference id="h0060"><sb:contribution langtype="en"><sb:authors><sb:author><ce:given-name>D.A.</ce:given-name><ce:surname>Andersson</ce:surname></sb:author><sb:author><ce:given-name>G.</ce:given-name><ce:surname>Baldinozzi</ce:surname></sb:author><sb:author><ce:given-name>L.</ce:given-name><ce:surname>Desgranges</ce:surname></sb:author><sb:author><ce:given-name>D.R.</ce:given-name><ce:surname>Conradson</ce:surname></sb:author><sb:author><ce:given-name>S.D.</ce:given-name><ce:surname>Conradson</ce:surname></sb:author></sb:authors></sb:contribution><sb:host><sb:issue><sb:series><sb:title><sb:maintitle>Inorg. Chem.</sb:maintitle></sb:title><sb:volume-nr>52</sb:volume-nr></sb:series><sb:date>2013</sb:date></sb:issue><sb:pages><sb:first-page>2769</sb:first-page></sb:pages></sb:host></sb:reference></ce:bib-reference><ce:bib-reference id="b0065"><ce:label>[13]</ce:label><sb:reference id="h0065"><sb:contribution langtype="en"><sb:authors><sb:author><ce:given-name>K.</ce:given-name><ce:surname>Govers</ce:surname></sb:author><sb:author><ce:given-name>S.</ce:given-name><ce:surname>Lemehov</ce:surname></sb:author><sb:author><ce:given-name>M.</ce:given-name><ce:surname>Hou</ce:surname></sb:author><sb:author><ce:given-name>M.</ce:given-name><ce:surname>Verwerft</ce:surname></sb:author></sb:authors></sb:contribution><sb:host><sb:issue><sb:series><sb:title><sb:maintitle>J. Nucl. Mater.</sb:maintitle></sb:title><sb:volume-nr>366</sb:volume-nr></sb:series><sb:date>2007</sb:date></sb:issue><sb:pages><sb:first-page>161</sb:first-page></sb:pages></sb:host></sb:reference></ce:bib-reference><ce:bib-reference id="b0070"><ce:label>[14]</ce:label><sb:reference id="h0070"><sb:contribution langtype="en"><sb:authors><sb:author><ce:given-name>D.J.M.</ce:given-name><ce:surname>Bevan</ce:surname></sb:author><sb:author><ce:given-name>I.E.</ce:given-name><ce:surname>Grey</ce:surname></sb:author><sb:author><ce:given-name>B.T.M.</ce:given-name><ce:surname>Willis</ce:surname></sb:author></sb:authors></sb:contribution><sb:host><sb:issue><sb:series><sb:title><sb:maintitle>J. Solid State Chem.</sb:maintitle></sb:title><sb:volume-nr>61</sb:volume-nr></sb:series><sb:date>1986</sb:date></sb:issue><sb:pages><sb:first-page>1</sb:first-page></sb:pages></sb:host></sb:reference></ce:bib-reference><ce:bib-reference id="b0075"><ce:label>[15]</ce:label><sb:reference id="h0075"><sb:contribution langtype="en"><sb:authors><sb:author><ce:given-name>L.</ce:given-name><ce:surname>Desgranges</ce:surname></sb:author><sb:author><ce:given-name>G.</ce:given-name><ce:surname>Baldinozzi</ce:surname></sb:author><sb:author><ce:given-name>G.</ce:given-name><ce:surname>Rousseau</ce:surname></sb:author><sb:author><ce:given-name>J.</ce:given-name><ce:surname>Niépce</ce:surname></sb:author><sb:author><ce:given-name>G.</ce:given-name><ce:surname>Calvarin</ce:surname></sb:author></sb:authors></sb:contribution><sb:host><sb:issue><sb:series><sb:title><sb:maintitle>Inorg. Chem.</sb:maintitle></sb:title><sb:volume-nr>48</sb:volume-nr></sb:series><sb:date>2009</sb:date></sb:issue><sb:pages><sb:first-page>7585</sb:first-page></sb:pages></sb:host></sb:reference></ce:bib-reference><ce:bib-reference id="b0080"><ce:label>[16]</ce:label><sb:reference id="h0080"><sb:contribution langtype="en"><sb:authors><sb:author><ce:given-name>H.M.</ce:given-name><ce:surname>He</ce:surname></sb:author><sb:author><ce:given-name>D.</ce:given-name><ce:surname>Shoesmith</ce:surname></sb:author></sb:authors></sb:contribution><sb:host><sb:issue><sb:series><sb:title><sb:maintitle>Phys. Chem. Chem. Phys.</sb:maintitle></sb:title><sb:volume-nr>12</sb:volume-nr></sb:series><sb:date>2010</sb:date></sb:issue><sb:pages><sb:first-page>8108</sb:first-page></sb:pages></sb:host></sb:reference></ce:bib-reference><ce:bib-reference id="b0085"><ce:label>[17]</ce:label><sb:reference id="h0085"><sb:contribution langtype="en"><sb:authors><sb:author><ce:given-name>G.</ce:given-name><ce:surname>Kresse</ce:surname></sb:author><sb:author><ce:given-name>J.</ce:given-name><ce:surname>Furthmuller</ce:surname></sb:author></sb:authors></sb:contribution><sb:host><sb:issue><sb:series><sb:title><sb:maintitle>Comput. Mater. Sci.</sb:maintitle></sb:title><sb:volume-nr>6</sb:volume-nr></sb:series><sb:date>1996</sb:date></sb:issue><sb:pages><sb:first-page>15</sb:first-page></sb:pages></sb:host></sb:reference></ce:bib-reference><ce:bib-reference id="b0090"><ce:label>[18]</ce:label><sb:reference id="h0090"><sb:contribution langtype="en"><sb:authors><sb:author><ce:given-name>J.P.</ce:given-name><ce:surname>Perdew</ce:surname></sb:author><sb:author><ce:given-name>K.</ce:given-name><ce:surname>Burke</ce:surname></sb:author><sb:author><ce:given-name>M.</ce:given-name><ce:surname>Ernzerhof</ce:surname></sb:author></sb:authors></sb:contribution><sb:host><sb:issue><sb:series><sb:title><sb:maintitle>Phys. Rev. Lett.</sb:maintitle></sb:title><sb:volume-nr>77</sb:volume-nr></sb:series><sb:date>1996</sb:date></sb:issue><sb:pages><sb:first-page>3865</sb:first-page></sb:pages></sb:host></sb:reference></ce:bib-reference><ce:bib-reference id="b0095"><ce:label>[19]</ce:label><sb:reference id="h0095"><sb:contribution langtype="en"><sb:authors><sb:author><ce:given-name>M.R.</ce:given-name><ce:surname>Castell</ce:surname></sb:author><sb:author><ce:given-name>S.L.</ce:given-name><ce:surname>Dudarev</ce:surname></sb:author><sb:author><ce:given-name>C.</ce:given-name><ce:surname>Muggelberg</ce:surname></sb:author><sb:author><ce:given-name>A.P.</ce:given-name><ce:surname>Sutton</ce:surname></sb:author><sb:author><ce:given-name>G.A.D.</ce:given-name><ce:surname>Briggs</ce:surname></sb:author><sb:author><ce:given-name>D.T.</ce:given-name><ce:surname>Goddard</ce:surname></sb:author></sb:authors></sb:contribution><sb:host><sb:issue><sb:series><sb:title><sb:maintitle>J. Vac. Sci. Technol. A</sb:maintitle></sb:title><sb:volume-nr>16</sb:volume-nr></sb:series><sb:date>1998</sb:date></sb:issue><sb:pages><sb:first-page>1055</sb:first-page></sb:pages></sb:host></sb:reference></ce:bib-reference><ce:bib-reference id="b0100"><ce:label>[20]</ce:label><sb:reference id="h0100"><sb:contribution langtype="en"><sb:authors><sb:author><ce:given-name>T.</ce:given-name><ce:surname>Yamazaki</ce:surname></sb:author><sb:author><ce:given-name>A.</ce:given-name><ce:surname>Kotani</ce:surname></sb:author></sb:authors></sb:contribution><sb:host><sb:issue><sb:series><sb:title><sb:maintitle>J. Phys. Soc. Jpn<ce:italic>.</ce:italic></sb:maintitle></sb:title><sb:volume-nr>60</sb:volume-nr></sb:series><sb:date>1991</sb:date></sb:issue><sb:pages><sb:first-page>49</sb:first-page></sb:pages></sb:host></sb:reference></ce:bib-reference><ce:bib-reference id="b0105"><ce:label>[21]</ce:label><sb:reference id="h0105"><sb:contribution langtype="en"><sb:authors><sb:author><ce:given-name>R.</ce:given-name><ce:surname>Grau-Crespo</ce:surname></sb:author><sb:author><ce:given-name>S.</ce:given-name><ce:surname>Hamad</ce:surname></sb:author><sb:author><ce:given-name>C.R.A.</ce:given-name><ce:surname>Catlow</ce:surname></sb:author><sb:author><ce:given-name>N.H.</ce:given-name><ce:surname>de Leeuw</ce:surname></sb:author></sb:authors></sb:contribution><sb:host><sb:issue><sb:series><sb:title><sb:maintitle>J. Phys.: Condens. Matter.</sb:maintitle></sb:title><sb:volume-nr>19</sb:volume-nr></sb:series><sb:date>2007</sb:date></sb:issue><sb:pages><sb:first-page>256201</sb:first-page></sb:pages></sb:host></sb:reference></ce:bib-reference><ce:bib-reference id="b0110"><ce:label>[22]</ce:label><sb:reference id="h0110"><sb:contribution langtype="en"><sb:authors><sb:author><ce:given-name>B.</ce:given-name><ce:surname>Dorado</ce:surname></sb:author><sb:author><ce:given-name>G.</ce:given-name><ce:surname>Jomard</ce:surname></sb:author><sb:author><ce:given-name>M.</ce:given-name><ce:surname>Freyss</ce:surname></sb:author><sb:author><ce:given-name>M.</ce:given-name><ce:surname>Bertolus</ce:surname></sb:author></sb:authors></sb:contribution><sb:host><sb:issue><sb:series><sb:title><sb:maintitle>Phys. Rev. B</sb:maintitle></sb:title><sb:volume-nr>82</sb:volume-nr></sb:series><sb:date>2010</sb:date></sb:issue><sb:pages><sb:first-page>035114</sb:first-page></sb:pages></sb:host></sb:reference></ce:bib-reference><ce:bib-reference id="b0115"><ce:label>[23]</ce:label><sb:reference id="h0115"><sb:contribution langtype="en"><sb:authors><sb:author><ce:given-name>R.</ce:given-name><ce:surname>Laskowski</ce:surname></sb:author><sb:author><ce:given-name>G.K.H.</ce:given-name><ce:surname>Madsen</ce:surname></sb:author><sb:author><ce:given-name>P.</ce:given-name><ce:surname>Blaha</ce:surname></sb:author><sb:author><ce:given-name>K.</ce:given-name><ce:surname>Schwarz</ce:surname></sb:author></sb:authors></sb:contribution><sb:host><sb:issue><sb:series><sb:title><sb:maintitle>Phys. Rev. B</sb:maintitle></sb:title><sb:volume-nr>69</sb:volume-nr></sb:series><sb:date>2004</sb:date></sb:issue><sb:pages><sb:first-page>140408</sb:first-page></sb:pages></sb:host></sb:reference></ce:bib-reference><ce:bib-reference id="b0120"><ce:label>[24]</ce:label><sb:reference id="h0120"><sb:contribution langtype="en"><sb:authors><sb:author><ce:given-name>G.</ce:given-name><ce:surname>Herzberg</ce:surname></sb:author></sb:authors></sb:contribution><sb:host><sb:issue><sb:series><sb:title><sb:maintitle>Can. J. Phys.</sb:maintitle></sb:title><sb:volume-nr>30</sb:volume-nr></sb:series><sb:date>1952</sb:date></sb:issue><sb:pages><sb:first-page>185</sb:first-page></sb:pages></sb:host></sb:reference></ce:bib-reference><ce:bib-reference id="b0125"><ce:label>[25]</ce:label><sb:reference id="h0125"><sb:contribution langtype="en"><sb:authors><sb:author><ce:given-name>D.A.</ce:given-name><ce:surname>Andersson</ce:surname></sb:author><sb:author><ce:given-name>T.</ce:given-name><ce:surname>Watanabe</ce:surname></sb:author><sb:author><ce:given-name>C.</ce:given-name><ce:surname>Deo</ce:surname></sb:author><sb:author><ce:given-name>B.P.</ce:given-name><ce:surname>Uberuaga</ce:surname></sb:author></sb:authors></sb:contribution><sb:host><sb:issue><sb:series><sb:title><sb:maintitle>Phys. Rev. B</sb:maintitle></sb:title><sb:volume-nr>80</sb:volume-nr></sb:series><sb:date>2009</sb:date></sb:issue><sb:pages><sb:first-page>060101</sb:first-page></sb:pages></sb:host></sb:reference></ce:bib-reference><ce:bib-reference id="b0130"><ce:label>[26]</ce:label><sb:reference id="h0130"><sb:contribution langtype="en"><sb:authors><sb:author><ce:given-name>J.</ce:given-name><ce:surname>Wang</ce:surname></sb:author><sb:author><ce:given-name>R.C.</ce:given-name><ce:surname>Ewing</ce:surname></sb:author><sb:author><ce:given-name>U.</ce:given-name><ce:surname>Becker</ce:surname></sb:author></sb:authors></sb:contribution><sb:host><sb:issue><sb:series><sb:title><sb:maintitle>Sci. Rep.</sb:maintitle></sb:title><sb:volume-nr>4</sb:volume-nr></sb:series><sb:date>2014</sb:date></sb:issue></sb:host></sb:reference></ce:bib-reference><ce:bib-reference id="b0135"><ce:label>[27]</ce:label><sb:reference id="h0135"><sb:contribution langtype="en"><sb:authors><sb:author><ce:given-name>K.O.</ce:given-name><ce:surname>Kvashnina</ce:surname></sb:author><sb:author><ce:given-name>S.M.</ce:given-name><ce:surname>Butorin</ce:surname></sb:author><sb:author><ce:given-name>P.</ce:given-name><ce:surname>Martin</ce:surname></sb:author><sb:author><ce:given-name>P.</ce:given-name><ce:surname>Glatzel</ce:surname></sb:author></sb:authors></sb:contribution><sb:host><sb:issue><sb:series><sb:title><sb:maintitle>Phys. Rev. Lett.</sb:maintitle></sb:title><sb:volume-nr>111</sb:volume-nr></sb:series><sb:date>2013</sb:date></sb:issue><sb:pages><sb:first-page>253002</sb:first-page></sb:pages></sb:host></sb:reference></ce:bib-reference><ce:bib-reference id="b0140"><ce:label>[28]</ce:label><sb:reference id="h0140"><sb:contribution langtype="en"><sb:authors><sb:author><ce:given-name>S.</ce:given-name><ce:surname>Siegel</ce:surname></sb:author><sb:author><ce:given-name>H.</ce:given-name><ce:surname>Hoekstra</ce:surname></sb:author><sb:author><ce:given-name>E.</ce:given-name><ce:surname>Sherry</ce:surname></sb:author></sb:authors></sb:contribution><sb:host><sb:issue><sb:series><sb:title><sb:maintitle>Acta Crystallogr. Sect. A</sb:maintitle></sb:title><sb:volume-nr>20</sb:volume-nr></sb:series><sb:date>1966</sb:date></sb:issue><sb:pages><sb:first-page>292</sb:first-page></sb:pages></sb:host></sb:reference></ce:bib-reference><ce:bib-reference id="b0145"><ce:label>[29]</ce:label><ce:other-ref id="h0145"><ce:textref>N.A. Brincat, et al., Inorg. Chem., 2014, submitted for publication.</ce:textref></ce:other-ref></ce:bib-reference><ce:bib-reference id="b0150"><ce:label>[30]</ce:label><sb:reference id="h0150"><sb:contribution langtype="en"><sb:authors><sb:author><ce:given-name>H.M.</ce:given-name><ce:surname>He</ce:surname></sb:author><sb:author><ce:given-name>D.A.</ce:given-name><ce:surname>Andersson</ce:surname></sb:author><sb:author><ce:given-name>D.D.</ce:given-name><ce:surname>Allred</ce:surname></sb:author><sb:author><ce:given-name>K.D.</ce:given-name><ce:surname>Rector</ce:surname></sb:author></sb:authors></sb:contribution><sb:host><sb:issue><sb:series><sb:title><sb:maintitle>J. Phys. Chem. C</sb:maintitle></sb:title><sb:volume-nr>117</sb:volume-nr></sb:series><sb:date>2013</sb:date></sb:issue><sb:pages><sb:first-page>16540</sb:first-page></sb:pages></sb:host></sb:reference></ce:bib-reference><ce:bib-reference id="b0155"><ce:label>[31]</ce:label><sb:reference id="h0155"><sb:contribution langtype="en"><sb:authors><sb:author><ce:given-name>B.</ce:given-name><ce:surname>Dorado</ce:surname></sb:author><sb:author><ce:given-name>B.</ce:given-name><ce:surname>Amadon</ce:surname></sb:author><sb:author><ce:given-name>M.</ce:given-name><ce:surname>Freyss</ce:surname></sb:author><sb:author><ce:given-name>M.</ce:given-name><ce:surname>Bertolus</ce:surname></sb:author></sb:authors></sb:contribution><sb:host><sb:issue><sb:series><sb:title><sb:maintitle>Phys. Rev. B</sb:maintitle></sb:title><sb:volume-nr>79</sb:volume-nr></sb:series><sb:date>2009</sb:date></sb:issue><sb:pages><sb:first-page>235125</sb:first-page></sb:pages></sb:host></sb:reference></ce:bib-reference><ce:bib-reference id="b0160"><ce:label>[32]</ce:label><sb:reference id="h0160"><sb:contribution langtype="en"><sb:authors><sb:author><ce:given-name>J.P.</ce:given-name><ce:surname>Allen</ce:surname></sb:author><sb:author><ce:given-name>G.W.</ce:given-name><ce:surname>Watson</ce:surname></sb:author></sb:authors></sb:contribution><sb:host><sb:issue><sb:series><sb:title><sb:maintitle>Phys. Chem. Chem. Phys.</sb:maintitle></sb:title><sb:volume-nr>16</sb:volume-nr></sb:series><sb:date>2014</sb:date></sb:issue><sb:pages><sb:first-page>21016</sb:first-page></sb:pages></sb:host></sb:reference></ce:bib-reference></ce:bibliography-sec></ce:bibliography></tail></article></xocs:serial-item></xocs:doc>