<xocs:doc xsi:schemaLocation="http://www.elsevier.com/xml/xocs/dtd http://schema.elsevier.com/dtds/document/fulltext/xcr/xocs-article.xsd" xmlns:xocs="http://www.elsevier.com/xml/xocs/dtd" xmlns:xs="http://www.w3.org/2001/XMLSchema" xmlns:xsi="http://www.w3.org/2001/XMLSchema-instance" xmlns="http://www.elsevier.com/xml/ja/dtd" xmlns:ja="http://www.elsevier.com/xml/ja/dtd" xmlns:mml="http://www.w3.org/1998/Math/MathML" xmlns:tb="http://www.elsevier.com/xml/common/table/dtd" xmlns:sb="http://www.elsevier.com/xml/common/struct-bib/dtd" xmlns:ce="http://www.elsevier.com/xml/common/dtd" xmlns:xlink="http://www.w3.org/1999/xlink" xmlns:cals="http://www.elsevier.com/xml/common/cals/dtd"><xocs:meta><xocs:content-family>serial</xocs:content-family><xocs:content-type>JL</xocs:content-type><xocs:cid>271598</xocs:cid><xocs:ssids><xocs:ssid type="alllist">291210</xocs:ssid><xocs:ssid type="subj">291702</xocs:ssid><xocs:ssid type="subj">291777</xocs:ssid><xocs:ssid type="subj">291829</xocs:ssid><xocs:ssid type="content">31</xocs:ssid><xocs:ssid type="oa">90</xocs:ssid></xocs:ssids><xocs:srctitle>Journal of Nuclear Materials</xocs:srctitle><xocs:normalized-srctitle>JOURNALNUCLEARMATERIALS</xocs:normalized-srctitle><xocs:orig-load-date yyyymmdd="20130213">2013-02-13</xocs:orig-load-date><xocs:available-online-date yyyymmdd="20130213">2013-02-13</xocs:available-online-date><xocs:ew-transaction-id>2015-09-28T16:50:35</xocs:ew-transaction-id><xocs:eid>1-s2.0-S0022311513001165</xocs:eid><xocs:pii-formatted>S0022-3115(13)00116-5</xocs:pii-formatted><xocs:pii-unformatted>S0022311513001165</xocs:pii-unformatted><xocs:doi>10.1016/j.jnucmat.2013.01.108</xocs:doi><xocs:item-stage>S300</xocs:item-stage><xocs:item-version-number>S300.2</xocs:item-version-number><xocs:item-weight>FULL-TEXT</xocs:item-weight><xocs:hub-eid>1-s2.0-S0022311513X00078</xocs:hub-eid><xocs:timestamp yyyymmdd="20150928">2015-09-28T13:21:27.580001-04:00</xocs:timestamp><xocs:dco>0</xocs:dco><xocs:tomb>0</xocs:tomb><xocs:date-search-begin>20130701</xocs:date-search-begin><xocs:date-search-end>20130731</xocs:date-search-end><xocs:year-nav>2013</xocs:year-nav><xocs:indexeddate epoch="1360713600">2013-02-13T00:00:00Z</xocs:indexeddate><xocs:articleinfo>articleinfo articletitlenorm authfirstinitialnorm authfirstsurnamenorm cid cids confeditor contenttype copyright crossmark dateloaded dateloadedtxt datesearch datesort dateupdated dco docsubtype doctype doi eid ewtransactionid fundingbodyid hubeid indexeddate issn issnnorm itemstage itemtransactionid itemweight oauserlicense openaccess openarchive pg pgfirst pglast pii piinorm pubdateend pubdatestart pubdatetxt pubyr sortorder sponsoredaccesstype srctitle srctitlenorm srctype ssids alllist content oa subj subheadings suppl tomb vol volfirst volissue volumelist webpdf webpdfpagecount yearnav figure table body mmlmath acknowledge affil articletitle auth auth authfirstini authfull authlast footnotes primabst ref</xocs:articleinfo><xocs:issns><xocs:issn-primary-formatted>0022-3115</xocs:issn-primary-formatted><xocs:issn-primary-unformatted>00223115</xocs:issn-primary-unformatted></xocs:issns><xocs:sponsored-access-type>UNLIMITED</xocs:sponsored-access-type><xocs:funding-body-id>FWF</xocs:funding-body-id><xocs:crossmark is-crossmark="0">false</xocs:crossmark><xocs:vol-first>438</xocs:vol-first><xocs:volume-list><xocs:volume>438</xocs:volume></xocs:volume-list><xocs:suppl>S</xocs:suppl><xocs:vol-iss-suppl-text>Volume 438, Supplement</xocs:vol-iss-suppl-text><xocs:sort-order>108</xocs:sort-order><xocs:first-fp>S522</xocs:first-fp><xocs:last-lp>S525</xocs:last-lp><xocs:pages><xocs:first-page>S522</xocs:first-page><xocs:last-page>S525</xocs:last-page></xocs:pages><xocs:cover-date-orig><xocs:start-date>201307</xocs:start-date></xocs:cover-date-orig><xocs:cover-date-text>July 2013</xocs:cover-date-text><xocs:cover-date-start>2013-07-01</xocs:cover-date-start><xocs:cover-date-end>2013-07-31</xocs:cover-date-end><xocs:cover-date-year>2013</xocs:cover-date-year><xocs:title-editors-groups><xocs:title-editors-group><ce:title id="tt005">Proceedings of the 20th International Conference on Plasma-Surface Interactions in Controlled Fusion Devices</ce:title><ce:editors><ce:author-group id="aa0035"><ce:author id="aa005"><ce:given-name>Sebastijan</ce:given-name><ce:surname>Brezinsek</ce:surname></ce:author><ce:author id="aa0010"><ce:given-name>Arkadi</ce:given-name><ce:surname>Kreter</ce:surname></ce:author><ce:author id="aa0015"><ce:given-name>Volker</ce:given-name><ce:surname>Philipps</ce:surname></ce:author><ce:author id="aa0020"><ce:given-name>Gerald</ce:given-name><ce:surname>Pintsuk</ce:surname></ce:author><ce:author id="aa0025"><ce:given-name>Detlev</ce:given-name><ce:surname>Reiter</ce:surname></ce:author><ce:author id="aa0030"><ce:given-name>Bernhard</ce:given-name><ce:surname>Unterberg</ce:surname></ce:author></ce:author-group></ce:editors></xocs:title-editors-group></xocs:title-editors-groups><xocs:document-type>article</xocs:document-type><xocs:document-subtype>fla</xocs:document-subtype><xocs:copyright-line>Copyright © 2013 Euratom. Published by Elsevier B.V.</xocs:copyright-line><xocs:normalized-article-title>1DKINETICMODELLINGJETSOLTUNGSTENDIVERTORPLATES</xocs:normalized-article-title><xocs:normalized-first-auth-surname>TSKHAKAYA</xocs:normalized-first-auth-surname><xocs:normalized-first-auth-initial>D</xocs:normalized-first-auth-initial><xocs:item-toc><xocs:item-toc-entry ref-elem="ce:sections"><xocs:item-toc-label>1</xocs:item-toc-label><xocs:item-toc-section-title>Introduction</xocs:item-toc-section-title></xocs:item-toc-entry><xocs:item-toc-entry ref-elem="ce:sections"><xocs:item-toc-label>2</xocs:item-toc-label><xocs:item-toc-section-title>Description of the SOL model</xocs:item-toc-section-title></xocs:item-toc-entry><xocs:item-toc-entry ref-elem="ce:sections"><xocs:item-toc-label>3</xocs:item-toc-label><xocs:item-toc-section-title>Simulation results</xocs:item-toc-section-title></xocs:item-toc-entry><xocs:item-toc-entry ref-elem="ce:sections"><xocs:item-toc-label>4</xocs:item-toc-label><xocs:item-toc-section-title>Conclusions</xocs:item-toc-section-title></xocs:item-toc-entry><xocs:item-toc-entry ref-elem="ce:acknowledgment"><xocs:item-toc-section-title>Acknowledgements</xocs:item-toc-section-title></xocs:item-toc-entry><xocs:item-toc-entry ref-elem="ce:bibliography"><xocs:item-toc-section-title>References</xocs:item-toc-section-title></xocs:item-toc-entry></xocs:item-toc><xocs:references><xocs:ref-info refid="h0005"><xocs:ref-normalized-surname>TSKHAKAYA</xocs:ref-normalized-surname><xocs:ref-pub-year>2011</xocs:ref-pub-year><xocs:ref-first-fp>S860</xocs:ref-first-fp><xocs:ref-normalized-initial>D</xocs:ref-normalized-initial></xocs:ref-info><xocs:ref-info refid="h0010"><xocs:ref-normalized-surname>COSTER</xocs:ref-normalized-surname><xocs:ref-pub-year>2011</xocs:ref-pub-year><xocs:ref-first-fp>S545</xocs:ref-first-fp><xocs:ref-normalized-initial>D</xocs:ref-normalized-initial></xocs:ref-info><xocs:ref-info refid="h0015"><xocs:ref-normalized-surname>TAKIZUKA</xocs:ref-normalized-surname><xocs:ref-pub-year>2009</xocs:ref-pub-year><xocs:ref-first-fp>075038</xocs:ref-first-fp><xocs:ref-normalized-initial>T</xocs:ref-normalized-initial></xocs:ref-info><xocs:ref-info refid="h0020"><xocs:ref-normalized-surname>HAVLICKOVA</xocs:ref-normalized-surname><xocs:ref-pub-year>2012</xocs:ref-pub-year><xocs:ref-first-fp>045002</xocs:ref-first-fp><xocs:ref-normalized-initial>E</xocs:ref-normalized-initial></xocs:ref-info><xocs:ref-info refid="h0060"><xocs:ref-normalized-surname>TSKHAKAYA</xocs:ref-normalized-surname><xocs:ref-pub-year>2012</xocs:ref-pub-year><xocs:ref-first-fp>490</xocs:ref-first-fp><xocs:ref-normalized-initial>D</xocs:ref-normalized-initial></xocs:ref-info><xocs:ref-info refid="h0025"><xocs:ref-normalized-surname>BRAGINSKII</xocs:ref-normalized-surname><xocs:ref-pub-year>1965</xocs:ref-pub-year><xocs:ref-normalized-initial>S</xocs:ref-normalized-initial><xocs:ref-normalized-srctitle>REVIEWSPLASMAPHYSICS</xocs:ref-normalized-srctitle><xocs:ref-normalized-article-title>TRANSPORTPROCESSESINAPLASMA</xocs:ref-normalized-article-title></xocs:ref-info><xocs:ref-info refid="h0030"><xocs:ref-normalized-surname>ALEXANDROV</xocs:ref-normalized-surname><xocs:ref-pub-year>1984</xocs:ref-pub-year><xocs:ref-normalized-initial>A</xocs:ref-normalized-initial><xocs:ref-normalized-srctitle>PRINCIPLESPLASMAELECTRODYNAMICS</xocs:ref-normalized-srctitle></xocs:ref-info><xocs:ref-info refid="j0010"/><xocs:ref-info refid="j0015"/><xocs:ref-info refid="h0035"><xocs:ref-normalized-surname>ECKSTEIN</xocs:ref-normalized-surname><xocs:ref-pub-year>2007</xocs:ref-pub-year><xocs:ref-first-fp>33</xocs:ref-first-fp><xocs:ref-normalized-initial>W</xocs:ref-normalized-initial></xocs:ref-info><xocs:ref-info refid="h0040"><xocs:ref-normalized-surname>ECKSTEIN</xocs:ref-normalized-surname><xocs:ref-pub-year>2008</xocs:ref-pub-year><xocs:ref-first-fp>930</xocs:ref-first-fp><xocs:ref-normalized-initial>W</xocs:ref-normalized-initial></xocs:ref-info><xocs:ref-info refid="h0045"><xocs:ref-normalized-surname>STENKE</xocs:ref-normalized-surname><xocs:ref-pub-year>1995</xocs:ref-pub-year><xocs:ref-first-fp>2711</xocs:ref-first-fp><xocs:ref-normalized-initial>M</xocs:ref-normalized-initial></xocs:ref-info><xocs:ref-info refid="h0050"><xocs:ref-normalized-surname>VAINSHTEIN</xocs:ref-normalized-surname><xocs:ref-pub-year>2011</xocs:ref-pub-year><xocs:ref-first-fp>125201</xocs:ref-first-fp><xocs:ref-normalized-initial>L</xocs:ref-normalized-initial></xocs:ref-info><xocs:ref-info refid="j0020"/><xocs:ref-info refid="h0055"><xocs:ref-normalized-surname>VORTLER</xocs:ref-normalized-surname><xocs:ref-pub-year>2011</xocs:ref-pub-year><xocs:ref-first-fp>085002</xocs:ref-first-fp><xocs:ref-normalized-initial>K</xocs:ref-normalized-initial></xocs:ref-info><xocs:ref-info refid="j0025"/><xocs:ref-info refid="j0030"/></xocs:references><xocs:attachment-metadata-doc><xocs:attachment-set-type>item</xocs:attachment-set-type><xocs:pii-formatted>S0022-3115(13)00116-5</xocs:pii-formatted><xocs:pii-unformatted>S0022311513001165</xocs:pii-unformatted><xocs:eid>1-s2.0-S0022311513001165</xocs:eid><xocs:doi>10.1016/j.jnucmat.2013.01.108</xocs:doi><xocs:cid>271598</xocs:cid><xocs:timestamp>2015-09-28T13:21:27.580001-04:00</xocs:timestamp><xocs:path>/271598/1-s2.0-S0022311513X00078/1-s2.0-S0022311513001165/</xocs:path><xocs:cover-date-start>2013-07-01</xocs:cover-date-start><xocs:cover-date-end>2013-07-31</xocs:cover-date-end><xocs:sponsored-access-type>UNLIMITED</xocs:sponsored-access-type><xocs:funding-body-id>FWF</xocs:funding-body-id><xocs:attachments><xocs:web-pdf><xocs:attachment-eid>1-s2.0-S0022311513001165-main.pdf</xocs:attachment-eid><xocs:filename>main.pdf</xocs:filename><xocs:extension>pdf</xocs:extension><xocs:pdf-optimized>true</xocs:pdf-optimized><xocs:filesize>478201</xocs:filesize><xocs:web-pdf-purpose>MAIN</xocs:web-pdf-purpose><xocs:web-pdf-page-count>4</xocs:web-pdf-page-count><xocs:web-pdf-images><xocs:web-pdf-image><xocs:attachment-eid>1-s2.0-S0022311513001165-main_1.png</xocs:attachment-eid><xocs:filename>main_1.png</xocs:filename><xocs:extension>png</xocs:extension><xocs:filesize>124413</xocs:filesize><xocs:pixel-height>849</xocs:pixel-height><xocs:pixel-width>656</xocs:pixel-width><xocs:attachment-type>IMAGE-WEB-PDF</xocs:attachment-type><xocs:pdf-page-num>1</xocs:pdf-page-num></xocs:web-pdf-image></xocs:web-pdf-images></xocs:web-pdf><xocs:attachment><xocs:attachment-eid>1-s2.0-S0022311513001165-si9.gif</xocs:attachment-eid><xocs:file-basename>si9</xocs:file-basename><xocs:filename>si9.gif</xocs:filename><xocs:extension>gif</xocs:extension><xocs:filesize>518</xocs:filesize><xocs:pixel-height>16</xocs:pixel-height><xocs:pixel-width>92</xocs:pixel-width><xocs:attachment-type>ALTIMG</xocs:attachment-type></xocs:attachment><xocs:attachment><xocs:attachment-eid>1-s2.0-S0022311513001165-si8.gif</xocs:attachment-eid><xocs:file-basename>si8</xocs:file-basename><xocs:filename>si8.gif</xocs:filename><xocs:extension>gif</xocs:extension><xocs:filesize>721</xocs:filesize><xocs:pixel-height>36</xocs:pixel-height><xocs:pixel-width>123</xocs:pixel-width><xocs:attachment-type>ALTIMG</xocs:attachment-type></xocs:attachment><xocs:attachment><xocs:attachment-eid>1-s2.0-S0022311513001165-si7.gif</xocs:attachment-eid><xocs:file-basename>si7</xocs:file-basename><xocs:filename>si7.gif</xocs:filename><xocs:extension>gif</xocs:extension><xocs:filesize>457</xocs:filesize><xocs:pixel-height>17</xocs:pixel-height><xocs:pixel-width>91</xocs:pixel-width><xocs:attachment-type>ALTIMG</xocs:attachment-type></xocs:attachment><xocs:attachment><xocs:attachment-eid>1-s2.0-S0022311513001165-si6.gif</xocs:attachment-eid><xocs:file-basename>si6</xocs:file-basename><xocs:filename>si6.gif</xocs:filename><xocs:extension>gif</xocs:extension><xocs:filesize>2560</xocs:filesize><xocs:pixel-height>89</xocs:pixel-height><xocs:pixel-width>407</xocs:pixel-width><xocs:attachment-type>ALTIMG</xocs:attachment-type></xocs:attachment><xocs:attachment><xocs:attachment-eid>1-s2.0-S0022311513001165-si5.gif</xocs:attachment-eid><xocs:file-basename>si5</xocs:file-basename><xocs:filename>si5.gif</xocs:filename><xocs:extension>gif</xocs:extension><xocs:filesize>633</xocs:filesize><xocs:pixel-height>20</xocs:pixel-height><xocs:pixel-width>124</xocs:pixel-width><xocs:attachment-type>ALTIMG</xocs:attachment-type></xocs:attachment><xocs:attachment><xocs:attachment-eid>1-s2.0-S0022311513001165-si4.gif</xocs:attachment-eid><xocs:file-basename>si4</xocs:file-basename><xocs:filename>si4.gif</xocs:filename><xocs:extension>gif</xocs:extension><xocs:filesize>262</xocs:filesize><xocs:pixel-height>13</xocs:pixel-height><xocs:pixel-width>31</xocs:pixel-width><xocs:attachment-type>ALTIMG</xocs:attachment-type></xocs:attachment><xocs:attachment><xocs:attachment-eid>1-s2.0-S0022311513001165-si3.gif</xocs:attachment-eid><xocs:file-basename>si3</xocs:file-basename><xocs:filename>si3.gif</xocs:filename><xocs:extension>gif</xocs:extension><xocs:filesize>1833</xocs:filesize><xocs:pixel-height>35</xocs:pixel-height><xocs:pixel-width>353</xocs:pixel-width><xocs:attachment-type>ALTIMG</xocs:attachment-type></xocs:attachment><xocs:attachment><xocs:attachment-eid>1-s2.0-S0022311513001165-si29.gif</xocs:attachment-eid><xocs:file-basename>si29</xocs:file-basename><xocs:filename>si29.gif</xocs:filename><xocs:extension>gif</xocs:extension><xocs:filesize>771</xocs:filesize><xocs:pixel-height>21</xocs:pixel-height><xocs:pixel-width>139</xocs:pixel-width><xocs:attachment-type>ALTIMG</xocs:attachment-type></xocs:attachment><xocs:attachment><xocs:attachment-eid>1-s2.0-S0022311513001165-si28.gif</xocs:attachment-eid><xocs:file-basename>si28</xocs:file-basename><xocs:filename>si28.gif</xocs:filename><xocs:extension>gif</xocs:extension><xocs:filesize>672</xocs:filesize><xocs:pixel-height>21</xocs:pixel-height><xocs:pixel-width>115</xocs:pixel-width><xocs:attachment-type>ALTIMG</xocs:attachment-type></xocs:attachment><xocs:attachment><xocs:attachment-eid>1-s2.0-S0022311513001165-si27.gif</xocs:attachment-eid><xocs:file-basename>si27</xocs:file-basename><xocs:filename>si27.gif</xocs:filename><xocs:extension>gif</xocs:extension><xocs:filesize>339</xocs:filesize><xocs:pixel-height>16</xocs:pixel-height><xocs:pixel-width>42</xocs:pixel-width><xocs:attachment-type>ALTIMG</xocs:attachment-type></xocs:attachment><xocs:attachment><xocs:attachment-eid>1-s2.0-S0022311513001165-si26.gif</xocs:attachment-eid><xocs:file-basename>si26</xocs:file-basename><xocs:filename>si26.gif</xocs:filename><xocs:extension>gif</xocs:extension><xocs:filesize>490</xocs:filesize><xocs:pixel-height>17</xocs:pixel-height><xocs:pixel-width>94</xocs:pixel-width><xocs:attachment-type>ALTIMG</xocs:attachment-type></xocs:attachment><xocs:attachment><xocs:attachment-eid>1-s2.0-S0022311513001165-si25.gif</xocs:attachment-eid><xocs:file-basename>si25</xocs:file-basename><xocs:filename>si25.gif</xocs:filename><xocs:extension>gif</xocs:extension><xocs:filesize>427</xocs:filesize><xocs:pixel-height>20</xocs:pixel-height><xocs:pixel-width>52</xocs:pixel-width><xocs:attachment-type>ALTIMG</xocs:attachment-type></xocs:attachment><xocs:attachment><xocs:attachment-eid>1-s2.0-S0022311513001165-si24.gif</xocs:attachment-eid><xocs:file-basename>si24</xocs:file-basename><xocs:filename>si24.gif</xocs:filename><xocs:extension>gif</xocs:extension><xocs:filesize>322</xocs:filesize><xocs:pixel-height>21</xocs:pixel-height><xocs:pixel-width>29</xocs:pixel-width><xocs:attachment-type>ALTIMG</xocs:attachment-type></xocs:attachment><xocs:attachment><xocs:attachment-eid>1-s2.0-S0022311513001165-si23.gif</xocs:attachment-eid><xocs:file-basename>si23</xocs:file-basename><xocs:filename>si23.gif</xocs:filename><xocs:extension>gif</xocs:extension><xocs:filesize>299</xocs:filesize><xocs:pixel-height>20</xocs:pixel-height><xocs:pixel-width>25</xocs:pixel-width><xocs:attachment-type>ALTIMG</xocs:attachment-type></xocs:attachment><xocs:attachment><xocs:attachment-eid>1-s2.0-S0022311513001165-si22.gif</xocs:attachment-eid><xocs:file-basename>si22</xocs:file-basename><xocs:filename>si22.gif</xocs:filename><xocs:extension>gif</xocs:extension><xocs:filesize>516</xocs:filesize><xocs:pixel-height>18</xocs:pixel-height><xocs:pixel-width>110</xocs:pixel-width><xocs:attachment-type>ALTIMG</xocs:attachment-type></xocs:attachment><xocs:attachment><xocs:attachment-eid>1-s2.0-S0022311513001165-si21.gif</xocs:attachment-eid><xocs:file-basename>si21</xocs:file-basename><xocs:filename>si21.gif</xocs:filename><xocs:extension>gif</xocs:extension><xocs:filesize>402</xocs:filesize><xocs:pixel-height>17</xocs:pixel-height><xocs:pixel-width>73</xocs:pixel-width><xocs:attachment-type>ALTIMG</xocs:attachment-type></xocs:attachment><xocs:attachment><xocs:attachment-eid>1-s2.0-S0022311513001165-si20.gif</xocs:attachment-eid><xocs:file-basename>si20</xocs:file-basename><xocs:filename>si20.gif</xocs:filename><xocs:extension>gif</xocs:extension><xocs:filesize>502</xocs:filesize><xocs:pixel-height>18</xocs:pixel-height><xocs:pixel-width>102</xocs:pixel-width><xocs:attachment-type>ALTIMG</xocs:attachment-type></xocs:attachment><xocs:attachment><xocs:attachment-eid>1-s2.0-S0022311513001165-si2.gif</xocs:attachment-eid><xocs:file-basename>si2</xocs:file-basename><xocs:filename>si2.gif</xocs:filename><xocs:extension>gif</xocs:extension><xocs:filesize>356</xocs:filesize><xocs:pixel-height>17</xocs:pixel-height><xocs:pixel-width>51</xocs:pixel-width><xocs:attachment-type>ALTIMG</xocs:attachment-type></xocs:attachment><xocs:attachment><xocs:attachment-eid>1-s2.0-S0022311513001165-si19.gif</xocs:attachment-eid><xocs:file-basename>si19</xocs:file-basename><xocs:filename>si19.gif</xocs:filename><xocs:extension>gif</xocs:extension><xocs:filesize>427</xocs:filesize><xocs:pixel-height>20</xocs:pixel-height><xocs:pixel-width>52</xocs:pixel-width><xocs:attachment-type>ALTIMG</xocs:attachment-type></xocs:attachment><xocs:attachment><xocs:attachment-eid>1-s2.0-S0022311513001165-si18.gif</xocs:attachment-eid><xocs:file-basename>si18</xocs:file-basename><xocs:filename>si18.gif</xocs:filename><xocs:extension>gif</xocs:extension><xocs:filesize>516</xocs:filesize><xocs:pixel-height>18</xocs:pixel-height><xocs:pixel-width>110</xocs:pixel-width><xocs:attachment-type>ALTIMG</xocs:attachment-type></xocs:attachment><xocs:attachment><xocs:attachment-eid>1-s2.0-S0022311513001165-si17.gif</xocs:attachment-eid><xocs:file-basename>si17</xocs:file-basename><xocs:filename>si17.gif</xocs:filename><xocs:extension>gif</xocs:extension><xocs:filesize>986</xocs:filesize><xocs:pixel-height>46</xocs:pixel-height><xocs:pixel-width>125</xocs:pixel-width><xocs:attachment-type>ALTIMG</xocs:attachment-type></xocs:attachment><xocs:attachment><xocs:attachment-eid>1-s2.0-S0022311513001165-si16.gif</xocs:attachment-eid><xocs:file-basename>si16</xocs:file-basename><xocs:filename>si16.gif</xocs:filename><xocs:extension>gif</xocs:extension><xocs:filesize>476</xocs:filesize><xocs:pixel-height>18</xocs:pixel-height><xocs:pixel-width>86</xocs:pixel-width><xocs:attachment-type>ALTIMG</xocs:attachment-type></xocs:attachment><xocs:attachment><xocs:attachment-eid>1-s2.0-S0022311513001165-si15.gif</xocs:attachment-eid><xocs:file-basename>si15</xocs:file-basename><xocs:filename>si15.gif</xocs:filename><xocs:extension>gif</xocs:extension><xocs:filesize>485</xocs:filesize><xocs:pixel-height>18</xocs:pixel-height><xocs:pixel-width>86</xocs:pixel-width><xocs:attachment-type>ALTIMG</xocs:attachment-type></xocs:attachment><xocs:attachment><xocs:attachment-eid>1-s2.0-S0022311513001165-si14.gif</xocs:attachment-eid><xocs:file-basename>si14</xocs:file-basename><xocs:filename>si14.gif</xocs:filename><xocs:extension>gif</xocs:extension><xocs:filesize>564</xocs:filesize><xocs:pixel-height>17</xocs:pixel-height><xocs:pixel-width>116</xocs:pixel-width><xocs:attachment-type>ALTIMG</xocs:attachment-type></xocs:attachment><xocs:attachment><xocs:attachment-eid>1-s2.0-S0022311513001165-si13.gif</xocs:attachment-eid><xocs:file-basename>si13</xocs:file-basename><xocs:filename>si13.gif</xocs:filename><xocs:extension>gif</xocs:extension><xocs:filesize>706</xocs:filesize><xocs:pixel-height>18</xocs:pixel-height><xocs:pixel-width>170</xocs:pixel-width><xocs:attachment-type>ALTIMG</xocs:attachment-type></xocs:attachment><xocs:attachment><xocs:attachment-eid>1-s2.0-S0022311513001165-si12.gif</xocs:attachment-eid><xocs:file-basename>si12</xocs:file-basename><xocs:filename>si12.gif</xocs:filename><xocs:extension>gif</xocs:extension><xocs:filesize>1016</xocs:filesize><xocs:pixel-height>19</xocs:pixel-height><xocs:pixel-width>188</xocs:pixel-width><xocs:attachment-type>ALTIMG</xocs:attachment-type></xocs:attachment><xocs:attachment><xocs:attachment-eid>1-s2.0-S0022311513001165-si11.gif</xocs:attachment-eid><xocs:file-basename>si11</xocs:file-basename><xocs:filename>si11.gif</xocs:filename><xocs:extension>gif</xocs:extension><xocs:filesize>1730</xocs:filesize><xocs:pixel-height>43</xocs:pixel-height><xocs:pixel-width>309</xocs:pixel-width><xocs:attachment-type>ALTIMG</xocs:attachment-type></xocs:attachment><xocs:attachment><xocs:attachment-eid>1-s2.0-S0022311513001165-si10.gif</xocs:attachment-eid><xocs:file-basename>si10</xocs:file-basename><xocs:filename>si10.gif</xocs:filename><xocs:extension>gif</xocs:extension><xocs:filesize>1875</xocs:filesize><xocs:pixel-height>47</xocs:pixel-height><xocs:pixel-width>331</xocs:pixel-width><xocs:attachment-type>ALTIMG</xocs:attachment-type></xocs:attachment><xocs:attachment><xocs:attachment-eid>1-s2.0-S0022311513001165-si1.gif</xocs:attachment-eid><xocs:file-basename>si1</xocs:file-basename><xocs:filename>si1.gif</xocs:filename><xocs:extension>gif</xocs:extension><xocs:filesize>369</xocs:filesize><xocs:pixel-height>17</xocs:pixel-height><xocs:pixel-width>58</xocs:pixel-width><xocs:attachment-type>ALTIMG</xocs:attachment-type></xocs:attachment><xocs:attachment><xocs:attachment-eid>1-s2.0-S0022311513001165-gr6.jpg</xocs:attachment-eid><xocs:file-basename>gr6</xocs:file-basename><xocs:filename>gr6.jpg</xocs:filename><xocs:extension>jpg</xocs:extension><xocs:filesize>14815</xocs:filesize><xocs:pixel-height>277</xocs:pixel-height><xocs:pixel-width>341</xocs:pixel-width><xocs:attachment-type>IMAGE-DOWNSAMPLED</xocs:attachment-type></xocs:attachment><xocs:attachment><xocs:attachment-eid>1-s2.0-S0022311513001165-gr5.jpg</xocs:attachment-eid><xocs:file-basename>gr5</xocs:file-basename><xocs:filename>gr5.jpg</xocs:filename><xocs:extension>jpg</xocs:extension><xocs:filesize>24799</xocs:filesize><xocs:pixel-height>248</xocs:pixel-height><xocs:pixel-width>557</xocs:pixel-width><xocs:attachment-type>IMAGE-DOWNSAMPLED</xocs:attachment-type></xocs:attachment><xocs:attachment><xocs:attachment-eid>1-s2.0-S0022311513001165-gr4.jpg</xocs:attachment-eid><xocs:file-basename>gr4</xocs:file-basename><xocs:filename>gr4.jpg</xocs:filename><xocs:extension>jpg</xocs:extension><xocs:filesize>23505</xocs:filesize><xocs:pixel-height>236</xocs:pixel-height><xocs:pixel-width>531</xocs:pixel-width><xocs:attachment-type>IMAGE-DOWNSAMPLED</xocs:attachment-type></xocs:attachment><xocs:attachment><xocs:attachment-eid>1-s2.0-S0022311513001165-gr3.jpg</xocs:attachment-eid><xocs:file-basename>gr3</xocs:file-basename><xocs:filename>gr3.jpg</xocs:filename><xocs:extension>jpg</xocs:extension><xocs:filesize>29357</xocs:filesize><xocs:pixel-height>233</xocs:pixel-height><xocs:pixel-width>557</xocs:pixel-width><xocs:attachment-type>IMAGE-DOWNSAMPLED</xocs:attachment-type></xocs:attachment><xocs:attachment><xocs:attachment-eid>1-s2.0-S0022311513001165-gr2.jpg</xocs:attachment-eid><xocs:file-basename>gr2</xocs:file-basename><xocs:filename>gr2.jpg</xocs:filename><xocs:extension>jpg</xocs:extension><xocs:filesize>16656</xocs:filesize><xocs:pixel-height>85</xocs:pixel-height><xocs:pixel-width>311</xocs:pixel-width><xocs:attachment-type>IMAGE-DOWNSAMPLED</xocs:attachment-type></xocs:attachment><xocs:attachment><xocs:attachment-eid>1-s2.0-S0022311513001165-gr1.jpg</xocs:attachment-eid><xocs:file-basename>gr1</xocs:file-basename><xocs:filename>gr1.jpg</xocs:filename><xocs:extension>jpg</xocs:extension><xocs:filesize>16218</xocs:filesize><xocs:pixel-height>282</xocs:pixel-height><xocs:pixel-width>353</xocs:pixel-width><xocs:attachment-type>IMAGE-DOWNSAMPLED</xocs:attachment-type></xocs:attachment><xocs:attachment><xocs:attachment-eid>1-s2.0-S0022311513001165-gr6.sml</xocs:attachment-eid><xocs:file-basename>gr6</xocs:file-basename><xocs:filename>gr6.sml</xocs:filename><xocs:extension>sml</xocs:extension><xocs:filesize>4804</xocs:filesize><xocs:pixel-height>164</xocs:pixel-height><xocs:pixel-width>202</xocs:pixel-width><xocs:attachment-type>IMAGE-THUMBNAIL</xocs:attachment-type></xocs:attachment><xocs:attachment><xocs:attachment-eid>1-s2.0-S0022311513001165-gr5.sml</xocs:attachment-eid><xocs:file-basename>gr5</xocs:file-basename><xocs:filename>gr5.sml</xocs:filename><xocs:extension>sml</xocs:extension><xocs:filesize>4505</xocs:filesize><xocs:pixel-height>98</xocs:pixel-height><xocs:pixel-width>219</xocs:pixel-width><xocs:attachment-type>IMAGE-THUMBNAIL</xocs:attachment-type></xocs:attachment><xocs:attachment><xocs:attachment-eid>1-s2.0-S0022311513001165-gr4.sml</xocs:attachment-eid><xocs:file-basename>gr4</xocs:file-basename><xocs:filename>gr4.sml</xocs:filename><xocs:extension>sml</xocs:extension><xocs:filesize>4075</xocs:filesize><xocs:pixel-height>97</xocs:pixel-height><xocs:pixel-width>219</xocs:pixel-width><xocs:attachment-type>IMAGE-THUMBNAIL</xocs:attachment-type></xocs:attachment><xocs:attachment><xocs:attachment-eid>1-s2.0-S0022311513001165-gr3.sml</xocs:attachment-eid><xocs:file-basename>gr3</xocs:file-basename><xocs:filename>gr3.sml</xocs:filename><xocs:extension>sml</xocs:extension><xocs:filesize>5065</xocs:filesize><xocs:pixel-height>92</xocs:pixel-height><xocs:pixel-width>219</xocs:pixel-width><xocs:attachment-type>IMAGE-THUMBNAIL</xocs:attachment-type></xocs:attachment><xocs:attachment><xocs:attachment-eid>1-s2.0-S0022311513001165-gr2.sml</xocs:attachment-eid><xocs:file-basename>gr2</xocs:file-basename><xocs:filename>gr2.sml</xocs:filename><xocs:extension>sml</xocs:extension><xocs:filesize>10187</xocs:filesize><xocs:pixel-height>60</xocs:pixel-height><xocs:pixel-width>219</xocs:pixel-width><xocs:attachment-type>IMAGE-THUMBNAIL</xocs:attachment-type></xocs:attachment><xocs:attachment><xocs:attachment-eid>1-s2.0-S0022311513001165-gr1.sml</xocs:attachment-eid><xocs:file-basename>gr1</xocs:file-basename><xocs:filename>gr1.sml</xocs:filename><xocs:extension>sml</xocs:extension><xocs:filesize>5235</xocs:filesize><xocs:pixel-height>164</xocs:pixel-height><xocs:pixel-width>205</xocs:pixel-width><xocs:attachment-type>IMAGE-THUMBNAIL</xocs:attachment-type></xocs:attachment></xocs:attachments></xocs:attachment-metadata-doc><xocs:refkeys><xocs:refkey3>TSKHAKAYAX2013XS522</xocs:refkey3><xocs:refkey4lp>TSKHAKAYAX2013XS522XS525</xocs:refkey4lp><xocs:refkey4ai>TSKHAKAYAX2013XS522XD</xocs:refkey4ai><xocs:refkey5>TSKHAKAYAX2013XS522XS525XD</xocs:refkey5></xocs:refkeys><xocs:open-access><xocs:oa-article-status is-open-access="1" is-open-archive="0">Full</xocs:oa-article-status><xocs:oa-access-effective-date>2013-07-16T19:39:40Z</xocs:oa-access-effective-date><xocs:oa-sponsor><xocs:oa-sponsor-type>FundingBody</xocs:oa-sponsor-type><xocs:oa-sponsor-name>Austrian Science Fund (FWF)</xocs:oa-sponsor-name></xocs:oa-sponsor><xocs:oa-user-license>http://creativecommons.org/licenses/by/4.0/</xocs:oa-user-license></xocs:open-access></xocs:meta><xocs:serial-item><article docsubtype="fla" xml:lang="en" version="5.1"><item-info><jid>NUMA</jid><aid>46939</aid><ce:pii>S0022-3115(13)00116-5</ce:pii><ce:doi>10.1016/j.jnucmat.2013.01.108</ce:doi><ce:copyright type="other" year="2013">Euratom</ce:copyright></item-info><ce:floats><ce:figure id="f0005"><ce:label>Fig. 1</ce:label><ce:caption><ce:simple-para id="sp0010" view="all">Potential oscillation spectrum at the magnetic presheath entrance in the outer divertor plasma.</ce:simple-para></ce:caption><ce:link locator="gr1"/></ce:figure><ce:figure id="f0010"><ce:label>Fig. 2</ce:label><ce:caption><ce:simple-para id="sp0015" view="all">PIC simulation geometry.</ce:simple-para></ce:caption><ce:link locator="gr2"/></ce:figure><ce:figure id="f0015"><ce:label>Fig. 3</ce:label><ce:caption><ce:simple-para id="sp0020" view="all">Single (a) and double (b) electron-impact ionization cross-sections for tungsten implemented in the BIT1 code. Numbers indicate initial ionization state.</ce:simple-para></ce:caption><ce:link locator="gr3"/></ce:figure><ce:figure id="f0020"><ce:label>Fig. 4</ce:label><ce:caption><ce:simple-para id="sp0025" view="all">W-sputtering yield for normal impact of different particles. (a) W self-sputtering yield from different sources; (b) yields implemented in the BIT1 code.</ce:simple-para></ce:caption><ce:link locator="gr4"/></ce:figure><ce:figure id="f0025"><ce:label>Fig. 5</ce:label><ce:caption><ce:simple-para id="sp0030" view="all">Poloidal profiles of the density (a) and the temperature (b) in the SOL for the case 1.</ce:simple-para></ce:caption><ce:link locator="gr5"/></ce:figure><ce:figure id="f0030"><ce:label>Fig. 6</ce:label><ce:caption><ce:simple-para id="sp0035" view="all">Poloidal profiles of <mml:math altimg="si23.gif" overflow="scroll"><mml:mrow><mml:msubsup><mml:mrow><mml:mi>Z</mml:mi></mml:mrow><mml:mrow><mml:mtext>eff</mml:mtext></mml:mrow><mml:mrow><mml:mi>W</mml:mi></mml:mrow></mml:msubsup></mml:mrow></mml:math>. The numbers “1”, “2” and “3” denote the simulated case.</ce:simple-para></ce:caption><ce:link locator="gr6"/></ce:figure><ce:table frame="topbot" id="t0005" rowsep="0" colsep="0" xmlns="http://www.elsevier.com/xml/common/cals/dtd"><ce:label>Table 1</ce:label><ce:caption><ce:simple-para id="sp0040" view="all">Plasma parameters at the divertors. First and second values correspond to the inner and outer divertors, respectively. <mml:math altimg="si24.gif" overflow="scroll"><mml:mrow><mml:msubsup><mml:mrow><mml:mi>F</mml:mi></mml:mrow><mml:mrow><mml:mtext>W</mml:mtext></mml:mrow><mml:mrow><mml:mtext>div</mml:mtext></mml:mrow></mml:msubsup></mml:mrow></mml:math> and Δ<ce:italic>φ</ce:italic> denote the W ion flux density to the divertor plates and the potential drop across the divertor plasma. <mml:math altimg="si25.gif" overflow="scroll"><mml:mrow><mml:msubsup><mml:mrow><mml:mi>F</mml:mi></mml:mrow><mml:mrow><mml:mtext>W</mml:mtext></mml:mrow><mml:mrow><mml:mtext>upstrem</mml:mtext></mml:mrow></mml:msubsup></mml:mrow></mml:math> denotes the sum of following W fluxes: the flux towards the upstream SOL and outflow at the radial boundaries due to W-atom radial transport and anomalous W-ion diffusion.</ce:simple-para></ce:caption><tgroup cols="4"><colspec colname="col1" align="left"/><colspec colname="col2" align="left"/><colspec colname="col3" align="left"/><colspec colname="col4" align="left"/><thead><row rowsep="1" valign="top"><entry xmlns="http://www.elsevier.com/xml/common/dtd">Case/value</entry><entry xmlns="http://www.elsevier.com/xml/common/dtd">1</entry><entry xmlns="http://www.elsevier.com/xml/common/dtd">2</entry><entry xmlns="http://www.elsevier.com/xml/common/dtd">3</entry></row></thead><tbody><row valign="top"><entry xmlns="http://www.elsevier.com/xml/common/dtd"><mml:math altimg="si26.gif" overflow="scroll"><mml:mrow><mml:msub><mml:mrow><mml:mi>n</mml:mi></mml:mrow><mml:mrow><mml:mi>e</mml:mi></mml:mrow></mml:msub><mml:mo>×</mml:mo><mml:msup><mml:mrow><mml:mn>10</mml:mn></mml:mrow><mml:mrow><mml:mn>19</mml:mn></mml:mrow></mml:msup><mml:mspace width="0.25em"/><mml:msup><mml:mrow><mml:mtext>m</mml:mtext></mml:mrow><mml:mrow><mml:mo>-</mml:mo><mml:mn>3</mml:mn></mml:mrow></mml:msup></mml:mrow></mml:math></entry><entry xmlns="http://www.elsevier.com/xml/common/dtd">4.5, 3.3</entry><entry xmlns="http://www.elsevier.com/xml/common/dtd">3.4, 3.5</entry><entry xmlns="http://www.elsevier.com/xml/common/dtd">3.2, 2.9</entry></row><row valign="top"><entry xmlns="http://www.elsevier.com/xml/common/dtd"><italic>T</italic><inf loc="post">e</inf> eV</entry><entry xmlns="http://www.elsevier.com/xml/common/dtd">37, 53</entry><entry xmlns="http://www.elsevier.com/xml/common/dtd">20, 38</entry><entry xmlns="http://www.elsevier.com/xml/common/dtd">47, 58,</entry></row><row valign="top"><entry xmlns="http://www.elsevier.com/xml/common/dtd"><mml:math altimg="si27.gif" overflow="scroll"><mml:mrow><mml:mi mathvariant="normal">Δ</mml:mi><mml:mi>φ</mml:mi><mml:mspace width="0.25em"/><mml:mtext>V</mml:mtext></mml:mrow></mml:math></entry><entry xmlns="http://www.elsevier.com/xml/common/dtd">145, 176</entry><entry xmlns="http://www.elsevier.com/xml/common/dtd">88, 132</entry><entry xmlns="http://www.elsevier.com/xml/common/dtd">175, 188</entry></row><row valign="top"><entry xmlns="http://www.elsevier.com/xml/common/dtd"><mml:math altimg="si28.gif" overflow="scroll"><mml:mrow><mml:msubsup><mml:mrow><mml:mi>F</mml:mi></mml:mrow><mml:mrow><mml:mtext>W</mml:mtext></mml:mrow><mml:mrow><mml:mtext>div</mml:mtext></mml:mrow></mml:msubsup><mml:mo>×</mml:mo><mml:msup><mml:mrow><mml:mn>10</mml:mn></mml:mrow><mml:mrow><mml:mn>20</mml:mn></mml:mrow></mml:msup><mml:mspace width="0.25em"/><mml:msup><mml:mrow><mml:mtext>m</mml:mtext></mml:mrow><mml:mrow><mml:mn>2</mml:mn></mml:mrow></mml:msup><mml:mo>/</mml:mo><mml:mtext>s</mml:mtext></mml:mrow></mml:math></entry><entry xmlns="http://www.elsevier.com/xml/common/dtd">5.9, 3.5</entry><entry xmlns="http://www.elsevier.com/xml/common/dtd">5.1, 3.1</entry><entry xmlns="http://www.elsevier.com/xml/common/dtd">3.3, 3.8</entry></row><row valign="top"><entry xmlns="http://www.elsevier.com/xml/common/dtd"><mml:math altimg="si29.gif" overflow="scroll"><mml:mrow><mml:msubsup><mml:mrow><mml:mi>F</mml:mi></mml:mrow><mml:mrow><mml:mtext>W</mml:mtext></mml:mrow><mml:mrow><mml:mtext>upstrem</mml:mtext></mml:mrow></mml:msubsup><mml:mo>×</mml:mo><mml:msup><mml:mrow><mml:mn>10</mml:mn></mml:mrow><mml:mrow><mml:mn>18</mml:mn></mml:mrow></mml:msup><mml:mspace width="0.25em"/><mml:msup><mml:mrow><mml:mtext>m</mml:mtext></mml:mrow><mml:mrow><mml:mn>2</mml:mn></mml:mrow></mml:msup><mml:mo>/</mml:mo><mml:mtext>s</mml:mtext></mml:mrow></mml:math></entry><entry xmlns="http://www.elsevier.com/xml/common/dtd">6.6, 5.3</entry><entry xmlns="http://www.elsevier.com/xml/common/dtd">7.5, 3.6</entry><entry xmlns="http://www.elsevier.com/xml/common/dtd">4.6, 5.9</entry></row></tbody></tgroup></ce:table></ce:floats><head><ce:title>1D kinetic modelling of the JET SOL with tungsten divertor plates</ce:title><ce:author-group><ce:author><ce:given-name>D.</ce:given-name><ce:surname>Tskhakaya</ce:surname><ce:cross-ref refid="aff2"><ce:sup loc="post">b</ce:sup></ce:cross-ref><ce:cross-ref refid="cor1"><ce:sup loc="post">⁎</ce:sup></ce:cross-ref><ce:cross-ref refid="fn1"><ce:sup loc="post">1</ce:sup></ce:cross-ref><ce:e-address type="email">david.tskhakaya@uibk.ac.at</ce:e-address></ce:author><ce:author><ce:given-name>M.</ce:given-name><ce:surname>Groth</ce:surname><ce:cross-ref refid="aff3"><ce:sup loc="post">c</ce:sup></ce:cross-ref></ce:author><ce:collaboration><ce:text>JET EFDA contributors</ce:text><ce:cross-ref refid="aff1"><ce:sup loc="post">a</ce:sup></ce:cross-ref><ce:cross-ref refid="fn2"><ce:sup loc="post">2</ce:sup></ce:cross-ref></ce:collaboration><ce:affiliation id="aff1"><ce:label>a</ce:label><ce:textfn>JET-EFDA, Culham Science Centre, OX14 3DB Abingdon, UK</ce:textfn></ce:affiliation><ce:affiliation id="aff2"><ce:label>b</ce:label><ce:textfn>Association EURATOM-ÖAW, University of Innsbruck, Technikerstrasse 25/II, A-6020 Innsbruck, Austria</ce:textfn></ce:affiliation><ce:affiliation id="aff3"><ce:label>c</ce:label><ce:textfn>Aalto University, Association EURATOM-Tekes, Otakaari 4, 02015 Espoo, Finland</ce:textfn></ce:affiliation><ce:correspondence id="cor1"><ce:label>⁎</ce:label><ce:text>Corresponding author. Address: Andronikashvili Institute of Physics, 0177 Tbilisi, Georgia.</ce:text></ce:correspondence><ce:footnote id="fn1"><ce:label>1</ce:label><ce:note-para>Presenting author.</ce:note-para></ce:footnote><ce:footnote id="fn2"><ce:label>2</ce:label><ce:note-para>See the Appendix of F. Romanelli et al., Proceedings of the 23rd IAEA Fusion Energy Conference 2010, Daejeon, Korea.</ce:note-para></ce:footnote></ce:author-group><ce:abstract class="author" xml:lang="en"><ce:section-title>Abstract</ce:section-title><ce:abstract-sec><ce:simple-para id="sp0005" view="all">In this work a fully kinetic model of the JET SOL with tungsten divertor plates has been developed. It includes the dynamics of main-ions (D<ce:sup loc="post">+</ce:sup>) and electrons, the neutrals (D, C, W) and the impurity particles (C<ce:sup loc="post">+m</ce:sup>, W<ce:sup loc="post">+n</ce:sup>). Our simulations show extremely low concentration of W impurity. We identify two reasons which are responsible for this effect: (1) for low temperature divertor plasma the energy of most of the main-ions and the impurities in a low-ionization state impinging the divertor plates is below the W-sputtering threshold energy; (2) with increasing temperature the W-sputtering increases, but the potential drop across the divertor plasma increases too, so that most of the W ions are reabsorbed at the divertors.</ce:simple-para></ce:abstract-sec></ce:abstract></head><body view="all"><ce:sections><ce:section id="s0005" view="all"><ce:label>1</ce:label><ce:section-title>Introduction</ce:section-title><ce:para id="p0005" view="all">Tungsten is becoming a common divertor material for our day and future tokamaks. As a result, the development of the corresponding SOL models has become one of most important topics in fusion plasma research. In the present work we model tungsten generation and transport along the field lines in the JET SOL using fully kinetic approach: the plasma (e, D<ce:sup loc="post">+</ce:sup>), the neutral (D, C, W) and the impurity (W<ce:sup loc="post">n+</ce:sup>, C<ce:sup loc="post">m+</ce:sup>) particles are treated kinetically.</ce:para><ce:para id="p0010" view="all">The simulations of this type are extremely CPU-intensive. There are several reasons for using such modeling. It has been demonstrated that kinetic effects can dominate in the high recycling plasma even if there are only common impurities like carbon (see <ce:cross-refs refid="b0005 b0010 b0015 b0020 b0085">[1–5]</ce:cross-refs> and references there). Introduction of massive high-z impurities complicates the problem, so that the kinetic effects can become essential. Here we mention two additional effects.</ce:para><ce:para id="p0015" view="all">First of all, massive high-z impurities (like tungsten) cannot be treated as trace impurities. E.g. the friction force between different ionized states of W, <mml:math altimg="si1.gif" overflow="scroll"><mml:mrow><mml:msub><mml:mrow><mml:mi>R</mml:mi></mml:mrow><mml:mrow><mml:msup><mml:mrow><mml:mtext>W</mml:mtext></mml:mrow><mml:mrow><mml:mo>+</mml:mo><mml:mtext>k</mml:mtext></mml:mrow></mml:msup><mml:msup><mml:mrow><mml:mtext>W</mml:mtext></mml:mrow><mml:mrow><mml:mo>+</mml:mo><mml:mtext>n</mml:mtext></mml:mrow></mml:msup></mml:mrow></mml:msub></mml:mrow></mml:math>, can be of the same order as the friction force between W and main D ions, <mml:math altimg="si2.gif" overflow="scroll"><mml:mrow><mml:msub><mml:mrow><mml:mi>R</mml:mi></mml:mrow><mml:mrow><mml:msup><mml:mrow><mml:mtext>W</mml:mtext></mml:mrow><mml:mrow><mml:mo>+</mml:mo><mml:mtext>k</mml:mtext></mml:mrow></mml:msup><mml:msup><mml:mrow><mml:mtext>D</mml:mtext></mml:mrow><mml:mrow><mml:mo>+</mml:mo></mml:mrow></mml:msup></mml:mrow></mml:msub></mml:mrow></mml:math>, <ce:cross-ref refid="b0030">[6]</ce:cross-ref>:<ce:display><ce:formula id="e0005"><ce:label>(1)</ce:label><mml:math altimg="si3.gif" overflow="scroll"><mml:mstyle displaystyle="true"><mml:munder><mml:mrow><mml:mo>∑</mml:mo></mml:mrow><mml:mrow><mml:mi>n</mml:mi><mml:mo>≠</mml:mo><mml:mi>k</mml:mi></mml:mrow></mml:munder></mml:mstyle><mml:msub><mml:mrow><mml:mi>R</mml:mi></mml:mrow><mml:mrow><mml:msup><mml:mrow><mml:mtext>W</mml:mtext></mml:mrow><mml:mrow><mml:mo>+</mml:mo><mml:mtext>k</mml:mtext></mml:mrow></mml:msup><mml:msup><mml:mrow><mml:mi>W</mml:mi></mml:mrow><mml:mrow><mml:mo>+</mml:mo><mml:mtext>n</mml:mtext></mml:mrow></mml:msup></mml:mrow></mml:msub><mml:mo>/</mml:mo><mml:msub><mml:mrow><mml:mi>R</mml:mi></mml:mrow><mml:mrow><mml:msup><mml:mrow><mml:mtext>W</mml:mtext></mml:mrow><mml:mrow><mml:mo>+</mml:mo><mml:mtext>k</mml:mtext></mml:mrow></mml:msup><mml:msup><mml:mrow><mml:mtext>D</mml:mtext></mml:mrow><mml:mrow><mml:mo>+</mml:mo></mml:mrow></mml:msup></mml:mrow></mml:msub><mml:mo>∼</mml:mo><mml:msqrt><mml:mrow><mml:msub><mml:mrow><mml:mi>M</mml:mi></mml:mrow><mml:mrow><mml:mtext>W</mml:mtext></mml:mrow></mml:msub><mml:mo>/</mml:mo><mml:msub><mml:mrow><mml:mi>M</mml:mi></mml:mrow><mml:mrow><mml:mtext>D</mml:mtext></mml:mrow></mml:msub></mml:mrow></mml:msqrt><mml:mo>≈</mml:mo><mml:mn>10</mml:mn><mml:mstyle displaystyle="true"><mml:munder><mml:mrow><mml:mo>∑</mml:mo></mml:mrow><mml:mrow><mml:mi>n</mml:mi><mml:mo>≠</mml:mo><mml:mi>k</mml:mi></mml:mrow></mml:munder></mml:mstyle><mml:msup><mml:mrow><mml:mi>n</mml:mi></mml:mrow><mml:mrow><mml:mn>2</mml:mn></mml:mrow></mml:msup><mml:msub><mml:mrow><mml:mi>c</mml:mi></mml:mrow><mml:mrow><mml:msup><mml:mrow><mml:mtext>W</mml:mtext></mml:mrow><mml:mrow><mml:mo>+</mml:mo><mml:mtext>n</mml:mtext></mml:mrow></mml:msup></mml:mrow></mml:msub><mml:mtext>,</mml:mtext></mml:math></ce:formula></ce:display>where <ce:italic>M</ce:italic><ce:inf loc="post">W,D</ce:inf> are particle masses and <mml:math altimg="si4.gif" overflow="scroll"><mml:mrow><mml:msub><mml:mrow><mml:mi>c</mml:mi></mml:mrow><mml:mrow><mml:msup><mml:mrow><mml:mtext>W</mml:mtext></mml:mrow><mml:mrow><mml:mo>+</mml:mo><mml:mtext>n</mml:mtext></mml:mrow></mml:msup></mml:mrow></mml:msub></mml:mrow></mml:math> is the W<ce:sup loc="post">+n</ce:sup> concentration. As we see, if <mml:math altimg="si5.gif" overflow="scroll"><mml:mrow><mml:msub><mml:mrow><mml:mo>∑</mml:mo></mml:mrow><mml:mrow><mml:mi>n</mml:mi><mml:mo>≠</mml:mo><mml:mi>k</mml:mi></mml:mrow></mml:msub><mml:msup><mml:mrow><mml:mi>n</mml:mi></mml:mrow><mml:mrow><mml:mn>2</mml:mn></mml:mrow></mml:msup><mml:msub><mml:mrow><mml:mi>c</mml:mi></mml:mrow><mml:mrow><mml:msup><mml:mrow><mml:mtext>W</mml:mtext></mml:mrow><mml:mrow><mml:mo>+</mml:mo><mml:mtext>n</mml:mtext></mml:mrow></mml:msup></mml:mrow></mml:msub><mml:mo>∼</mml:mo><mml:mn>0.1</mml:mn></mml:mrow></mml:math>, then the friction force between W ions cannot be neglected. We note that due to lower mass ratio this effect is practically negligible for light impurities.</ce:para><ce:para id="p0020" view="all">The second effect is related to the tungsten sputtering, which is strongly coupled with the divertor plasma parameters and extremely sensitive to the energy of ions impinging at the divertor plates. It is usually assumed that these ions are accelerated in a constant (in time) sheath potential drop ∼3<ce:italic>T</ce:italic><ce:inf loc="post">e</ce:inf>/<ce:italic>e</ce:italic> (<ce:italic>T</ce:italic><ce:inf loc="post">e</ce:inf> is the electron temperature). In reality the potential oscillates around this average value, which may accelerate resonant ions up to energies more than 3<ce:italic>T</ce:italic><ce:inf loc="post">e</ce:inf>. In <ce:cross-ref refid="f0005">Fig. 1</ce:cross-ref><ce:float-anchor refid="f0005"/> is plotted the oscillation spectrum of the potential at the magnetic presheath entrance in the outer divertor plasma (the divertor potential is set to zero). The maximum at low frequency is near to C<ce:sup loc="post">+</ce:sup> cyclotron and the other two correspond to the lower and upper hybrid wave frequences <ce:cross-ref refid="b0035">[7]</ce:cross-ref>:<ce:display><ce:formula id="e0010"><ce:label>(2)</ce:label><mml:math altimg="si6.gif" overflow="scroll"><mml:msub><mml:mrow><mml:mi>ω</mml:mi></mml:mrow><mml:mrow><mml:mtext>LH,UH</mml:mtext></mml:mrow></mml:msub><mml:mo>=</mml:mo><mml:msup><mml:mrow><mml:mfenced open="[" close="]"><mml:mrow><mml:mfrac><mml:mrow><mml:msubsup><mml:mrow><mml:mi>Ω</mml:mi></mml:mrow><mml:mrow><mml:mtext>e</mml:mtext></mml:mrow><mml:mrow><mml:mn>2</mml:mn></mml:mrow></mml:msubsup><mml:mo>+</mml:mo><mml:msubsup><mml:mrow><mml:mi>ω</mml:mi></mml:mrow><mml:mrow><mml:mi>p</mml:mi></mml:mrow><mml:mrow><mml:mn>2</mml:mn></mml:mrow></mml:msubsup></mml:mrow><mml:mrow><mml:mn>2</mml:mn></mml:mrow></mml:mfrac><mml:mo>±</mml:mo><mml:msqrt><mml:mrow><mml:mfrac><mml:mrow><mml:msup><mml:mrow><mml:mfenced open="(" close=")"><mml:mrow><mml:msubsup><mml:mrow><mml:mi>Ω</mml:mi></mml:mrow><mml:mrow><mml:mtext>e</mml:mtext></mml:mrow><mml:mrow><mml:mn>2</mml:mn></mml:mrow></mml:msubsup><mml:mo>+</mml:mo><mml:msubsup><mml:mrow><mml:mi>ω</mml:mi></mml:mrow><mml:mrow><mml:mtext>p</mml:mtext></mml:mrow><mml:mrow><mml:mn>2</mml:mn></mml:mrow></mml:msubsup></mml:mrow></mml:mfenced></mml:mrow><mml:mrow><mml:mn>2</mml:mn></mml:mrow></mml:msup></mml:mrow><mml:mrow><mml:mn>4</mml:mn></mml:mrow></mml:mfrac><mml:mo>-</mml:mo><mml:msubsup><mml:mrow><mml:mi>ω</mml:mi></mml:mrow><mml:mrow><mml:mtext>p</mml:mtext></mml:mrow><mml:mrow><mml:mn>2</mml:mn></mml:mrow></mml:msubsup><mml:msubsup><mml:mrow><mml:mi>Ω</mml:mi></mml:mrow><mml:mrow><mml:mtext>e</mml:mtext></mml:mrow><mml:mrow><mml:mn>2</mml:mn></mml:mrow></mml:msubsup><mml:msup><mml:mrow><mml:mi mathvariant="normal">sin</mml:mi></mml:mrow><mml:mrow><mml:mn>2</mml:mn></mml:mrow></mml:msup><mml:mi>θ</mml:mi></mml:mrow></mml:msqrt></mml:mrow></mml:mfenced></mml:mrow><mml:mrow><mml:mn>1</mml:mn><mml:mo>/</mml:mo><mml:mn>2</mml:mn></mml:mrow></mml:msup><mml:mtext>,</mml:mtext></mml:math></ce:formula></ce:display>where <ce:italic>Ω</ce:italic><ce:inf loc="post">e</ce:inf> and <ce:italic>ω</ce:italic><ce:inf loc="post">p</ce:inf> the electron cyclotron and plasma frequencies; <ce:italic>θ</ce:italic> is the angle between the magnetic field and the divertor surface. Although the amplitude of these oscillations is lower than the average potential (∼110<ce:hsp sp="0.25"/>eV), it is not obvious that the additional energy gain by resonant ions is negligible. Moreover, the tungsten atoms can be ionized near to the divertor plates and the probability to return back to the plates strongly depends on the electric field (and its oscillations) in the sheath. As we will see below, exactly this redeposition is responsible for significant reduction of the effective W-sputtering yield.</ce:para><ce:para id="p0025" view="all">These examples indicate that for realistic self-consistent modeling of the W generation and transport in the SOL a fully kinetic approach is required.</ce:para></ce:section><ce:section id="s0010" view="all"><ce:label>2</ce:label><ce:section-title>Description of the SOL model</ce:section-title><ce:para id="p0030" view="all">For the simulation we have updated the original Particle in Cell (PIC) Monte Carlo (MC) code “BIT1” by including new physics and optimization of number of numerical routines. BIT1 is a quasi-2D massively parallel kinetic code for simulation of the SOL <ce:cross-ref refid="b0040">[8]</ce:cross-ref>. The simulation geometry represents a rectangular box two sides which correspond to the divertor plates and the other two to the separatrix and to the outer wall (see <ce:cross-ref refid="f0010">Fig. 2</ce:cross-ref><ce:float-anchor refid="f0010"/>). The plasma, the neutral and the impurity particles are treated in 1D3V, 2D3V and quasi-2D3V approximation, respectively (<ce:italic>n</ce:italic>D<ce:italic>m</ce:italic>V means <ce:italic>n</ce:italic>-dimensional in usual and <ce:italic>m</ce:italic>-dimensional in velocity space). Hot (120–250<ce:hsp sp="0.25"/>eV) plasma (e, D<ce:sup loc="post">+</ce:sup>), impurity (C<ce:sup loc="post">++</ce:sup>) and heat source correspond to the particle and heat transport across the separatrix. After the injection plasma and impurity particles propagate along the magnetic field towards the divertor. The particle absorbed at the divertor plates cause injection of secondary particles (secondary electrons, D, C and W atoms). These atoms interact with the plasma in a nonlinear way. Atoms reaching the radial boundaries of the system (i.e. the separatrix and the outer wall) are removed from the system. Impurity ions, C<ce:sup loc="post">+m</ce:sup>, W<ce:sup loc="post">+n</ce:sup>, are also removed from the simulation with the probability corresponding to the anomalous cross-field diffusion coefficient <mml:math altimg="si7.gif" overflow="scroll"><mml:mrow><mml:msub><mml:mrow><mml:mi>D</mml:mi></mml:mrow><mml:mrow><mml:mi>⊥</mml:mi></mml:mrow></mml:msub><mml:mo>∼</mml:mo><mml:mn>1</mml:mn><mml:mspace width="0.25em"/><mml:msup><mml:mrow><mml:mtext>m</mml:mtext></mml:mrow><mml:mrow><mml:mn>2</mml:mn></mml:mrow></mml:msup><mml:mo>/</mml:mo><mml:mtext>s</mml:mtext></mml:mrow></mml:math> and cross-field gradient length ∼1<ce:hsp sp="0.25"/>cm. To keep quasineutrality the corresponding number of electrons is removed together with the impurity ions. The strength of the particle and heat sources and the temperature of the incoming particles are adjusted to match the experimentally observed plasma density and electron temperature in the upstream SOL. For other details of the simulation see <ce:cross-refs refid="b0005 b0085">[1,5]</ce:cross-refs>.</ce:para><ce:para id="p0035" view="all">All the collision operators used in the code are nonlinear and conserve the particle number, the momentum and the energy. The number of simulated particle species is limited (practically) by available atomic and PSI (Plasma-Surface Interaction) data. In the given simulations we included C<ce:sup loc="post">+m</ce:sup>, W<ce:sup loc="post">+n</ce:sup>, <ce:italic>m</ce:italic><ce:hsp sp="0.25"/>=<ce:hsp sp="0.25"/>0,…, 2, <ce:italic>n</ce:italic><ce:hsp sp="0.25"/>=<ce:hsp sp="0.25"/>0,…, 11, impurity ions, hence together with electrons and the main ions there 15 different types of charged particles interacting with each other. In the simulations we do not observe highly ionized tungsten ions (<ce:italic>n</ce:italic><ce:hsp sp="0.25"/>&gt;<ce:hsp sp="0.25"/>4), so that the number collision types is reduced significantly.</ce:para><ce:para id="p0040" view="all">The threshold energy for W sputtering due to D impact is too high to produce any reasonable amount of W <ce:cross-refs refid="b0045 b0050">[9,10]</ce:cross-refs> (our test simulations also confirm this). In realistic plasmas, light impurities, like C and Be having relatively low W-sputtering threshold energies, are the catalysts for W production. Both C and Be have comparable mass and threshold energies, and may be equally used in the simulations for production of W. In order to simplify the model we consider only C impurities. The original BIT1 included all necessary atomic and PSI processes for simulation of e, D<ce:sup loc="post">+</ce:sup>, C<ce:sup loc="post">+m</ce:sup> plasmas. Hence, the only missing part was the tungsten-related atomic and PSI processes.</ce:para><ce:para id="p0045" view="all">Implementation of atomic processes. For the atomic processes in the BIT1 code we consider single and double electron-impact ionizations of W<ce:sup loc="post">+n</ce:sup>, for <ce:italic>n<ce:hsp sp="0.25"/></ce:italic>&lt;<ce:hsp sp="0.25"/>11 and <ce:italic>n<ce:hsp sp="0.25"/></ce:italic>&lt;<ce:hsp sp="0.25"/>7, respectively. The corresponding cross-sections are taken from <ce:cross-refs refid="b0055 b0060">[11,12]</ce:cross-refs>. Some of cross-sections are given for energies below 1<ce:hsp sp="0.25"/>keV. In this case we extrapolated the cross-sections according to the expression <ce:cross-ref refid="b0065">[13]</ce:cross-ref>:<ce:display><ce:formula id="e0015"><ce:label>(3)</ce:label><mml:math altimg="si8.gif" overflow="scroll"><mml:mi>σ</mml:mi><mml:mo>=</mml:mo><mml:mfrac><mml:mrow><mml:mi>A</mml:mi><mml:mi mathvariant="normal">ln</mml:mi><mml:mo stretchy="false">(</mml:mo><mml:mi>E</mml:mi><mml:mo stretchy="false">)</mml:mo><mml:mo>+</mml:mo><mml:mi>B</mml:mi></mml:mrow><mml:mrow><mml:mi>E</mml:mi></mml:mrow></mml:mfrac><mml:mtext>.</mml:mtext></mml:math></ce:formula></ce:display></ce:para><ce:para id="p0050" view="all">The obtained cross-sections are plotted in <ce:cross-ref refid="f0015">Fig. 3</ce:cross-ref><ce:float-anchor refid="f0015"/>. The after-collision electrons are assumed to be izotropically scattered.</ce:para><ce:para id="p0055" view="all">Implementation of PSI processes. Contrary to the ionization-cross sections there is a large spread in tungsten-related PSI data. E.g. the tungsten self-sputtering yield given in <ce:cross-ref refid="b0045">[9]</ce:cross-ref> is too large and results, according to our test simulations, in unphysically high W concentrations. During the simulation W density reached <mml:math altimg="si9.gif" overflow="scroll"><mml:mrow><mml:mn>0.5</mml:mn><mml:mo>×</mml:mo><mml:msup><mml:mrow><mml:mn>10</mml:mn></mml:mrow><mml:mrow><mml:mn>20</mml:mn></mml:mrow></mml:msup><mml:mspace width="0.25em"/><mml:msup><mml:mrow><mml:mtext>m</mml:mtext></mml:mrow><mml:mrow><mml:mn>3</mml:mn></mml:mrow></mml:msup></mml:mrow></mml:math> and was rapidly increasing, so we stopped the run. Eckstein in <ce:cross-ref refid="b0050">[10]</ce:cross-ref> proposes more realistic sputtering yields (see <ce:cross-ref refid="f0020">Fig. 4</ce:cross-ref><ce:float-anchor refid="f0020"/>), which are implemented in the BIT1. Unfortunately, in <ce:cross-ref refid="b0050">[10]</ce:cross-ref> the W sputtering yields due to carbon impact are missing, hence we used the data from <ce:cross-ref refid="b0045">[9]</ce:cross-ref> with the corrected threshold energy (45<ce:hsp sp="0.25"/>eV) considered in <ce:cross-ref refid="b0070">[14]</ce:cross-ref>.</ce:para><ce:para id="p0060" view="all">The probability that after ionization the sputtered W returns back to the divertor strongly depends on the distribution of sputtered W atoms. Hence, we implemented the following sputtered-W-distribution model. For D and W impact we use the fit function from <ce:cross-ref refid="b0075">[15]</ce:cross-ref>:<ce:display><ce:formula id="e0020"><ce:label>(4)</ce:label><mml:math altimg="si10.gif" overflow="scroll"><mml:msub><mml:mrow><mml:mi>f</mml:mi></mml:mrow><mml:mrow><mml:mtext>w</mml:mtext></mml:mrow></mml:msub><mml:mo stretchy="false">(</mml:mo><mml:mi>E</mml:mi><mml:mo stretchy="false">)</mml:mo><mml:mo>=</mml:mo><mml:mfrac><mml:mrow><mml:mn>2</mml:mn><mml:msup><mml:mrow><mml:mi>a</mml:mi></mml:mrow><mml:mrow><mml:mn>2</mml:mn></mml:mrow></mml:msup><mml:msub><mml:mrow><mml:mi>E</mml:mi></mml:mrow><mml:mrow><mml:mtext>s</mml:mtext></mml:mrow></mml:msub><mml:mi>E</mml:mi></mml:mrow><mml:mrow><mml:mo stretchy="false">(</mml:mo><mml:mi>E</mml:mi><mml:mo>+</mml:mo><mml:msub><mml:mrow><mml:mi>E</mml:mi></mml:mrow><mml:mrow><mml:mtext>s</mml:mtext></mml:mrow></mml:msub><mml:msup><mml:mrow><mml:mo stretchy="false">)</mml:mo></mml:mrow><mml:mrow><mml:mn>3</mml:mn></mml:mrow></mml:msup></mml:mrow></mml:mfrac><mml:mtext>,</mml:mtext><mml:mspace width="1em"/><mml:mi>a</mml:mi><mml:mo>≡</mml:mo><mml:mn>1</mml:mn><mml:mo>+</mml:mo><mml:mfrac><mml:mrow><mml:mo stretchy="false">(</mml:mo><mml:msub><mml:mrow><mml:mi>M</mml:mi></mml:mrow><mml:mrow><mml:mn>1</mml:mn></mml:mrow></mml:msub><mml:mo>+</mml:mo><mml:msub><mml:mrow><mml:mi>M</mml:mi></mml:mrow><mml:mrow><mml:mn>2</mml:mn></mml:mrow></mml:msub><mml:msup><mml:mrow><mml:mo stretchy="false">)</mml:mo></mml:mrow><mml:mrow><mml:mn>2</mml:mn></mml:mrow></mml:msup></mml:mrow><mml:mrow><mml:mn>4</mml:mn><mml:msub><mml:mrow><mml:mi>M</mml:mi></mml:mrow><mml:mrow><mml:mn>1</mml:mn></mml:mrow></mml:msub><mml:msub><mml:mrow><mml:mi>M</mml:mi></mml:mrow><mml:mrow><mml:mn>2</mml:mn></mml:mrow></mml:msub></mml:mrow></mml:mfrac><mml:mfrac><mml:mrow><mml:msub><mml:mrow><mml:mi>E</mml:mi></mml:mrow><mml:mrow><mml:mtext>s</mml:mtext></mml:mrow></mml:msub></mml:mrow><mml:mrow><mml:msub><mml:mrow><mml:mi>E</mml:mi></mml:mrow><mml:mrow><mml:mn>0</mml:mn></mml:mrow></mml:msub></mml:mrow></mml:mfrac><mml:mtext>.</mml:mtext></mml:math></ce:formula></ce:display>where <ce:italic>M</ce:italic><ce:inf loc="post">1</ce:inf> and <ce:italic>M</ce:italic><ce:inf loc="post">2</ce:inf> are the atomic masses of the target and projectile atoms (ions); <ce:italic>E</ce:italic><ce:inf loc="post">0</ce:inf> and <ce:italic>E</ce:italic><ce:inf loc="post">s</ce:inf> are the surface binding and impinging+ particle energies. For the C induced W sputtering we use a simple model:<ce:display><ce:formula id="e0025"><ce:label>(5)</ce:label><mml:math altimg="si11.gif" overflow="scroll"><mml:msub><mml:mrow><mml:mi>f</mml:mi></mml:mrow><mml:mrow><mml:mi>w</mml:mi></mml:mrow></mml:msub><mml:mo stretchy="false">(</mml:mo><mml:mi>E</mml:mi><mml:mo stretchy="false">)</mml:mo><mml:mo>=</mml:mo><mml:mrow><mml:mfenced open="{" close=""><mml:mrow><mml:mtable><mml:mtr><mml:mtd columnalign="left"><mml:mtext>const,</mml:mtext><mml:mspace width="1em"/><mml:mtext>for</mml:mtext><mml:mspace width="1em"/><mml:mi>E</mml:mi><mml:mo>⩽</mml:mo><mml:msub><mml:mrow><mml:mi>E</mml:mi></mml:mrow><mml:mrow><mml:mi mathvariant="normal">max</mml:mi></mml:mrow></mml:msub><mml:mo>=</mml:mo><mml:mn>10</mml:mn><mml:mspace width="0.25em"/><mml:mtext>eV,</mml:mtext></mml:mtd></mml:mtr><mml:mtr><mml:mtd columnalign="left"><mml:mn>0</mml:mn><mml:mtext>,</mml:mtext><mml:mspace width="1em"/><mml:mtext>for</mml:mtext><mml:mspace width="1em"/><mml:mi>E</mml:mi><mml:mo>&gt;</mml:mo><mml:msub><mml:mrow><mml:mi>E</mml:mi></mml:mrow><mml:mrow><mml:mi mathvariant="normal">max</mml:mi></mml:mrow></mml:msub><mml:mtext>.</mml:mtext></mml:mtd></mml:mtr></mml:mtable></mml:mrow></mml:mfenced></mml:mrow></mml:math></ce:formula></ce:display></ce:para><ce:para id="p0065" view="all">The angular distribution for the both models is the “cosine” one: <mml:math altimg="si12.gif" overflow="scroll"><mml:mrow><mml:mi mathvariant="normal">cos</mml:mi><mml:mo stretchy="false">(</mml:mo><mml:mi>α</mml:mi><mml:mo stretchy="false">)</mml:mo><mml:mo>=</mml:mo><mml:msqrt><mml:mrow><mml:mi mathvariant="italic">Random</mml:mi><mml:mspace width="0.12em"/><mml:mi mathvariant="italic">Number</mml:mi></mml:mrow></mml:msqrt></mml:mrow></mml:math>, where <ce:italic>α</ce:italic> is the angle between the velocity of injected W and the normal to the divertor plate.</ce:para><ce:para id="p0070" view="all">During the simulation we use 60,000 cells along the poloidal direction. This allows finest resolution in space down to the Debey length and electron gyro-radius. Each run took in average 20,000 CPU hours on 1024 processors, all together (including test runs) about 300,000 CPU hours have been consumed.</ce:para></ce:section><ce:section id="s0015" view="all"><ce:label>3</ce:label><ce:section-title>Simulation results</ce:section-title><ce:para id="p0075" view="all">During the simulations we adjust the plasma and the heat source parameters to match the experimentally observed upstream SOL density, <ce:italic>n</ce:italic><ce:inf loc="post">u</ce:inf>, and electron temperature, <ce:italic>T</ce:italic><ce:inf loc="post">e,u</ce:inf>. For reference we consider the shots #81472, #81478 and #81484 with <mml:math altimg="si13.gif" overflow="scroll"><mml:mrow><mml:msub><mml:mrow><mml:mi>n</mml:mi></mml:mrow><mml:mrow><mml:mi>u</mml:mi></mml:mrow></mml:msub><mml:mo>∼</mml:mo><mml:mn>1.5</mml:mn><mml:ms>–</mml:ms><mml:mn>1.8</mml:mn><mml:mo>×</mml:mo><mml:msup><mml:mrow><mml:mn>10</mml:mn></mml:mrow><mml:mrow><mml:mn>19</mml:mn></mml:mrow></mml:msup><mml:mspace width="0.25em"/><mml:msup><mml:mrow><mml:mtext>m</mml:mtext></mml:mrow><mml:mrow><mml:mo>-</mml:mo><mml:mn>3</mml:mn></mml:mrow></mml:msup></mml:mrow></mml:math>, <mml:math altimg="si14.gif" overflow="scroll"><mml:mrow><mml:msub><mml:mrow><mml:mi>T</mml:mi></mml:mrow><mml:mrow><mml:mi>e</mml:mi><mml:mtext>,</mml:mtext><mml:mi>u</mml:mi></mml:mrow></mml:msub><mml:mo>∼</mml:mo><mml:mn>45</mml:mn><mml:ms>–</mml:ms><mml:mn>75</mml:mn><mml:mspace width="0.25em"/><mml:mtext>eV</mml:mtext></mml:mrow></mml:math>. Simulation parameters were chosen in a way to match these upstream data. We made three sets of simulations:<ce:list id="l0005"><ce:list-item id="o0005"><ce:label>1.</ce:label><ce:para id="p0115" view="all">High temperature case (<mml:math altimg="si15.gif" overflow="scroll"><mml:mrow><mml:msub><mml:mrow><mml:mi>T</mml:mi></mml:mrow><mml:mrow><mml:mi>e</mml:mi><mml:mtext>,</mml:mtext><mml:mi>u</mml:mi></mml:mrow></mml:msub><mml:mo>∼</mml:mo><mml:mn>65</mml:mn><mml:mspace width="0.25em"/><mml:mtext>eV</mml:mtext></mml:mrow></mml:math>) with relatively strong heat source.</ce:para></ce:list-item><ce:list-item id="o0010"><ce:label>2.</ce:label><ce:para id="p0120" view="all">Low temperature case (<mml:math altimg="si16.gif" overflow="scroll"><mml:mrow><mml:msub><mml:mrow><mml:mi>T</mml:mi></mml:mrow><mml:mrow><mml:mi>e</mml:mi><mml:mtext>,</mml:mtext><mml:mi>u</mml:mi></mml:mrow></mml:msub><mml:mo>∼</mml:mo><mml:mn>45</mml:mn><mml:mspace width="0.25em"/><mml:mtext>eV</mml:mtext></mml:mrow></mml:math>) with 2.5 times weaker heat source.</ce:para></ce:list-item><ce:list-item id="o0015"><ce:label>3.</ce:label><ce:para id="p0125" view="all">The case as 1. with the additional injection of ∼100<ce:hsp sp="0.25"/>eV C<ce:sup loc="post">++</ce:sup> ions from the particle source. In this way we simulate influx of hot carbon ions from the pedestal.</ce:para></ce:list-item></ce:list></ce:para><ce:para id="p0080" view="all">Low temperature carbon particles originating from different plasma-facing-components are modeled via injection of C atoms from the divertors with the fixed flux 10<ce:sup loc="post">21</ce:sup><ce:hsp sp="0.25"/>m<ce:sup loc="post">2</ce:sup>/s. C atoms are assumed to be in thermal equilibrium with Franck–Condon distributed D atoms and have the temperature 2<ce:hsp sp="0.25"/>eV.</ce:para><ce:para id="p0085" view="all">Typical profiles of density and temperature obtained from the simulation are plotted in <ce:cross-ref refid="f0025">Fig. 5</ce:cross-ref><ce:float-anchor refid="f0025"/>. indicating low concentration of W particles (in different ionized state). To estimate the concentration of W ions we consider the “W-related” Z-effective:<ce:display><ce:formula id="e0030"><ce:label>(6)</ce:label><mml:math altimg="si17.gif" overflow="scroll"><mml:msubsup><mml:mrow><mml:mtext>Z</mml:mtext></mml:mrow><mml:mrow><mml:mi mathvariant="italic">eff</mml:mi></mml:mrow><mml:mrow><mml:mtext>W</mml:mtext></mml:mrow></mml:msubsup><mml:mo>=</mml:mo><mml:mfrac><mml:mrow><mml:msub><mml:mrow><mml:mo>∑</mml:mo></mml:mrow><mml:mrow><mml:mtext>D,W</mml:mtext></mml:mrow></mml:msub><mml:msubsup><mml:mrow><mml:mi>z</mml:mi></mml:mrow><mml:mrow><mml:mi>i</mml:mi></mml:mrow><mml:mrow><mml:mn>2</mml:mn></mml:mrow></mml:msubsup><mml:msub><mml:mrow><mml:mi>n</mml:mi></mml:mrow><mml:mrow><mml:mi>i</mml:mi></mml:mrow></mml:msub></mml:mrow><mml:mrow><mml:msub><mml:mrow><mml:mo>∑</mml:mo></mml:mrow><mml:mrow><mml:mtext>D,W</mml:mtext></mml:mrow></mml:msub><mml:msub><mml:mrow><mml:mi>z</mml:mi></mml:mrow><mml:mrow><mml:mi>i</mml:mi></mml:mrow></mml:msub><mml:msub><mml:mrow><mml:mi>n</mml:mi></mml:mrow><mml:mrow><mml:mi>i</mml:mi></mml:mrow></mml:msub></mml:mrow></mml:mfrac><mml:mtext>,</mml:mtext></mml:math></ce:formula></ce:display></ce:para><ce:para id="p0090" view="all">which is plotted in <ce:cross-ref refid="f0030">Fig. 6</ce:cross-ref><ce:float-anchor refid="f0030"/>. As we see, the concentration of W ions at the distances more than 1<ce:hsp sp="0.25"/>cm from the divertor plates is negligibly small. Moreover, with the given resolution, <mml:math altimg="si18.gif" overflow="scroll"><mml:mrow><mml:msub><mml:mrow><mml:mi>n</mml:mi></mml:mrow><mml:mrow><mml:mi mathvariant="normal">min</mml:mi></mml:mrow></mml:msub><mml:mo>∼</mml:mo><mml:msup><mml:mrow><mml:mn>10</mml:mn></mml:mrow><mml:mrow><mml:mn>15</mml:mn></mml:mrow></mml:msup><mml:mspace width="0.25em"/><mml:msup><mml:mrow><mml:mtext>m</mml:mtext></mml:mrow><mml:mrow><mml:mo>-</mml:mo><mml:mn>3</mml:mn></mml:mrow></mml:msup></mml:mrow></mml:math>, we do not observe W ions with ionization state more than 4.</ce:para><ce:para id="p0095" view="all">These results can be explained after analyzing of divertor plasma parameters from <ce:cross-ref refid="t0005">Table 1</ce:cross-ref><ce:float-anchor refid="t0005"/>. As we can see, with increasing upstream temperature increases potential drop across the divertor plasma. As a result the electric field towards the divertor increases too and more W ions are attracted back to the plates (cf. the cases 1 and 2). Simulations indicate that the majority of the W atoms are ionized in the vicinity of the divertor plates and “promptly redeposited” there (see <ce:cross-ref refid="f0030">Fig. 6</ce:cross-ref>). Moreover, as we see from <ce:cross-ref refid="f0030">Fig. 6</ce:cross-ref>, the majority of W ions escaping prompt redeposition do not propagate far away from the divertor plates: they are kept within ∼1<ce:hsp sp="0.25"/>m from the divertors and return back due to friction with main ions. As a result, only a very tiny fraction of sputtered W can escape reabsorbtion and propagate to the upstream SOL. The corresponding fluxes are given in <ce:cross-ref refid="t0005">Table 1</ce:cross-ref>.</ce:para><ce:para id="p0100" view="all">There is no significant contribution of hot C<ce:sup loc="post">++</ce:sup> ions originating from the upstream SOL, because they are cooled down before reaching the divertor plasma.</ce:para></ce:section><ce:section id="s0020" view="all"><ce:label>4</ce:label><ce:section-title>Conclusions</ce:section-title><ce:para id="p0105" view="all">Our simulations confirm experimental observations that W net erosion represents only tiny fraction (in our simulation ∼1%) of the W gross erosion. The estimated upstream W fluxes, <mml:math altimg="si19.gif" overflow="scroll"><mml:mrow><mml:msubsup><mml:mrow><mml:mi>F</mml:mi></mml:mrow><mml:mrow><mml:mtext>W</mml:mtext></mml:mrow><mml:mrow><mml:mtext>upstrem</mml:mtext></mml:mrow></mml:msubsup></mml:mrow></mml:math>, are in good agreement with the experimentally observed values <mml:math altimg="si20.gif" overflow="scroll"><mml:mrow><mml:mo>⩽</mml:mo><mml:msup><mml:mrow><mml:mn>10</mml:mn></mml:mrow><mml:mrow><mml:mn>19</mml:mn></mml:mrow></mml:msup><mml:mspace width="0.25em"/><mml:msup><mml:mrow><mml:mtext>m</mml:mtext></mml:mrow><mml:mrow><mml:mo>-</mml:mo><mml:mn>2</mml:mn></mml:mrow></mml:msup><mml:mspace width="0.25em"/><mml:msup><mml:mrow><mml:mtext>s</mml:mtext></mml:mrow><mml:mrow><mml:mo>-</mml:mo><mml:mn>1</mml:mn></mml:mrow></mml:msup></mml:mrow></mml:math> <ce:cross-ref refid="b0080">[16]</ce:cross-ref>. Moreover, this value is not very sensitive to the divertor plasma temperature. For low temperatures the energy of D and C ions hitting to the divertor plates is too low to sputter sufficient amount of W. With increasing energy the W sputtering increases, but the potential drop in the divertor plasma increases too. As a result, most of the W atoms are ionized in the vicinity of the divertor and return back to the plates. There are two effects leading to the observed prompt redeposition of W ions: first is the “near-divertor” ionization of W due to low ionization potential −7.86<ce:hsp sp="0.25"/>eV (for comparison the ionization potentials for D and C are 13,6 and 10.6<ce:hsp sp="0.25"/>eV), second, W<ce:sup loc="post">+n</ce:sup> ions have large Larmor radius <mml:math altimg="si21.gif" overflow="scroll"><mml:mrow><mml:mo>∼</mml:mo><mml:mn>2</mml:mn><mml:mo>/</mml:mo><mml:mtext>n</mml:mtext><mml:mspace width="0.25em"/><mml:mtext>mm</mml:mtext></mml:mrow></mml:math>, so that they are redeposited within the distance of a Larmor radius. Important to note that a significant fraction of W ions escaping this prompt redeposition are returned back due to the friction with the main ions.</ce:para><ce:para id="p0110" view="all">Our simulations indicated that the accuracy of <mml:math altimg="si22.gif" overflow="scroll"><mml:mrow><mml:msub><mml:mrow><mml:mi>n</mml:mi></mml:mrow><mml:mrow><mml:mi mathvariant="normal">min</mml:mi></mml:mrow></mml:msub><mml:mo>∼</mml:mo><mml:msup><mml:mrow><mml:mn>10</mml:mn></mml:mrow><mml:mrow><mml:mn>15</mml:mn></mml:mrow></mml:msup><mml:mspace width="0.25em"/><mml:msup><mml:mrow><mml:mtext>m</mml:mtext></mml:mrow><mml:mrow><mml:mo>-</mml:mo><mml:mn>3</mml:mn></mml:mrow></mml:msup></mml:mrow></mml:math> is not sufficient for studying of the distribution of W charge states in the upstream SOL. These will be addressed in our future work.</ce:para></ce:section></ce:sections><ce:acknowledgment><ce:section-title>Acknowledgements</ce:section-title><ce:para id="p0130" view="all">This work was supported by EURATOM and carried out within the framework of the European Fusion Development Agreement. The views and opinions expressed herein do not necessarily reflect those of the European Commission. It was carried out using the HELIOS supercomputer system at Computational Situational Centre of International Fusion Energy Research Centre (IFERC-CSC), Aomori, Japan, under the Broader Approach collaboration between Euratom and Japan, implemented by Fusion for Energy and JAEA. We thank D. Coster for useful discussions. The first author acknowledges support by the projects P21941-N16 and GNSF/ST09_305_4-140.</ce:para></ce:acknowledgment></body><tail view="all"><ce:bibliography id="bi0005" view="all"><ce:section-title>References</ce:section-title><ce:bibliography-sec id="bs0005"><ce:bib-reference id="b0005"><ce:label>[1]</ce:label><sb:reference id="h0005"><sb:contribution langtype="en"><sb:authors><sb:author><ce:given-name>D.</ce:given-name><ce:surname>Tskhakaya</ce:surname></sb:author><sb:author><ce:given-name>S.</ce:given-name><ce:surname>Jachmich</ce:surname></sb:author><sb:et-al/></sb:authors></sb:contribution><sb:host><sb:issue><sb:series><sb:title><sb:maintitle>J. Nucl. Mater.</sb:maintitle></sb:title><sb:volume-nr>415</sb:volume-nr></sb:series><sb:issue-nr>1</sb:issue-nr><sb:date>2011</sb:date></sb:issue><sb:pages><sb:first-page>S860</sb:first-page></sb:pages></sb:host></sb:reference></ce:bib-reference><ce:bib-reference id="b0010"><ce:label>[2]</ce:label><sb:reference id="h0010"><sb:contribution langtype="en"><sb:authors><sb:author><ce:given-name>D.P.</ce:given-name><ce:surname>Coster</ce:surname></sb:author></sb:authors></sb:contribution><sb:host><sb:issue><sb:series><sb:title><sb:maintitle>J. Nucl. Mater.</sb:maintitle></sb:title><sb:volume-nr>415</sb:volume-nr></sb:series><sb:issue-nr>1</sb:issue-nr><sb:date>2011</sb:date></sb:issue><sb:pages><sb:first-page>S545</sb:first-page></sb:pages></sb:host></sb:reference></ce:bib-reference><ce:bib-reference id="b0015"><ce:label>[3]</ce:label><sb:reference id="h0015"><sb:contribution langtype="en"><sb:authors><sb:author><ce:given-name>T.</ce:given-name><ce:surname>Takizuka</ce:surname></sb:author><sb:author><ce:given-name>K.</ce:given-name><ce:surname>Shimizu</ce:surname></sb:author><sb:et-al/></sb:authors></sb:contribution><sb:host><sb:issue><sb:series><sb:title><sb:maintitle>Nucl. Fusion</sb:maintitle></sb:title><sb:volume-nr>49</sb:volume-nr></sb:series><sb:date>2009</sb:date></sb:issue><sb:pages><sb:first-page>075038</sb:first-page></sb:pages></sb:host></sb:reference></ce:bib-reference><ce:bib-reference id="b0020"><ce:label>[4]</ce:label><sb:reference id="h0020"><sb:contribution langtype="en"><sb:authors><sb:author><ce:given-name>E.</ce:given-name><ce:surname>Havlickova</ce:surname></sb:author><sb:author><ce:given-name>W.</ce:given-name><ce:surname>Fundamenski</ce:surname></sb:author><sb:et-al/></sb:authors></sb:contribution><sb:host><sb:issue><sb:series><sb:title><sb:maintitle>Plasma Phys. Contr. Fusion</sb:maintitle></sb:title><sb:volume-nr>54</sb:volume-nr></sb:series><sb:date>2012</sb:date></sb:issue><sb:pages><sb:first-page>045002</sb:first-page></sb:pages></sb:host></sb:reference></ce:bib-reference><ce:bib-reference id="b0085"><ce:label>[5]</ce:label><sb:reference id="h0060"><sb:contribution langtype="en"><sb:authors><sb:author><ce:given-name>D.</ce:given-name><ce:surname>Tskhakaya</ce:surname></sb:author></sb:authors></sb:contribution><sb:host><sb:issue><sb:series><sb:title><sb:maintitle>Cont. Plasma Phys.</sb:maintitle></sb:title><sb:volume-nr>52</sb:volume-nr></sb:series><sb:issue-nr>5–6</sb:issue-nr><sb:date>2012</sb:date></sb:issue><sb:pages><sb:first-page>490</sb:first-page></sb:pages></sb:host></sb:reference></ce:bib-reference><ce:bib-reference id="b0030"><ce:label>[6]</ce:label><sb:reference id="h0025"><sb:contribution langtype="en"><sb:authors><sb:author><ce:given-name>S.I.</ce:given-name><ce:surname>Braginskii</ce:surname></sb:author></sb:authors><sb:title><sb:maintitle>Transport processes in a plasma</sb:maintitle></sb:title></sb:contribution><sb:host><sb:edited-book><sb:book-series><sb:editors><sb:editor><ce:given-name>M.A.</ce:given-name><ce:surname>Leontovich</ce:surname></sb:editor></sb:editors><sb:series><sb:title><sb:maintitle>Reviews of Plasma Physics</sb:maintitle></sb:title><sb:volume-nr>vol. 1</sb:volume-nr></sb:series></sb:book-series><sb:date>1965</sb:date><sb:publisher><sb:name>Consultants Bureau</sb:name><sb:location>New York</sb:location></sb:publisher></sb:edited-book></sb:host></sb:reference></ce:bib-reference><ce:bib-reference id="b0035"><ce:label>[7]</ce:label><sb:reference id="h0030"><sb:contribution langtype="en"><sb:authors><sb:author><ce:given-name>A.F.</ce:given-name><ce:surname>Alexandrov</ce:surname></sb:author><sb:author><ce:given-name>L.S.</ce:given-name><ce:surname>Bogdankevich</ce:surname></sb:author><sb:author><ce:given-name>A.A.</ce:given-name><ce:surname>Rukhadze</ce:surname></sb:author></sb:authors><sb:title><sb:maintitle>Principles of Plasma Electrodynamics</sb:maintitle></sb:title></sb:contribution><sb:host><sb:book><sb:date>1984</sb:date><sb:publisher><sb:name>Springer-Verlag</sb:name><sb:location>Berlin, Heidelberg, New York, Tokio</sb:location></sb:publisher></sb:book></sb:host></sb:reference></ce:bib-reference><ce:bib-reference id="b0040"><ce:label>[8]</ce:label><ce:other-ref id="j0010"><ce:textref>D. Tskhakaya, A. Sobba, et. al., in: Proceedings of 18th Euromicro Conference on Parallel, Distributed and Network-based Processing, Pisa Italy, IEEE, 2010, 476.</ce:textref></ce:other-ref></ce:bib-reference><ce:bib-reference id="b0045"><ce:label>[9]</ce:label><ce:other-ref id="j0015"><ce:textref>J. Bohdansky, Nucl. Fusion, 1984, p. 61 (special issue).</ce:textref></ce:other-ref></ce:bib-reference><ce:bib-reference id="b0050"><ce:label>[10]</ce:label><sb:reference id="h0035"><sb:contribution langtype="en"><sb:authors><sb:author><ce:given-name>W.</ce:given-name><ce:surname>Eckstein</ce:surname></sb:author></sb:authors></sb:contribution><sb:host><sb:issue><sb:series><sb:title><sb:maintitle>Top. Appl. Phys.</sb:maintitle></sb:title><sb:volume-nr>110</sb:volume-nr></sb:series><sb:date>2007</sb:date></sb:issue><sb:pages><sb:first-page>33</sb:first-page></sb:pages></sb:host></sb:reference><sb:reference id="h0040"><sb:contribution langtype="en"><sb:authors><sb:author><ce:given-name>W.</ce:given-name><ce:surname>Eckstein</ce:surname></sb:author></sb:authors></sb:contribution><sb:host><sb:issue><sb:series><sb:title><sb:maintitle>Vacuum</sb:maintitle></sb:title><sb:volume-nr>82</sb:volume-nr></sb:series><sb:date>2008</sb:date></sb:issue><sb:pages><sb:first-page>930</sb:first-page></sb:pages></sb:host></sb:reference></ce:bib-reference><ce:bib-reference id="b0055"><ce:label>[11]</ce:label><sb:reference id="h0045"><sb:contribution langtype="en"><sb:authors><sb:author><ce:given-name>M.</ce:given-name><ce:surname>Stenke</ce:surname></sb:author><sb:author><ce:given-name>K.</ce:given-name><ce:surname>Aichele</ce:surname></sb:author><sb:et-al/></sb:authors></sb:contribution><sb:host><sb:issue><sb:series><sb:title><sb:maintitle>J. Phys. B: At. Mol. Opt. Phys.</sb:maintitle></sb:title><sb:volume-nr>28</sb:volume-nr></sb:series><sb:date>1995</sb:date></sb:issue><sb:pages><sb:first-page>2711</sb:first-page></sb:pages></sb:host><sb:comment>4853</sb:comment></sb:reference></ce:bib-reference><ce:bib-reference id="b0060"><ce:label>[12]</ce:label><sb:reference id="h0050"><sb:contribution langtype="en"><sb:authors><sb:author><ce:given-name>L.</ce:given-name><ce:surname>Vainshtein</ce:surname></sb:author><sb:author><ce:given-name>I.</ce:given-name><ce:surname>Beigman</ce:surname></sb:author><sb:et-al/></sb:authors></sb:contribution><sb:host><sb:issue><sb:series><sb:title><sb:maintitle>J. Phys. B: At. Mol. Opt. Phys.</sb:maintitle></sb:title><sb:volume-nr>44</sb:volume-nr></sb:series><sb:date>2011</sb:date></sb:issue><sb:pages><sb:first-page>125201</sb:first-page></sb:pages></sb:host></sb:reference></ce:bib-reference><ce:bib-reference id="b0065"><ce:label>[13]</ce:label><ce:other-ref id="j0020"><ce:textref>C.D. Boley, J.N. Brooks, Y.-K. Kim, Rep. Argonne Natl. Lab., ANL/FPP/TM-171, 1983.</ce:textref></ce:other-ref></ce:bib-reference><ce:bib-reference id="b0070"><ce:label>[14]</ce:label><sb:reference id="h0055"><sb:contribution langtype="en"><sb:authors><sb:author><ce:given-name>K.</ce:given-name><ce:surname>Vörtler</ce:surname></sb:author><sb:author><ce:given-name>C.</ce:given-name><ce:surname>Björkas</ce:surname></sb:author><sb:author><ce:given-name>K.</ce:given-name><ce:surname>Nordlund</ce:surname></sb:author></sb:authors></sb:contribution><sb:host><sb:issue><sb:series><sb:title><sb:maintitle>J. Phys.: Condens. Matter</sb:maintitle></sb:title><sb:volume-nr>23</sb:volume-nr></sb:series><sb:date>2011</sb:date></sb:issue><sb:pages><sb:first-page>085002</sb:first-page></sb:pages></sb:host></sb:reference></ce:bib-reference><ce:bib-reference id="b0075"><ce:label>[15]</ce:label><ce:other-ref id="j0025"><ce:textref>W. Eckstein, IPP Report, IPP 9/132, 2002.</ce:textref></ce:other-ref></ce:bib-reference><ce:bib-reference id="b0080"><ce:label>[16]</ce:label><ce:other-ref id="j0030"><ce:textref>G.J. van Rooij, This Conference.</ce:textref></ce:other-ref></ce:bib-reference></ce:bibliography-sec></ce:bibliography></tail></article></xocs:serial-item></xocs:doc>