<xocs:doc xsi:schemaLocation="http://www.elsevier.com/xml/xocs/dtd http://schema.elsevier.com/dtds/document/fulltext/xcr/xocs-article.xsd" xmlns:xocs="http://www.elsevier.com/xml/xocs/dtd" xmlns:xs="http://www.w3.org/2001/XMLSchema" xmlns:xsi="http://www.w3.org/2001/XMLSchema-instance" xmlns="http://www.elsevier.com/xml/ja/dtd" xmlns:ja="http://www.elsevier.com/xml/ja/dtd" xmlns:mml="http://www.w3.org/1998/Math/MathML" xmlns:tb="http://www.elsevier.com/xml/common/table/dtd" xmlns:sb="http://www.elsevier.com/xml/common/struct-bib/dtd" xmlns:ce="http://www.elsevier.com/xml/common/dtd" xmlns:xlink="http://www.w3.org/1999/xlink" xmlns:cals="http://www.elsevier.com/xml/common/cals/dtd"><xocs:meta><xocs:content-family>serial</xocs:content-family><xocs:content-type>JL</xocs:content-type><xocs:cid>271598</xocs:cid><xocs:ssids><xocs:ssid type="alllist">291210</xocs:ssid><xocs:ssid type="subj">291702</xocs:ssid><xocs:ssid type="subj">291777</xocs:ssid><xocs:ssid type="subj">291829</xocs:ssid><xocs:ssid type="content">31</xocs:ssid><xocs:ssid type="oa">90</xocs:ssid></xocs:ssids><xocs:srctitle>Journal of Nuclear Materials</xocs:srctitle><xocs:normalized-srctitle>JOURNALNUCLEARMATERIALS</xocs:normalized-srctitle><xocs:orig-load-date yyyymmdd="20141126">2014-11-26</xocs:orig-load-date><xocs:available-online-date yyyymmdd="20141126">2014-11-26</xocs:available-online-date><xocs:vor-load-date yyyymmdd="20150612">2015-06-12</xocs:vor-load-date><xocs:vor-available-online-date yyyymmdd="20150612">2015-06-12</xocs:vor-available-online-date><xocs:ew-transaction-id>2016-04-10T12:56:50</xocs:ew-transaction-id><xocs:eid>1-s2.0-S0022311514008691</xocs:eid><xocs:pii-formatted>S0022-3115(14)00869-1</xocs:pii-formatted><xocs:pii-unformatted>S0022311514008691</xocs:pii-unformatted><xocs:doi>10.1016/j.jnucmat.2014.11.067</xocs:doi><xocs:item-stage>S300</xocs:item-stage><xocs:item-version-number>S300.3</xocs:item-version-number><xocs:item-weight>FULL-TEXT</xocs:item-weight><xocs:hub-eid>1-s2.0-S0022311515X00055</xocs:hub-eid><xocs:timestamp yyyymmdd="20160410">2016-04-10T08:09:42.415124-04:00</xocs:timestamp><xocs:dco>0</xocs:dco><xocs:tomb>0</xocs:tomb><xocs:date-search-begin>20150701</xocs:date-search-begin><xocs:date-search-end>20150731</xocs:date-search-end><xocs:year-nav>2015</xocs:year-nav><xocs:indexeddate epoch="1416988096">2014-11-26T07:48:16.279338Z</xocs:indexeddate><xocs:articleinfo>articleinfo articletitlenorm authfirstinitialnorm authfirstsurnamenorm cid cids contenttype copyright crossmark dateloaded dateloadedtxt datesearch datesort dateupdated dco docsubtype doctype doi eid ewtransactionid hubeid indexeddate issn issnnorm itemstage itemtransactionid itemweight oauserlicense openaccess openarchive pg pgfirst pglast pii piinorm pubdateend pubdatestart pubdatetxt pubyr sectiontitle sortorder srctitle srctitlenorm srctype ssids alllist content oa subj subheadings suppl tomb volfirst volissue volumelist webpdf webpdfpagecount yearnav figure table body acknowledge affil articletitle auth authfirstini authfull authlast grantnumber grantsponsor primabst ref</xocs:articleinfo><xocs:issns><xocs:issn-primary-formatted>0022-3115</xocs:issn-primary-formatted><xocs:issn-primary-unformatted>00223115</xocs:issn-primary-unformatted></xocs:issns><xocs:crossmark is-crossmark="1">true</xocs:crossmark><xocs:vol-first>462</xocs:vol-first><xocs:volume-list><xocs:volume>462</xocs:volume></xocs:volume-list><xocs:suppl>C</xocs:suppl><xocs:vol-iss-suppl-text>Volume 462</xocs:vol-iss-suppl-text><xocs:sort-order>45</xocs:sort-order><xocs:first-fp>369</xocs:first-fp><xocs:last-lp>373</xocs:last-lp><xocs:pages><xocs:first-page>369</xocs:first-page><xocs:last-page>373</xocs:last-page></xocs:pages><xocs:cover-date-orig><xocs:start-date>201507</xocs:start-date></xocs:cover-date-orig><xocs:cover-date-text>July 2015</xocs:cover-date-text><xocs:cover-date-start>2015-07-01</xocs:cover-date-start><xocs:cover-date-end>2015-07-31</xocs:cover-date-end><xocs:cover-date-year>2015</xocs:cover-date-year><xocs:hub-sec><xocs:hub-sec-title>Special Section on "Radiation Damage and the Development of New Nuclear Materials"</xocs:hub-sec-title></xocs:hub-sec><xocs:document-type>article</xocs:document-type><xocs:document-subtype>fla</xocs:document-subtype><xocs:copyright-line>Published by Elsevier B.V.</xocs:copyright-line><xocs:normalized-article-title>SMALLSCALECHARACTERISATIONIRRADIATEDNUCLEARMATERIALSPARTIMICROSTRUCTURE</xocs:normalized-article-title><xocs:normalized-first-auth-surname>EDMONDSON</xocs:normalized-first-auth-surname><xocs:normalized-first-auth-initial>P</xocs:normalized-first-auth-initial><xocs:item-toc><xocs:item-toc-entry ref-elem="ce:sections"><xocs:item-toc-label>1</xocs:item-toc-label><xocs:item-toc-section-title>Introduction</xocs:item-toc-section-title><xocs:item-toc-entry ref-elem="ce:sections"><xocs:item-toc-label>1.1</xocs:item-toc-label><xocs:item-toc-section-title>Tungsten</xocs:item-toc-section-title></xocs:item-toc-entry><xocs:item-toc-entry ref-elem="ce:sections"><xocs:item-toc-label>1.2</xocs:item-toc-label><xocs:item-toc-section-title>Oxide dispersion strengthened ferritic alloys</xocs:item-toc-section-title></xocs:item-toc-entry></xocs:item-toc-entry><xocs:item-toc-entry ref-elem="ce:sections"><xocs:item-toc-label>2</xocs:item-toc-label><xocs:item-toc-section-title>Experimental methods</xocs:item-toc-section-title><xocs:item-toc-entry ref-elem="ce:sections"><xocs:item-toc-label>2.1</xocs:item-toc-label><xocs:item-toc-section-title>Tungsten</xocs:item-toc-section-title></xocs:item-toc-entry><xocs:item-toc-entry ref-elem="ce:sections"><xocs:item-toc-label>2.2</xocs:item-toc-label><xocs:item-toc-section-title>Oxide dispersion strengthened steel–14YT</xocs:item-toc-section-title></xocs:item-toc-entry></xocs:item-toc-entry><xocs:item-toc-entry ref-elem="ce:sections"><xocs:item-toc-label>3</xocs:item-toc-label><xocs:item-toc-section-title>Results and discussion</xocs:item-toc-section-title><xocs:item-toc-entry ref-elem="ce:sections"><xocs:item-toc-label>3.1</xocs:item-toc-label><xocs:item-toc-section-title>Tungsten</xocs:item-toc-section-title></xocs:item-toc-entry><xocs:item-toc-entry ref-elem="ce:sections"><xocs:item-toc-label>3.2</xocs:item-toc-label><xocs:item-toc-section-title>Oxide dispersion strengthened steel–14YT</xocs:item-toc-section-title></xocs:item-toc-entry></xocs:item-toc-entry><xocs:item-toc-entry ref-elem="ce:sections"><xocs:item-toc-label>4</xocs:item-toc-label><xocs:item-toc-section-title>Conclusion/summary</xocs:item-toc-section-title></xocs:item-toc-entry><xocs:item-toc-entry ref-elem="ce:acknowledgment"><xocs:item-toc-section-title>Acknowledgements</xocs:item-toc-section-title></xocs:item-toc-entry><xocs:item-toc-entry ref-elem="ce:bibliography"><xocs:item-toc-section-title>References</xocs:item-toc-section-title></xocs:item-toc-entry></xocs:item-toc><xocs:references><xocs:ref-info refid="h0005"><xocs:ref-normalized-surname>ZINKLE</xocs:ref-normalized-surname><xocs:ref-pub-year>2013</xocs:ref-pub-year><xocs:ref-first-fp>735</xocs:ref-first-fp><xocs:ref-last-lp>758</xocs:ref-last-lp><xocs:ref-normalized-initial>S</xocs:ref-normalized-initial></xocs:ref-info><xocs:ref-info refid="h0010"><xocs:ref-normalized-surname>ZINKLE</xocs:ref-normalized-surname><xocs:ref-pub-year>2009</xocs:ref-pub-year><xocs:ref-first-fp>12</xocs:ref-first-fp><xocs:ref-last-lp>19</xocs:ref-last-lp><xocs:ref-normalized-initial>S</xocs:ref-normalized-initial></xocs:ref-info><xocs:ref-info refid="h0015"><xocs:ref-normalized-surname>ARMSTRONG</xocs:ref-normalized-surname><xocs:ref-pub-year>1905</xocs:ref-pub-year><xocs:ref-first-fp>251901</xocs:ref-first-fp><xocs:ref-last-lp>251925</xocs:ref-last-lp><xocs:ref-normalized-initial>D</xocs:ref-normalized-initial></xocs:ref-info><xocs:ref-info refid="h0020"><xocs:ref-normalized-surname>GILBERT</xocs:ref-normalized-surname><xocs:ref-pub-year>2012</xocs:ref-pub-year><xocs:ref-first-fp>083019</xocs:ref-first-fp><xocs:ref-normalized-initial>M</xocs:ref-normalized-initial></xocs:ref-info><xocs:ref-info refid="h0025"><xocs:ref-normalized-surname>DAVIS</xocs:ref-normalized-surname><xocs:ref-pub-year>1998</xocs:ref-pub-year><xocs:ref-first-fp>308</xocs:ref-first-fp><xocs:ref-last-lp>312</xocs:ref-last-lp><xocs:ref-normalized-initial>J</xocs:ref-normalized-initial></xocs:ref-info><xocs:ref-info refid="h0030"><xocs:ref-normalized-surname>GILBERT</xocs:ref-normalized-surname><xocs:ref-pub-year>2011</xocs:ref-pub-year><xocs:ref-first-fp>043005</xocs:ref-first-fp><xocs:ref-normalized-initial>M</xocs:ref-normalized-initial></xocs:ref-info><xocs:ref-info refid="h0035"><xocs:ref-normalized-surname>GIANNATTASIO</xocs:ref-normalized-surname><xocs:ref-pub-year>2007</xocs:ref-pub-year><xocs:ref-first-fp>2589</xocs:ref-first-fp><xocs:ref-last-lp>2598</xocs:ref-last-lp><xocs:ref-normalized-initial>A</xocs:ref-normalized-initial></xocs:ref-info><xocs:ref-info refid="h0040"><xocs:ref-normalized-surname>GIANNATTASIO</xocs:ref-normalized-surname><xocs:ref-pub-year>2010</xocs:ref-pub-year><xocs:ref-first-fp>3947</xocs:ref-first-fp><xocs:ref-last-lp>3959</xocs:ref-last-lp><xocs:ref-normalized-initial>A</xocs:ref-normalized-initial></xocs:ref-info><xocs:ref-info refid="h0045"><xocs:ref-normalized-surname>TANNO</xocs:ref-normalized-surname><xocs:ref-pub-year>2008</xocs:ref-pub-year><xocs:ref-first-fp>2259</xocs:ref-first-fp><xocs:ref-last-lp>2264</xocs:ref-last-lp><xocs:ref-normalized-initial>T</xocs:ref-normalized-initial></xocs:ref-info><xocs:ref-info refid="h0050"><xocs:ref-normalized-surname>ODETTE</xocs:ref-normalized-surname><xocs:ref-pub-year>2008</xocs:ref-pub-year><xocs:ref-first-fp>471</xocs:ref-first-fp><xocs:ref-last-lp>503</xocs:ref-last-lp><xocs:ref-normalized-initial>G</xocs:ref-normalized-initial></xocs:ref-info><xocs:ref-info refid="h0055"><xocs:ref-normalized-surname>ODETTE</xocs:ref-normalized-surname><xocs:ref-pub-year>2010</xocs:ref-pub-year><xocs:ref-first-fp>84</xocs:ref-first-fp><xocs:ref-last-lp>92</xocs:ref-last-lp><xocs:ref-normalized-initial>G</xocs:ref-normalized-initial></xocs:ref-info><xocs:ref-info refid="h0060"><xocs:ref-normalized-surname>EDMONDSON</xocs:ref-normalized-surname><xocs:ref-pub-year>2014</xocs:ref-pub-year><xocs:ref-first-fp>84</xocs:ref-first-fp><xocs:ref-last-lp>90</xocs:ref-last-lp><xocs:ref-normalized-initial>P</xocs:ref-normalized-initial></xocs:ref-info><xocs:ref-info refid="h0065"><xocs:ref-normalized-surname>EDMONDSON</xocs:ref-normalized-surname><xocs:ref-pub-year>2011</xocs:ref-pub-year><xocs:ref-first-fp>731</xocs:ref-first-fp><xocs:ref-last-lp>734</xocs:ref-last-lp><xocs:ref-normalized-initial>P</xocs:ref-normalized-initial></xocs:ref-info><xocs:ref-info refid="h0070"><xocs:ref-normalized-surname>EDMONDSON</xocs:ref-normalized-surname><xocs:ref-pub-year>2013</xocs:ref-pub-year><xocs:ref-first-fp>210</xocs:ref-first-fp><xocs:ref-last-lp>216</xocs:ref-last-lp><xocs:ref-normalized-initial>P</xocs:ref-normalized-initial></xocs:ref-info><xocs:ref-info refid="h0075"><xocs:ref-normalized-surname>ODETTE</xocs:ref-normalized-surname><xocs:ref-pub-year>2011</xocs:ref-pub-year><xocs:ref-first-fp>1001</xocs:ref-first-fp><xocs:ref-last-lp>1004</xocs:ref-last-lp><xocs:ref-normalized-initial>G</xocs:ref-normalized-initial></xocs:ref-info><xocs:ref-info refid="h0080"><xocs:ref-normalized-surname>MILLER</xocs:ref-normalized-surname><xocs:ref-pub-year>2009</xocs:ref-pub-year><xocs:ref-first-fp>9</xocs:ref-first-fp><xocs:ref-last-lp>14</xocs:ref-last-lp><xocs:ref-normalized-initial>M</xocs:ref-normalized-initial></xocs:ref-info><xocs:ref-info refid="h0085"><xocs:ref-normalized-surname>MILLER</xocs:ref-normalized-surname><xocs:ref-pub-year>2013</xocs:ref-pub-year><xocs:ref-first-fp>1174</xocs:ref-first-fp><xocs:ref-last-lp>1178</xocs:ref-last-lp><xocs:ref-normalized-initial>M</xocs:ref-normalized-initial></xocs:ref-info><xocs:ref-info refid="h0090"><xocs:ref-normalized-surname>MILLER</xocs:ref-normalized-surname><xocs:ref-pub-year>2011</xocs:ref-pub-year><xocs:ref-first-fp>729</xocs:ref-first-fp><xocs:ref-last-lp>734</xocs:ref-last-lp><xocs:ref-normalized-initial>M</xocs:ref-normalized-initial></xocs:ref-info><xocs:ref-info refid="h0095"><xocs:ref-normalized-surname>CERTAIN</xocs:ref-normalized-surname><xocs:ref-pub-year>2013</xocs:ref-pub-year><xocs:ref-first-fp>311</xocs:ref-first-fp><xocs:ref-last-lp>321</xocs:ref-last-lp><xocs:ref-normalized-initial>A</xocs:ref-normalized-initial></xocs:ref-info><xocs:ref-info refid="h0100"><xocs:ref-normalized-surname>PARISH</xocs:ref-normalized-surname><xocs:ref-pub-year>2011</xocs:ref-pub-year><xocs:ref-first-fp>106</xocs:ref-first-fp><xocs:ref-last-lp>109</xocs:ref-last-lp><xocs:ref-normalized-initial>C</xocs:ref-normalized-initial></xocs:ref-info><xocs:ref-info refid="h0105"><xocs:ref-normalized-surname>MILLER</xocs:ref-normalized-surname><xocs:ref-pub-year>2009</xocs:ref-pub-year><xocs:ref-normalized-initial>M</xocs:ref-normalized-initial></xocs:ref-info><xocs:ref-info refid="h0110"><xocs:ref-normalized-surname>MILLER</xocs:ref-normalized-surname><xocs:ref-pub-year>2011</xocs:ref-pub-year><xocs:ref-first-fp>672</xocs:ref-first-fp><xocs:ref-last-lp>675</xocs:ref-last-lp><xocs:ref-normalized-initial>M</xocs:ref-normalized-initial></xocs:ref-info><xocs:ref-info refid="h0115"><xocs:ref-normalized-surname>BECK</xocs:ref-normalized-surname><xocs:ref-pub-year>2013</xocs:ref-pub-year><xocs:ref-first-fp>99</xocs:ref-first-fp><xocs:ref-last-lp>104</xocs:ref-last-lp><xocs:ref-normalized-initial>C</xocs:ref-normalized-initial></xocs:ref-info><xocs:ref-info refid="h0120"><xocs:ref-normalized-surname>ZIEGLER</xocs:ref-normalized-surname><xocs:ref-pub-year>1999</xocs:ref-pub-year><xocs:ref-first-fp>1249</xocs:ref-first-fp><xocs:ref-last-lp>1272</xocs:ref-last-lp><xocs:ref-normalized-initial>J</xocs:ref-normalized-initial></xocs:ref-info><xocs:ref-info refid="h0125"/><xocs:ref-info refid="h0130"><xocs:ref-normalized-surname>MILLER</xocs:ref-normalized-surname><xocs:ref-pub-year>2007</xocs:ref-pub-year><xocs:ref-first-fp>761</xocs:ref-first-fp><xocs:ref-last-lp>766</xocs:ref-last-lp><xocs:ref-normalized-initial>M</xocs:ref-normalized-initial></xocs:ref-info><xocs:ref-info refid="h0135"/><xocs:ref-info refid="h0140"><xocs:ref-normalized-surname>HYDE</xocs:ref-normalized-surname><xocs:ref-pub-year>2011</xocs:ref-pub-year><xocs:ref-first-fp>440</xocs:ref-first-fp><xocs:ref-last-lp>447</xocs:ref-last-lp><xocs:ref-normalized-initial>J</xocs:ref-normalized-initial></xocs:ref-info><xocs:ref-info refid="h0145"><xocs:ref-normalized-surname>SIKKA</xocs:ref-normalized-surname><xocs:ref-pub-year>1972</xocs:ref-pub-year><xocs:ref-first-fp>4942</xocs:ref-first-fp><xocs:ref-last-lp>4944</xocs:ref-last-lp><xocs:ref-normalized-initial>V</xocs:ref-normalized-initial></xocs:ref-info><xocs:ref-info refid="h0150"><xocs:ref-normalized-surname>EDMONDSON</xocs:ref-normalized-surname><xocs:ref-pub-year>2009</xocs:ref-pub-year><xocs:ref-first-fp>043505</xocs:ref-first-fp><xocs:ref-last-lp>043508</xocs:ref-last-lp><xocs:ref-normalized-initial>P</xocs:ref-normalized-initial></xocs:ref-info><xocs:ref-info refid="h0155"><xocs:ref-normalized-surname>WILLIAMS</xocs:ref-normalized-surname><xocs:ref-pub-year>1999</xocs:ref-pub-year><xocs:ref-first-fp>2424</xocs:ref-first-fp><xocs:ref-last-lp>2426</xocs:ref-last-lp><xocs:ref-normalized-initial>J</xocs:ref-normalized-initial></xocs:ref-info><xocs:ref-info refid="h0160"><xocs:ref-normalized-surname>PARISH</xocs:ref-normalized-surname><xocs:ref-pub-year>2012</xocs:ref-pub-year><xocs:ref-first-fp>1430</xocs:ref-first-fp><xocs:ref-last-lp>1431</xocs:ref-last-lp><xocs:ref-normalized-initial>C</xocs:ref-normalized-initial></xocs:ref-info><xocs:ref-info refid="h0165"><xocs:ref-normalized-surname>MILLER</xocs:ref-normalized-surname><xocs:ref-pub-year>2003</xocs:ref-pub-year><xocs:ref-first-fp>140</xocs:ref-first-fp><xocs:ref-last-lp>145</xocs:ref-last-lp><xocs:ref-normalized-initial>M</xocs:ref-normalized-initial></xocs:ref-info><xocs:ref-info refid="h0170"><xocs:ref-normalized-surname>CERTAIN</xocs:ref-normalized-surname><xocs:ref-pub-year>2010</xocs:ref-pub-year><xocs:ref-first-fp>2</xocs:ref-first-fp><xocs:ref-last-lp>9</xocs:ref-last-lp><xocs:ref-normalized-initial>A</xocs:ref-normalized-initial></xocs:ref-info><xocs:ref-info refid="h0175"><xocs:ref-normalized-surname>KLUEH</xocs:ref-normalized-surname><xocs:ref-pub-year>2005</xocs:ref-pub-year><xocs:ref-first-fp>103</xocs:ref-first-fp><xocs:ref-last-lp>114</xocs:ref-last-lp><xocs:ref-normalized-initial>R</xocs:ref-normalized-initial></xocs:ref-info><xocs:ref-info refid="h0180"><xocs:ref-normalized-surname>KOLLURI</xocs:ref-normalized-surname><xocs:ref-pub-year>2014</xocs:ref-pub-year><xocs:ref-first-fp>111</xocs:ref-first-fp><xocs:ref-last-lp>116</xocs:ref-last-lp><xocs:ref-normalized-initial>M</xocs:ref-normalized-initial></xocs:ref-info><xocs:ref-info refid="h0185"><xocs:ref-normalized-surname>KOLLURI</xocs:ref-normalized-surname><xocs:ref-pub-year>2014</xocs:ref-pub-year><xocs:ref-first-fp>1697</xocs:ref-first-fp><xocs:ref-last-lp>1703</xocs:ref-last-lp><xocs:ref-normalized-initial>M</xocs:ref-normalized-initial></xocs:ref-info></xocs:references><xocs:attachment-metadata-doc><xocs:attachment-set-type>item</xocs:attachment-set-type><xocs:pii-formatted>S0022-3115(14)00869-1</xocs:pii-formatted><xocs:pii-unformatted>S0022311514008691</xocs:pii-unformatted><xocs:eid>1-s2.0-S0022311514008691</xocs:eid><xocs:doi>10.1016/j.jnucmat.2014.11.067</xocs:doi><xocs:cid>271598</xocs:cid><xocs:timestamp>2016-04-10T08:09:42.415124-04:00</xocs:timestamp><xocs:path>/271598/1-s2.0-S0022311515X00055/1-s2.0-S0022311514008691/</xocs:path><xocs:cover-date-start>2015-07-01</xocs:cover-date-start><xocs:cover-date-end>2015-07-31</xocs:cover-date-end><xocs:attachments><xocs:web-pdf><xocs:attachment-eid>1-s2.0-S0022311514008691-main.pdf</xocs:attachment-eid><xocs:ucs-locator>https://s3-eu-west-1.amazonaws.com/prod-ucs-content-store-eu-west/content/pii:S0022311514008691/MAIN/application/pdf/77a349706c84f17e2b8d99e58ec4be63/main.pdf</xocs:ucs-locator><xocs:ucs-locator>https://s3.amazonaws.com/prod-ucs-content-store-us-east/content/pii:S0022311514008691/MAIN/application/pdf/77a349706c84f17e2b8d99e58ec4be63/main.pdf</xocs:ucs-locator><xocs:filename>main.pdf</xocs:filename><xocs:extension>pdf</xocs:extension><xocs:pdf-optimized>true</xocs:pdf-optimized><xocs:filesize>1566925</xocs:filesize><xocs:web-pdf-purpose>MAIN</xocs:web-pdf-purpose><xocs:web-pdf-page-count>5</xocs:web-pdf-page-count><xocs:web-pdf-images><xocs:web-pdf-image><xocs:attachment-eid>1-s2.0-S0022311514008691-main_1.png</xocs:attachment-eid><xocs:ucs-locator>https://s3-eu-west-1.amazonaws.com/prod-ucs-content-store-eu-west/content/pii:S0022311514008691/PREVIEW/image/png/da20370b09e28c16b774e963aed48dea/main_1.png</xocs:ucs-locator><xocs:ucs-locator>https://s3.amazonaws.com/prod-ucs-content-store-us-east/content/pii:S0022311514008691/PREVIEW/image/png/da20370b09e28c16b774e963aed48dea/main_1.png</xocs:ucs-locator><xocs:filename>main_1.png</xocs:filename><xocs:extension>png</xocs:extension><xocs:filesize>54641</xocs:filesize><xocs:pixel-height>849</xocs:pixel-height><xocs:pixel-width>656</xocs:pixel-width><xocs:attachment-type>IMAGE-WEB-PDF</xocs:attachment-type><xocs:pdf-page-num>1</xocs:pdf-page-num></xocs:web-pdf-image></xocs:web-pdf-images></xocs:web-pdf><xocs:attachment><xocs:attachment-eid>1-s2.0-S0022311514008691-gr1.sml</xocs:attachment-eid><xocs:ucs-locator>https://s3-eu-west-1.amazonaws.com/prod-ucs-content-store-eu-west/content/pii:S0022311514008691/gr1/THUMBNAIL/image/gif/855ac70ea9bd0356fb093ac5c02c11e9/gr1.sml</xocs:ucs-locator><xocs:ucs-locator>https://s3.amazonaws.com/prod-ucs-content-store-us-east/content/pii:S0022311514008691/gr1/THUMBNAIL/image/gif/855ac70ea9bd0356fb093ac5c02c11e9/gr1.sml</xocs:ucs-locator><xocs:file-basename>gr1</xocs:file-basename><xocs:filename>gr1.sml</xocs:filename><xocs:extension>sml</xocs:extension><xocs:filesize>4960</xocs:filesize><xocs:pixel-height>131</xocs:pixel-height><xocs:pixel-width>219</xocs:pixel-width><xocs:attachment-type>IMAGE-THUMBNAIL</xocs:attachment-type></xocs:attachment><xocs:attachment><xocs:attachment-eid>1-s2.0-S0022311514008691-gr2.sml</xocs:attachment-eid><xocs:ucs-locator>https://s3-eu-west-1.amazonaws.com/prod-ucs-content-store-eu-west/content/pii:S0022311514008691/gr2/THUMBNAIL/image/gif/09ceca245f8f8fc5be8459d862784dda/gr2.sml</xocs:ucs-locator><xocs:ucs-locator>https://s3.amazonaws.com/prod-ucs-content-store-us-east/content/pii:S0022311514008691/gr2/THUMBNAIL/image/gif/09ceca245f8f8fc5be8459d862784dda/gr2.sml</xocs:ucs-locator><xocs:file-basename>gr2</xocs:file-basename><xocs:filename>gr2.sml</xocs:filename><xocs:extension>sml</xocs:extension><xocs:filesize>26968</xocs:filesize><xocs:pixel-height>120</xocs:pixel-height><xocs:pixel-width>219</xocs:pixel-width><xocs:attachment-type>IMAGE-THUMBNAIL</xocs:attachment-type></xocs:attachment><xocs:attachment><xocs:attachment-eid>1-s2.0-S0022311514008691-gr3.sml</xocs:attachment-eid><xocs:ucs-locator>https://s3-eu-west-1.amazonaws.com/prod-ucs-content-store-eu-west/content/pii:S0022311514008691/gr3/THUMBNAIL/image/gif/f2fedcb73dc75bfa6c97a4ba54d2d86e/gr3.sml</xocs:ucs-locator><xocs:ucs-locator>https://s3.amazonaws.com/prod-ucs-content-store-us-east/content/pii:S0022311514008691/gr3/THUMBNAIL/image/gif/f2fedcb73dc75bfa6c97a4ba54d2d86e/gr3.sml</xocs:ucs-locator><xocs:file-basename>gr3</xocs:file-basename><xocs:filename>gr3.sml</xocs:filename><xocs:extension>sml</xocs:extension><xocs:filesize>15476</xocs:filesize><xocs:pixel-height>147</xocs:pixel-height><xocs:pixel-width>219</xocs:pixel-width><xocs:attachment-type>IMAGE-THUMBNAIL</xocs:attachment-type></xocs:attachment><xocs:attachment><xocs:attachment-eid>1-s2.0-S0022311514008691-gr4.sml</xocs:attachment-eid><xocs:ucs-locator>https://s3-eu-west-1.amazonaws.com/prod-ucs-content-store-eu-west/content/pii:S0022311514008691/gr4/THUMBNAIL/image/gif/aeb2d7e7791fcf6db205eb95355d8d78/gr4.sml</xocs:ucs-locator><xocs:ucs-locator>https://s3.amazonaws.com/prod-ucs-content-store-us-east/content/pii:S0022311514008691/gr4/THUMBNAIL/image/gif/aeb2d7e7791fcf6db205eb95355d8d78/gr4.sml</xocs:ucs-locator><xocs:file-basename>gr4</xocs:file-basename><xocs:filename>gr4.sml</xocs:filename><xocs:extension>sml</xocs:extension><xocs:filesize>26863</xocs:filesize><xocs:pixel-height>144</xocs:pixel-height><xocs:pixel-width>219</xocs:pixel-width><xocs:attachment-type>IMAGE-THUMBNAIL</xocs:attachment-type></xocs:attachment><xocs:attachment><xocs:attachment-eid>1-s2.0-S0022311514008691-gr5.sml</xocs:attachment-eid><xocs:ucs-locator>https://s3-eu-west-1.amazonaws.com/prod-ucs-content-store-eu-west/content/pii:S0022311514008691/gr5/THUMBNAIL/image/gif/7caac4f564cc46fda3872cbdcbc724c4/gr5.sml</xocs:ucs-locator><xocs:ucs-locator>https://s3.amazonaws.com/prod-ucs-content-store-us-east/content/pii:S0022311514008691/gr5/THUMBNAIL/image/gif/7caac4f564cc46fda3872cbdcbc724c4/gr5.sml</xocs:ucs-locator><xocs:file-basename>gr5</xocs:file-basename><xocs:filename>gr5.sml</xocs:filename><xocs:extension>sml</xocs:extension><xocs:filesize>16209</xocs:filesize><xocs:pixel-height>164</xocs:pixel-height><xocs:pixel-width>120</xocs:pixel-width><xocs:attachment-type>IMAGE-THUMBNAIL</xocs:attachment-type></xocs:attachment><xocs:attachment><xocs:attachment-eid>1-s2.0-S0022311514008691-gr6.sml</xocs:attachment-eid><xocs:ucs-locator>https://s3-eu-west-1.amazonaws.com/prod-ucs-content-store-eu-west/content/pii:S0022311514008691/gr6/THUMBNAIL/image/gif/00e7c028a3e2ab4c45e9ffb73a4306b3/gr6.sml</xocs:ucs-locator><xocs:ucs-locator>https://s3.amazonaws.com/prod-ucs-content-store-us-east/content/pii:S0022311514008691/gr6/THUMBNAIL/image/gif/00e7c028a3e2ab4c45e9ffb73a4306b3/gr6.sml</xocs:ucs-locator><xocs:file-basename>gr6</xocs:file-basename><xocs:filename>gr6.sml</xocs:filename><xocs:extension>sml</xocs:extension><xocs:filesize>6554</xocs:filesize><xocs:pixel-height>164</xocs:pixel-height><xocs:pixel-width>198</xocs:pixel-width><xocs:attachment-type>IMAGE-THUMBNAIL</xocs:attachment-type></xocs:attachment><xocs:attachment><xocs:attachment-eid>1-s2.0-S0022311514008691-gr1.jpg</xocs:attachment-eid><xocs:ucs-locator>https://s3-eu-west-1.amazonaws.com/prod-ucs-content-store-eu-west/content/pii:S0022311514008691/gr1/DOWNSAMPLED/image/jpeg/b4a78d68c84564ee88ea3180b03da021/gr1.jpg</xocs:ucs-locator><xocs:ucs-locator>https://s3.amazonaws.com/prod-ucs-content-store-us-east/content/pii:S0022311514008691/gr1/DOWNSAMPLED/image/jpeg/b4a78d68c84564ee88ea3180b03da021/gr1.jpg</xocs:ucs-locator><xocs:file-basename>gr1</xocs:file-basename><xocs:filename>gr1.jpg</xocs:filename><xocs:extension>jpg</xocs:extension><xocs:filesize>14815</xocs:filesize><xocs:pixel-height>222</xocs:pixel-height><xocs:pixel-width>371</xocs:pixel-width><xocs:attachment-type>IMAGE-DOWNSAMPLED</xocs:attachment-type></xocs:attachment><xocs:attachment><xocs:attachment-eid>1-s2.0-S0022311514008691-gr2.jpg</xocs:attachment-eid><xocs:ucs-locator>https://s3-eu-west-1.amazonaws.com/prod-ucs-content-store-eu-west/content/pii:S0022311514008691/gr2/DOWNSAMPLED/image/jpeg/178032009a9aa572580d4c28cad62689/gr2.jpg</xocs:ucs-locator><xocs:ucs-locator>https://s3.amazonaws.com/prod-ucs-content-store-us-east/content/pii:S0022311514008691/gr2/DOWNSAMPLED/image/jpeg/178032009a9aa572580d4c28cad62689/gr2.jpg</xocs:ucs-locator><xocs:file-basename>gr2</xocs:file-basename><xocs:filename>gr2.jpg</xocs:filename><xocs:extension>jpg</xocs:extension><xocs:filesize>104282</xocs:filesize><xocs:pixel-height>341</xocs:pixel-height><xocs:pixel-width>623</xocs:pixel-width><xocs:attachment-type>IMAGE-DOWNSAMPLED</xocs:attachment-type></xocs:attachment><xocs:attachment><xocs:attachment-eid>1-s2.0-S0022311514008691-gr3.jpg</xocs:attachment-eid><xocs:ucs-locator>https://s3-eu-west-1.amazonaws.com/prod-ucs-content-store-eu-west/content/pii:S0022311514008691/gr3/DOWNSAMPLED/image/jpeg/21a9822abac6b56a840caa6015acbabb/gr3.jpg</xocs:ucs-locator><xocs:ucs-locator>https://s3.amazonaws.com/prod-ucs-content-store-us-east/content/pii:S0022311514008691/gr3/DOWNSAMPLED/image/jpeg/21a9822abac6b56a840caa6015acbabb/gr3.jpg</xocs:ucs-locator><xocs:file-basename>gr3</xocs:file-basename><xocs:filename>gr3.jpg</xocs:filename><xocs:extension>jpg</xocs:extension><xocs:filesize>30678</xocs:filesize><xocs:pixel-height>249</xocs:pixel-height><xocs:pixel-width>370</xocs:pixel-width><xocs:attachment-type>IMAGE-DOWNSAMPLED</xocs:attachment-type></xocs:attachment><xocs:attachment><xocs:attachment-eid>1-s2.0-S0022311514008691-gr4.jpg</xocs:attachment-eid><xocs:ucs-locator>https://s3-eu-west-1.amazonaws.com/prod-ucs-content-store-eu-west/content/pii:S0022311514008691/gr4/DOWNSAMPLED/image/jpeg/e19cf845ea57cb335bb90612c93b2568/gr4.jpg</xocs:ucs-locator><xocs:ucs-locator>https://s3.amazonaws.com/prod-ucs-content-store-us-east/content/pii:S0022311514008691/gr4/DOWNSAMPLED/image/jpeg/e19cf845ea57cb335bb90612c93b2568/gr4.jpg</xocs:ucs-locator><xocs:file-basename>gr4</xocs:file-basename><xocs:filename>gr4.jpg</xocs:filename><xocs:extension>jpg</xocs:extension><xocs:filesize>61388</xocs:filesize><xocs:pixel-height>246</xocs:pixel-height><xocs:pixel-width>373</xocs:pixel-width><xocs:attachment-type>IMAGE-DOWNSAMPLED</xocs:attachment-type></xocs:attachment><xocs:attachment><xocs:attachment-eid>1-s2.0-S0022311514008691-gr5.jpg</xocs:attachment-eid><xocs:ucs-locator>https://s3-eu-west-1.amazonaws.com/prod-ucs-content-store-eu-west/content/pii:S0022311514008691/gr5/DOWNSAMPLED/image/jpeg/c03f8446e1424fa1107b34cfaad93bac/gr5.jpg</xocs:ucs-locator><xocs:ucs-locator>https://s3.amazonaws.com/prod-ucs-content-store-us-east/content/pii:S0022311514008691/gr5/DOWNSAMPLED/image/jpeg/c03f8446e1424fa1107b34cfaad93bac/gr5.jpg</xocs:ucs-locator><xocs:file-basename>gr5</xocs:file-basename><xocs:filename>gr5.jpg</xocs:filename><xocs:extension>jpg</xocs:extension><xocs:filesize>39000</xocs:filesize><xocs:pixel-height>412</xocs:pixel-height><xocs:pixel-width>301</xocs:pixel-width><xocs:attachment-type>IMAGE-DOWNSAMPLED</xocs:attachment-type></xocs:attachment><xocs:attachment><xocs:attachment-eid>1-s2.0-S0022311514008691-gr6.jpg</xocs:attachment-eid><xocs:ucs-locator>https://s3-eu-west-1.amazonaws.com/prod-ucs-content-store-eu-west/content/pii:S0022311514008691/gr6/DOWNSAMPLED/image/jpeg/1b173a49e1f28189c2822c4a4d5775f2/gr6.jpg</xocs:ucs-locator><xocs:ucs-locator>https://s3.amazonaws.com/prod-ucs-content-store-us-east/content/pii:S0022311514008691/gr6/DOWNSAMPLED/image/jpeg/1b173a49e1f28189c2822c4a4d5775f2/gr6.jpg</xocs:ucs-locator><xocs:file-basename>gr6</xocs:file-basename><xocs:filename>gr6.jpg</xocs:filename><xocs:extension>jpg</xocs:extension><xocs:filesize>20904</xocs:filesize><xocs:pixel-height>303</xocs:pixel-height><xocs:pixel-width>366</xocs:pixel-width><xocs:attachment-type>IMAGE-DOWNSAMPLED</xocs:attachment-type></xocs:attachment></xocs:attachments></xocs:attachment-metadata-doc><xocs:refkeys><xocs:refkey3>EDMONDSONX2015X369</xocs:refkey3><xocs:refkey4lp>EDMONDSONX2015X369X373</xocs:refkey4lp><xocs:refkey4ai>EDMONDSONX2015X369XP</xocs:refkey4ai><xocs:refkey5>EDMONDSONX2015X369X373XP</xocs:refkey5></xocs:refkeys><xocs:open-access><xocs:oa-article-status is-open-access="1" is-open-archive="0">Full</xocs:oa-article-status><xocs:oa-access-effective-date>2014-11-25T07:31:17Z</xocs:oa-access-effective-date><xocs:oa-sponsor><xocs:oa-sponsor-type>FundingBody</xocs:oa-sponsor-type><xocs:oa-sponsor-name>Engineering and Physical Sciences Research Council</xocs:oa-sponsor-name></xocs:oa-sponsor><xocs:oa-user-license>http://creativecommons.org/licenses/by/4.0/</xocs:oa-user-license></xocs:open-access></xocs:meta><xocs:serial-item><article docsubtype="fla" xml:lang="en" version="5.2" xmlns:sa="http://www.elsevier.com/xml/common/struct-aff/dtd"><item-info><jid>NUMA</jid><aid>48661</aid><ce:pii>S0022-3115(14)00869-1</ce:pii><ce:doi>10.1016/j.jnucmat.2014.11.067</ce:doi><ce:copyright type="us-gov" year="2014"/></item-info><ce:floats><ce:figure id="f0005"><ce:label>Fig. 1</ce:label><ce:caption id="cn0055"><ce:simple-para id="sp0010" view="all">Bulk rhenium concentration distribution in irradiated and non-irradiated W–5<ce:hsp sp="0.25"/>wt.%Re.</ce:simple-para></ce:caption><ce:link locator="gr1"/></ce:figure><ce:figure id="f0010"><ce:label>Fig. 2</ce:label><ce:caption id="cn0060"><ce:simple-para id="sp0015" view="all">Re atom map plots for (a and e) bulk, 300<ce:hsp sp="0.25"/>°C; (b and f) needle, 300<ce:hsp sp="0.25"/>°C; (c and g) bulk, 500<ce:hsp sp="0.25"/>°C; and (d and h) needle, 500<ce:hsp sp="0.25"/>°C, (a–d) shows all Re atoms detected within a rectangular volume (40<ce:hsp sp="0.25"/>×<ce:hsp sp="0.25"/>45<ce:hsp sp="0.25"/>×<ce:hsp sp="0.25"/>6<ce:hsp sp="0.25"/>nm); bottom row shows only Re atoms contained within clusters.</ce:simple-para></ce:caption><ce:link locator="gr2"/></ce:figure><ce:figure id="f0015"><ce:label>Fig. 3</ce:label><ce:caption id="cn0065"><ce:simple-para id="sp0020" view="all">Normalised plots of cluster size distribution for bulk and electropolished needle samples of W–25Re irradiated to 1.5<ce:hsp sp="0.25"/>dpa at 300 and 500<ce:hsp sp="0.25"/>°C.</ce:simple-para></ce:caption><ce:link locator="gr3"/></ce:figure><ce:figure id="f0020"><ce:label>Fig. 4</ce:label><ce:caption id="cn0070"><ce:simple-para id="sp0025" view="all">Atom maps of the ODS–14YT material showing only Y, Ti and O atoms. Data was collected from (a) un-irradiated electropolished needle, (b) un-irradiated FIB prepared needle, and (c) irradiated (50<ce:hsp sp="0.25"/>dpa, 700<ce:hsp sp="0.25"/>°C) FIB prepared needle.</ce:simple-para></ce:caption><ce:link locator="gr4"/></ce:figure><ce:figure id="f0025"><ce:label>Fig. 5</ce:label><ce:caption id="cn0075"><ce:simple-para id="sp0030" view="all">Histogram plots of the number density of particles with specific radii for the three different conditions: un-irradiated and electropolished, un-irradiated and FIB prepared, and irradiated to 50<ce:hsp sp="0.25"/>dpa and FIB prepared.</ce:simple-para></ce:caption><ce:link locator="gr5"/></ce:figure><ce:figure id="f0030"><ce:label>Fig. 6</ce:label><ce:caption id="cn0080"><ce:simple-para id="sp0035" view="all">Plot of the relative cluster sizes for various Y:Ti ratios.</ce:simple-para></ce:caption><ce:link locator="gr6"/></ce:figure><ce:table frame="topbot" id="t0005" rowsep="0" colsep="0" xmlns="http://www.elsevier.com/xml/common/cals/dtd"><ce:label>Table 1</ce:label><ce:caption id="cn0085"><ce:simple-para id="sp0040" view="all">Summary of the cluster composition, average diameter and number density for the irradiated W–25Re specimen.</ce:simple-para></ce:caption><tgroup cols="4"><colspec colname="col1" align="left"/><colspec colname="col2" align="char" char="."/><colspec colname="col3" align="char" char="."/><colspec colname="col4" align="char" char="."/><thead><row rowsep="1" valign="top"><entry xmlns="http://www.elsevier.com/xml/common/dtd"/><entry xmlns="http://www.elsevier.com/xml/common/dtd">Re content (at.%)</entry><entry xmlns="http://www.elsevier.com/xml/common/dtd">Average diameter (nm)</entry><entry xmlns="http://www.elsevier.com/xml/common/dtd">Number density (×1000/μm<sup loc="post">3</sup>)</entry></row></thead><tbody><row valign="top"><entry xmlns="http://www.elsevier.com/xml/common/dtd">1.5<hsp sp="0.25"/>dpa, 300<hsp sp="0.25"/>°C, bulk</entry><entry align="char" char="." xmlns="http://www.elsevier.com/xml/common/dtd">32.6</entry><entry align="char" char="." xmlns="http://www.elsevier.com/xml/common/dtd">2.04</entry><entry align="char" char="." xmlns="http://www.elsevier.com/xml/common/dtd">7001</entry></row><row valign="top"><entry xmlns="http://www.elsevier.com/xml/common/dtd">1.5<hsp sp="0.25"/>dpa, 300<hsp sp="0.25"/>°C, needle</entry><entry align="char" char="." xmlns="http://www.elsevier.com/xml/common/dtd">34.5</entry><entry align="char" char="." xmlns="http://www.elsevier.com/xml/common/dtd">2.34</entry><entry align="char" char="." xmlns="http://www.elsevier.com/xml/common/dtd">7956</entry></row><row valign="top"><entry xmlns="http://www.elsevier.com/xml/common/dtd">1.5<hsp sp="0.25"/>dpa, 500<hsp sp="0.25"/>°C, bulk</entry><entry align="char" char="." xmlns="http://www.elsevier.com/xml/common/dtd">35.2</entry><entry align="char" char="." xmlns="http://www.elsevier.com/xml/common/dtd">1.98</entry><entry align="char" char="." xmlns="http://www.elsevier.com/xml/common/dtd">695</entry></row><row valign="top"><entry xmlns="http://www.elsevier.com/xml/common/dtd">1.5<hsp sp="0.25"/>dpa, 500<hsp sp="0.25"/>°C, needle</entry><entry align="char" char="." xmlns="http://www.elsevier.com/xml/common/dtd">43.6</entry><entry align="char" char="." xmlns="http://www.elsevier.com/xml/common/dtd">1.85</entry><entry align="char" char="." xmlns="http://www.elsevier.com/xml/common/dtd">264</entry></row></tbody></tgroup></ce:table><ce:table frame="topbot" id="t0010" rowsep="0" colsep="0" xmlns="http://www.elsevier.com/xml/common/cals/dtd"><ce:label>Table 2</ce:label><ce:caption id="cn0090"><ce:simple-para id="sp0045" view="all">Composition of the oxide dispersion strengthened steel 14YT used in this study.</ce:simple-para></ce:caption><tgroup cols="10"><colspec colname="col1" align="left"/><colspec colname="col2" align="left"/><colspec colname="col3" align="left"/><colspec colname="col4" align="left"/><colspec colname="col5" align="left"/><colspec colname="col6" align="left"/><colspec colname="col7" align="left"/><colspec colname="col8" align="left"/><colspec colname="col9" align="left"/><colspec colname="col10" align="left"/><thead><row rowsep="1" valign="top"><entry xmlns="http://www.elsevier.com/xml/common/dtd"/><entry xmlns="http://www.elsevier.com/xml/common/dtd">Fe</entry><entry xmlns="http://www.elsevier.com/xml/common/dtd">Cr</entry><entry xmlns="http://www.elsevier.com/xml/common/dtd">Ti</entry><entry xmlns="http://www.elsevier.com/xml/common/dtd">Y</entry><entry xmlns="http://www.elsevier.com/xml/common/dtd">O</entry><entry xmlns="http://www.elsevier.com/xml/common/dtd">C</entry><entry xmlns="http://www.elsevier.com/xml/common/dtd">N</entry><entry xmlns="http://www.elsevier.com/xml/common/dtd">Si</entry><entry xmlns="http://www.elsevier.com/xml/common/dtd">Mn</entry></row></thead><tbody><row valign="top"><entry xmlns="http://www.elsevier.com/xml/common/dtd">at.%</entry><entry align="char" char="." xmlns="http://www.elsevier.com/xml/common/dtd">87.3</entry><entry align="char" char="." xmlns="http://www.elsevier.com/xml/common/dtd">11.5</entry><entry align="char" char="." xmlns="http://www.elsevier.com/xml/common/dtd">0.25</entry><entry align="char" char="." xmlns="http://www.elsevier.com/xml/common/dtd">0.19</entry><entry align="char" char="." xmlns="http://www.elsevier.com/xml/common/dtd">0.69</entry><entry align="char" char="." xmlns="http://www.elsevier.com/xml/common/dtd">0.02</entry><entry align="char" char="." xmlns="http://www.elsevier.com/xml/common/dtd">0.07</entry><entry align="char" char="." xmlns="http://www.elsevier.com/xml/common/dtd">0.01</entry><entry align="char" char="." xmlns="http://www.elsevier.com/xml/common/dtd">0.03</entry></row></tbody></tgroup></ce:table><ce:table frame="topbot" id="t0015" rowsep="0" colsep="0" xmlns="http://www.elsevier.com/xml/common/cals/dtd"><ce:label>Table 3</ce:label><ce:caption id="cn0095"><ce:simple-para id="sp0050" view="all">Cluster number density and average cluster relative composition of Y, Ti and O as determined from the atom probe data. The number given in the parentheses is the standard deviation.</ce:simple-para></ce:caption><tgroup cols="5"><colspec colname="col1" align="left"/><colspec colname="col2" align="left"/><colspec colname="col3" align="left"/><colspec colname="col4" align="left"/><colspec colname="col5" align="left"/><thead><row rowsep="1" valign="top"><entry xmlns="http://www.elsevier.com/xml/common/dtd"/><entry xmlns="http://www.elsevier.com/xml/common/dtd">Cluster number density (1<hsp sp="0.25"/>×<hsp sp="0.25"/>10<sup loc="post">23</sup><hsp sp="0.25"/>#/m<sup loc="post">−3</sup>)</entry><entry xmlns="http://www.elsevier.com/xml/common/dtd">Y</entry><entry xmlns="http://www.elsevier.com/xml/common/dtd">Ti</entry><entry xmlns="http://www.elsevier.com/xml/common/dtd">O</entry></row></thead><tbody><row valign="top"><entry xmlns="http://www.elsevier.com/xml/common/dtd">Un-irradiated, electropolished</entry><entry align="char" char="." xmlns="http://www.elsevier.com/xml/common/dtd">3.0</entry><entry xmlns="http://www.elsevier.com/xml/common/dtd">0.24 (0.10)</entry><entry xmlns="http://www.elsevier.com/xml/common/dtd">0.19 (0.06)</entry><entry xmlns="http://www.elsevier.com/xml/common/dtd">0.57 (0.06)</entry></row><row valign="top"><entry xmlns="http://www.elsevier.com/xml/common/dtd">Un-irradiated, FIB prepared</entry><entry align="char" char="." xmlns="http://www.elsevier.com/xml/common/dtd">2.7</entry><entry xmlns="http://www.elsevier.com/xml/common/dtd">0.23 (0.09)</entry><entry xmlns="http://www.elsevier.com/xml/common/dtd">0.17 (0.06)</entry><entry xmlns="http://www.elsevier.com/xml/common/dtd">0.59 (0.05)</entry></row><row valign="top"><entry xmlns="http://www.elsevier.com/xml/common/dtd">Irradiated to 50<hsp sp="0.25"/>dpa, FIB prepared</entry><entry align="char" char="." xmlns="http://www.elsevier.com/xml/common/dtd">3.7</entry><entry xmlns="http://www.elsevier.com/xml/common/dtd">0.18 (0.06)</entry><entry xmlns="http://www.elsevier.com/xml/common/dtd">0.27 (0.07)</entry><entry xmlns="http://www.elsevier.com/xml/common/dtd">0.55 (0.06)</entry></row></tbody></tgroup></ce:table></ce:floats><head><ce:title id="tm005">Small-scale characterisation of irradiated nuclear materials: Part I – Microstructure</ce:title><ce:author-group id="ag005"><ce:author id="au005"><ce:given-name>P.D.</ce:given-name><ce:surname>Edmondson</ce:surname><ce:cross-ref refid="cor1" id="c0005"><ce:sup loc="post">⁎</ce:sup></ce:cross-ref><ce:e-address type="email" id="em005">edmondsonpd@ornl.gov</ce:e-address></ce:author><ce:author id="au010"><ce:given-name>A.</ce:given-name><ce:surname>London</ce:surname></ce:author><ce:author id="au015"><ce:given-name>A.</ce:given-name><ce:surname>Xu</ce:surname></ce:author><ce:author id="au020"><ce:given-name>D.E.J.</ce:given-name><ce:surname>Armstrong</ce:surname></ce:author><ce:author id="au025"><ce:given-name>S.G.</ce:given-name><ce:surname>Roberts</ce:surname></ce:author><ce:affiliation id="af005"><ce:textfn>Department of Materials, University of Oxford, Parks Road, Oxford OX1 3PH, UK</ce:textfn><sa:affiliation><sa:organization>Department of Materials</sa:organization><sa:organization>University of Oxford</sa:organization><sa:address-line>Parks Road</sa:address-line><sa:city>Oxford</sa:city><sa:postal-code>OX1 3PH</sa:postal-code><sa:country>UK</sa:country></sa:affiliation></ce:affiliation><ce:correspondence id="cor1"><ce:label>⁎</ce:label><ce:text>Corresponding author at: Materials Science and Technology Division, Oak Ridge National Laboratory, Oak Ridge, TN 37831, USA.</ce:text></ce:correspondence></ce:author-group><ce:abstract class="author" xml:lang="en" id="ab005" view="all"><ce:section-title id="st005">Abstract</ce:section-title><ce:abstract-sec id="as005" view="all"><ce:simple-para id="sp0005" view="all">The behaviour of nanometre-scale precipitates in oxide dispersion strengthened (ODS) ferritic alloys and tungsten–rhenium alloys for nuclear applications has been examined by atom probe tomography (APT). Low Re content tungsten alloys showed no evidence of Re clustering following self-ion irradiation whereas the 25<ce:hsp sp="0.25"/>at.% Re resulted in cluster formation. The size and composition of clusters varied depending on the material form during irradiation (pre-sharpened needle or bulk). These results highlight the care that must be taken in interpreting data from ion irradiated pre-sharpened needles due to the presence of free surfaces. Self-ion irradiation of the ODS ferritic alloy resulted in a change in the composition of the clusters, indicating a transition from a near-stoichiometric Y<ce:inf loc="post">2</ce:inf>Ti<ce:inf loc="post">2</ce:inf>O<ce:inf loc="post">7</ce:inf> composition towards a Ti<ce:inf loc="post">2</ce:inf>YO<ce:inf loc="post">5</ce:inf>.</ce:simple-para></ce:abstract-sec></ce:abstract></head><body view="all"><ce:sections><ce:section id="s0005" view="all"><ce:label>1</ce:label><ce:section-title id="st010">Introduction</ce:section-title><ce:para id="p0005" view="all">The next generation of nuclear reactors – both fission and fusion – will see the materials from which they are constructed being subjected to greater extremes than those currently in service; these extremes primarily being high temperatures and greater damage levels <ce:cross-refs refid="b0005 b0010" id="r0005">[1,2]</ce:cross-refs>. As such it is necessary to develop new materials that can withstand these extremes more than the materials that are currently in use today. Two highly prominent materials for advanced reactor designs are oxide dispersion strengthened ferritic alloys (including the nanostructured ferritic alloy class) and tungsten. Both of these materials can suffer from radiation-induced microstructural changes that are detrimental to the mechanical properties of the alloys.</ce:para><ce:section id="s0010" view="all"><ce:label>1.1</ce:label><ce:section-title id="st015">Tungsten</ce:section-title><ce:para id="p0010" view="all">Tungsten is the prime candidate material for the plasma facing components (PFCs) of future fusion devices such as ITER and DEMO <ce:cross-refs refid="b0015 b0020 b0025" id="r0010">[3–5]</ce:cross-refs>. During operations the deuterium–tritium reaction results in the production of 14.1<ce:hsp sp="0.25"/>MeV energetic neutrons that may interact with the PFC material. This interaction can result in two types of material modification: lattice damage caused by the permanent displacement of atoms from their lattice sites, and transmutation reactions whereby the matrix atoms are chemically altered into another element. The lattice damage generated will take the form of fundamental defects e.g. interstitials and vacancies, and more complex defects such as dislocations, stacking faults and voids. Chemical transmutation occurs as a function of neutron energy and fluence <ce:cross-ref refid="b0030" id="c0010">[6]</ce:cross-ref>. It has been predicted that under fusion-like conditions the most common transmutation products from a pure tungsten component after 5<ce:hsp sp="0.25"/>years of full-power operation will include W, Re, Os, Ta, Hf, He and H <ce:cross-refs refid="b0020 b0030" id="r0015">[4,6]</ce:cross-refs> with the most common transmutation products being Re and Os (5 and 3<ce:hsp sp="0.25"/>at.% respectively after 5<ce:hsp sp="0.25"/>years operation).</ce:para><ce:para id="p0015" view="all">Pure tungsten is inherently brittle at low temperatures (∼400–500<ce:hsp sp="0.25"/>°C <ce:cross-refs refid="b0035 b0040" id="r0020">[7,8]</ce:cross-refs>) but through alloying with Re the brittle-to-ductile transition temperature can be reduced. Therefore the production of Re due to transmutation should be beneficial. However the displacing irradiation can result in radiation-enhanced clustering of the transmutation products <ce:cross-ref refid="b0045" id="c0015">[9]</ce:cross-ref>. The resulting clusters can be <ce:italic>σ</ce:italic> or <ce:italic>χ</ce:italic> phases (ReW and Re<ce:inf loc="post">3</ce:inf>W respectively) that can facilitate embrittlement <ce:cross-ref refid="b0045" id="c0020">[9]</ce:cross-ref>. It is therefore necessary to understand the parameter space within which W–Re (and W–Re–Os) cluster formation occurs so that steps can be taken to mitigate the diminution of mechanical properties.</ce:para></ce:section><ce:section id="s0015" view="all"><ce:label>1.2</ce:label><ce:section-title id="st020">Oxide dispersion strengthened ferritic alloys</ce:section-title><ce:para id="p0020" view="all">The class of steels known as oxide dispersion strengthened (ODS) ferritic alloys (also known as nanostructured ferritic alloys) consist of a dispersion of ultra-fine oxide particles throughout the matrix. These oxide particles serve to improve the mechanical properties of the system, particularly at high temperatures, of the system through inhibiting dislocation motion and grain boundary sliding. In nuclear applications the oxide particles have been suggested to act as point defect sinks <ce:cross-refs refid="b0050 b0055" id="r0025">[10,11]</ce:cross-refs> to improve radiation tolerance, and as preferential sites for the formation of nano-scale He bubbles therefore reducing swelling compared to non-ODS steels <ce:cross-refs refid="b0060 b0065 b0070 b0075" id="r0030">[12–15]</ce:cross-refs>. The ability of the oxide particles to improve these properties depends on the structure and composition of the particles <ce:cross-refs refid="b0050 b0055 b0080 b0085" id="r0035">[10,11,16,17]</ce:cross-refs> and their stability under irradiation. Typical compositions of ODS steels include between 9 and 14<ce:hsp sp="0.25"/>at.% Cr for oxidation resistance (most commonly 14<ce:hsp sp="0.25"/>at.%); W for solid solution hardening; Y<ce:inf loc="post">2</ce:inf>O<ce:inf loc="post">3</ce:inf> that is put into solid solution during the initial, mechanical alloying, process but then during consolidation at high temperatures forms precipitates; and Ti to inhibit significant growth of the oxide particles; the balance being made up of Fe and impurities <ce:cross-ref refid="b0090" id="c0025">[18]</ce:cross-ref>. For this reason these steels are often referred to as 14YWT, reflecting the constituent elements.</ce:para><ce:para id="p0025" view="all">Previous studies of the radiation behaviour of the particles under irradiation <ce:cross-refs refid="b0095 b0100" id="r0040">[19,20]</ce:cross-refs> showed that at temperatures of 100<ce:hsp sp="0.25"/>°C and below, oxide particles can be dissolved back into the matrix whereas at higher temperatures, refinement and growth can be observed <ce:cross-refs refid="b0105 b0110" id="r0045">[21,22]</ce:cross-refs>. This clearly indicates that the radiation has some effect on the oxide particles, and that a more detailed understanding of this radiation response is required.</ce:para></ce:section></ce:section><ce:section id="s0020" view="all"><ce:label>2</ce:label><ce:section-title id="st025">Experimental methods</ce:section-title><ce:section id="s0025" view="all"><ce:label>2.1</ce:label><ce:section-title id="st030">Tungsten</ce:section-title><ce:para id="p0030" view="all">The tungsten materials used in this study came in the form of wire or bulk specimens. The alloy wires were 0.25<ce:hsp sp="0.25"/>mm in diameter with compositions of W–3<ce:hsp sp="0.25"/>wt.%Re, W–5<ce:hsp sp="0.25"/>wt.%Re and W–25<ce:hsp sp="0.25"/>wt.%Re (W–3Re, W–5Re, and W–25Re respectively); purchased from Goodfellows and with a total impurity concentration below ∼210<ce:hsp sp="0.25"/>ppm. The wires were annealed at 1400<ce:hsp sp="0.25"/>°C for 12<ce:hsp sp="0.25"/>h to ensure a dislocation free structure prior to electropolishing in a 5<ce:hsp sp="0.25"/>wt.% NaOH solution to form a needle for atom probe analysis.</ce:para><ce:para id="p0035" view="all">Bulk samples of W–25Re were prepared by vacuum arc melting of tungsten (Sigma Aldrich) and rhenium (AEE) powders. The impurity levels of the material was determined by X-ray fluorescence to be below ∼210<ce:hsp sp="0.25"/>ppm <ce:cross-ref refid="b0115" id="c0030">[23]</ce:cross-ref>. The surface of the bulk material was mechanically polished to a mirror-like finish using colloidal silica as the final polishing medium.</ce:para><ce:para id="p0040" view="all">Both bulk and needle-shaped specimens were irradiated with 2<ce:hsp sp="0.25"/>MeV<ce:hsp sp="0.25"/>W ions to a fluence of 1<ce:hsp sp="0.25"/>×<ce:hsp sp="0.25"/>10<ce:sup loc="post">14</ce:sup><ce:hsp sp="0.25"/>ions<ce:hsp sp="0.25"/>cm<ce:sup loc="post">−2</ce:sup> (equivalent to 1.5 displacements per atom, dpa) at temperatures of 300 and 500<ce:hsp sp="0.25"/>°C using the Tandem accelerator at the University of Surrey Ion Beam Centre. During irradiation the needle-shaped specimens were orientated parallel to the direction of the ion beam i.e. the irradiation was head-on to the apex of the needle. The ion fluences were converted to damage levels in dpa using information obtained using the Stopping and Ranges of Ions in Matter (SRIM) simulation program <ce:cross-ref refid="b0120" id="c0035">[24]</ce:cross-ref> using the Kinchin–Pease model and a displacement energy, <ce:italic>E<ce:inf loc="post">d</ce:inf></ce:italic>, of 68<ce:hsp sp="0.25"/>eV <ce:cross-ref refid="b0125" id="c0040">[25]</ce:cross-ref>.</ce:para><ce:para id="p0045" view="all">Following ion irradiation the samples were prepared from the bulk material for atom probe analysis using a focussed ion beam (FIB) technique <ce:cross-ref refid="b0130" id="c0045">[26]</ce:cross-ref>. Samples from both bulk and needle-shaped specimens were analysed using a Cameca LEAP 3000X HR operating in laser-mode with a specimen temperature of 50<ce:hsp sp="0.25"/>K and a pulse energy of 0.6–0.8<ce:hsp sp="0.25"/>nJ.</ce:para></ce:section><ce:section id="s0030" view="all"><ce:label>2.2</ce:label><ce:section-title id="st035">Oxide dispersion strengthened steel–14YT</ce:section-title><ce:para id="p0050" view="all">The oxide dispersion strengthened steel (referred to from here-on-in as 14YT) was prepared by the weighing and mixing of high purity of elemental powders (Fe, Ti, Cr and Y<ce:inf loc="post">2</ce:inf>O<ce:inf loc="post">3</ce:inf>) to give a composition of Fe–14Cr–0.2Ti–0.3Y<ce:inf loc="post">2</ce:inf>O<ce:inf loc="post">3</ce:inf> (all<ce:hsp sp="0.25"/>wt.%). The full composition is given in <ce:cross-ref refid="t0010" id="c0050">Table 2</ce:cross-ref>. The solid solution hardener W was not included in this composition in order to study the fundamental radiation response of the nanoclusters with no contribution from the W. The mixed powders were mechanically alloyed by ball milling (Simolayer CM-08) in an argon atmosphere for 4<ce:hsp sp="0.25"/>h at 1000<ce:hsp sp="0.25"/>rpm with a ball-to-powder ratio of 10:1. The milled powder was consolidated by extrusion at 1150<ce:hsp sp="0.25"/>°C and then quenched prior to being tempered at 750<ce:hsp sp="0.25"/>°C for 2<ce:hsp sp="0.25"/>h and air-cooled.</ce:para><ce:para id="p0055" view="all">Following sample preparation and polishing the specimens were irradiated at the Indira Gandhi Centre for Atomic Research (IGCAR), Kalpakkam, India using 5<ce:hsp sp="0.25"/>MeV Fe<ce:sup loc="post">3+</ce:sup> ions up to a total dose of 50<ce:hsp sp="0.25"/>dpa at a temperature of 700<ce:hsp sp="0.25"/>°C. The dpa was calculated based on SRIM calculations using the Kinchin–Pease model with a displacement energy <ce:italic>E<ce:inf loc="post">d</ce:inf></ce:italic> of 40<ce:hsp sp="0.25"/>eV. Post ion-irradiation samples to be analysed by atom probe tomography were prepared from the bulk using a FIB technique <ce:cross-ref refid="b0130" id="c0055">[26]</ce:cross-ref>. The samples were then analysed using a Cameca 4000X HR in laser-mode with a specimen temperature of 50<ce:hsp sp="0.25"/>K, pulse fraction of 20% and pulse energy of 03–0.4<ce:hsp sp="0.25"/>nJ.</ce:para></ce:section></ce:section><ce:section id="s0035" view="all"><ce:label>3</ce:label><ce:section-title id="st040">Results and discussion</ce:section-title><ce:section id="s0040" view="all"><ce:label>3.1</ce:label><ce:section-title id="st045">Tungsten</ce:section-title><ce:para id="p0060" view="all">Following ion irradiation of the W–3Re and W–5Re the data was analysed in a manner to search for evidence of clustering of the Re. A plot of the Re concentration distribution for the W–5Re un-implanted and 300 and 500<ce:hsp sp="0.25"/>°C irradiated samples is shown in <ce:cross-ref refid="f0005" id="c0060">Fig. 1</ce:cross-ref><ce:float-anchor refid="f0005"/>. The figure shows that for the conditions under which the specimen was irradiated (300 and 500<ce:hsp sp="0.25"/>°C, 1.5<ce:hsp sp="0.25"/>dpa), the distribution of the Re atoms is indistinguishable from that of the un-irradiated specimen i.e. the Re remains in solution and no segregation occurs (although improvements in detector efficiency should enable clusters containing 2–9 atoms to be identified <ce:cross-ref refid="b0135" id="c0065">[27]</ce:cross-ref>). This indicates that no clustering occurs in these samples and as such more focus will now be given to the W–25Re specimen.</ce:para><ce:para id="p0065" view="all">Atom probe reconstructions of the W–25Re alloy following irradiation show strong evidence for cluster formation. These clusters are formed solely from the process of irradiation based on the lack of cluster formation following annealing of the un-irradiated alloys at 1200<ce:hsp sp="0.25"/>°C for 12<ce:hsp sp="0.25"/>h. Atom maps of the Re atoms from the W–25Re material irradiated to 1.5<ce:hsp sp="0.25"/>dpa under 4 different conditions (300<ce:hsp sp="0.25"/>°C, needle; 300<ce:hsp sp="0.25"/>°C, bulk; 500<ce:hsp sp="0.25"/>°C, needle; 500<ce:hsp sp="0.25"/>°C, bulk) are shown in <ce:cross-ref refid="f0010" id="c0070">Fig. 2</ce:cross-ref><ce:float-anchor refid="f0010"/>. Spatially separated clusters are evident throughout and it is particularly noticeable that the number density of the clusters is significantly higher in the lower, 300<ce:hsp sp="0.25"/>°C, irradiation than in that of the 500<ce:hsp sp="0.25"/>°C irradiation. In order to obtain more quantitative data on the clusters, the maximum separation method <ce:cross-ref refid="b0140" id="c0075">[28]</ce:cross-ref> was used to identify and separate the clusters from the matrix atoms. The values used for <ce:italic>D<ce:inf loc="post">max</ce:inf></ce:italic> (the maximum separation between solute atoms) and <ce:italic>N<ce:inf loc="post">min</ce:inf></ce:italic> (the minimum size of a cluster expressed in terms of solute atoms that constitutes a significant cluster) were 0.6<ce:hsp sp="0.25"/>nm and 20 respectively. The results from this analysis (average cluster radius and number density), along with the averaged measured Re content from within the clusters is given in <ce:cross-ref refid="t0005" id="c0080">Table 1</ce:cross-ref><ce:float-anchor refid="t0005"/><ce:float-anchor refid="t0010"/>. What is clear from this table is that there is a difference in the average radii of the clusters arising from the different irradiation temperatures. There are variances in the average cluster size between the FIB-prepared and pre-sharpened needle specimens although no trend is discernable. Another notable observation is that there is also a significant difference in the number density of the clusters with a significantly reduced density for the 500<ce:hsp sp="0.25"/>°C irradiated specimens. Again there is an observed variance in the number density between the FIB prepared and pre-sharpened needle specimens but no trend. However there is a trend in the Re content in the clusters with an increase in clustered Re in the higher temperature irradiations; and an increase in Re concentration between the bulk and needle irradiations.</ce:para><ce:para id="p0070" view="all">Although the average cluster radius is a useful measure, the cluster size distributions are also extremely informative and the size distribution is given in <ce:cross-ref refid="f0015" id="c0085">Fig. 3</ce:cross-ref><ce:float-anchor refid="f0015"/>. This plot shows that no clusters &lt;1<ce:hsp sp="0.25"/>nm diameter were detected, as were no clusters &gt;4.2<ce:hsp sp="0.25"/>nm. With the exception of the pre-sharpened needle irradiated to 1.5<ce:hsp sp="0.25"/>dpa at 300<ce:hsp sp="0.25"/>°C, the cluster sizes exhibit a skew–normal distribution. The pre-sharpened needle irradiated at 300<ce:hsp sp="0.25"/>°C shows a Gaussian-type profile centred at a larger cluster diameter than the other irradiation conditions (2.5<ce:hsp sp="0.25"/>nm compared to ∼2<ce:hsp sp="0.25"/>nm as per <ce:cross-ref refid="f0015" id="c0090">Fig. 3</ce:cross-ref> and <ce:cross-ref refid="t0005" id="c0095">Table 1</ce:cross-ref>).</ce:para><ce:para id="p0075" view="all">What is evident from these results is that for the irradiation conditions used, precipitates form only in the high Re content materials. This is in contrast to some previous work in which W alloys containing 3–5<ce:hsp sp="0.25"/>at.% Re were also observed to form precipitates <ce:cross-ref refid="b0045" id="c0100">[9]</ce:cross-ref> when irradiated with neutrons at temperatures between 400 and 750<ce:hsp sp="0.25"/>°C. The absence of precipitates in the present study indicates that at temperatures &lt;400<ce:hsp sp="0.25"/>°C, precipitation is inhibited in low Re content tungsten alloys.</ce:para><ce:para id="p0080" view="all">Re is an under-sized atom when compared to W, and for this reason it will readily segregate to point defect sinks <ce:cross-ref refid="b0045" id="c0105">[9]</ce:cross-ref>. It is also possible for solutes to easily bond with matrix interstitials and form dumbells. These solute–interstitial dumbells can then <ce:italic>drag</ce:italic> the solute atom towards a point defect sink site <ce:cross-ref refid="b0045" id="c0110">[9]</ce:cross-ref>. Furthermore both Re and Os (transmutation products) have been shown to suppress void formation in irradiated tungsten <ce:cross-ref refid="b0145" id="c0115">[29]</ce:cross-ref>. Therefore it is possible that the irradiation-induced interstitials bond with the Re solute atoms within the matrix and migrate towards embryonic void sites (formed/forming due to the excess of vacancies remaining in the matrix due to incomplete recombination of the interstitials and vacancies due to the interstitial–solute combination). The interstitial-Re dumbells are then trapped by the void sites and begin to cluster together and form a precipitate.</ce:para><ce:para id="p0085" view="all">Now looking at the average sizes of the precipitates formed, and the form of the material being irradiated (bulk or pre-sharpened needle), there is a difference in both the sizes and the compositions of the clusters. The proximity of free surfaces during irradiation is a well-known effect that has been well characterised during in-situ ion irradiation within transmission electron microscopes, and has been shown to enhance or retard radiation effects <ce:cross-refs refid="b0150 b0155" id="r0050">[30,31]</ce:cross-refs>. When irradiating a pre-sharpened needle of which the free surface is in close proximity to the volume from which the data sets are collected, similar perturbations of the radiation effects are expected to be seen. Due to the lack of trends, it is not possible within this study to determine the effects of the free surfaces on precipitate formation in W–Re alloys, but it does appear to be perturbing the composition and size data.</ce:para></ce:section><ce:section id="s0045" view="all"><ce:label>3.2</ce:label><ce:section-title id="st050">Oxide dispersion strengthened steel–14YT</ce:section-title><ce:para id="p0090" view="all">Representative atom maps of the 14YT material from un-irradiated electropolished samples, un-irradiated FIB prepared samples and irradiated (50<ce:hsp sp="0.25"/>dpa, 700<ce:hsp sp="0.25"/>°C) samples are shown in <ce:cross-ref refid="f0020" id="c0120">Fig. 4</ce:cross-ref><ce:float-anchor refid="f0020"/>. In these atom maps, only the Y, Ti and O are shown for clarity. Clusters comprising Y, Ti and O are observed in all cases as expected; some small levels are also observed in solid solution within the matrix. In all conditions the number density of the clusters are approximately the same with values in the 1<ce:hsp sp="0.25"/>×<ce:hsp sp="0.25"/>10<ce:sup loc="post">23</ce:sup><ce:hsp sp="0.25"/>#<ce:hsp sp="0.25"/>m<ce:sup loc="post">−3</ce:sup> region, similar to other studies <ce:cross-refs refid="b0090 b0100 b0160" id="r0055">[18,20,32]</ce:cross-refs>. There appears to be very little, if any, variation in the morphology of the clusters. However there is a variation in size distribution of the clusters, as shown in <ce:cross-ref refid="f0025" id="c0125">Fig. 5</ce:cross-ref><ce:float-anchor refid="f0025"/>. It can be seen that both un-irradiated samples have similar characteristics: a main peak around 1.3–1.5<ce:hsp sp="0.25"/>nm radius, minimum radii of ∼0.5<ce:hsp sp="0.25"/>nm and a maximum radii of ∼5<ce:hsp sp="0.25"/>nm (some larger clusters are observed in the electropolished samples, but this could be due to the relatively small sampling volumes not having larger clusters within those volumes). The irradiated sample shows a different size distribution with a significant number of clusters having a radii of ∼1.75<ce:hsp sp="0.25"/>nm, minimum radii of ∼0.5<ce:hsp sp="0.25"/>nm and a maximum radii of 4.5<ce:hsp sp="0.25"/>nm. This suggests that the irradiation is having an effect on the size of the clusters. To investigate this further it is desirable to have information on the compositions of the clusters. Previous work has shown that the primary elements within clusters in oxide dispersion strengthened steels of similar compositions are Y, Ti and O <ce:cross-ref refid="b0165" id="c0130">[33]</ce:cross-ref>. The normalised relative composition of the Y, Ti and O averaged over the entire data set for each condition examined is given in <ce:cross-ref refid="t0015" id="c0135">Table 3</ce:cross-ref><ce:float-anchor refid="t0015"/>. In the un-irradiated cases there is no discernable difference in the relative compositions of the clusters, however following irradiation compositional changes have occurred. The O content remains similar to the as irradiated case, but the Y has reduced and the Ti increased. A plot of the relative cluster appearance in the data sets as a function of the Y:Ti ratio is given in <ce:cross-ref refid="f0030" id="c0140">Fig. 6</ce:cross-ref><ce:float-anchor refid="f0030"/>. From this graph it can be seen that there is a shift of the most common Y:Ti ratios to lower Y:Ti ratios in the order of: un-irradiated FIB prepared, un-irradiated electropolished, and irradiated and FIB prepared.</ce:para><ce:para id="p0095" view="all">Examining the data presented in <ce:cross-refs refid="f0025 f0030" id="r0060">Figs. 5 and 6</ce:cross-refs> focussing on the un-irradiated results, there is a change in the composition of the material whilst no significant change in cluster size distribution is seen. This can mean two possibilities: firstly the cluster composition of the two specimens is slightly dissimilar, which may be possible given the inhomogeneous distributions seen in similar materials <ce:cross-refs refid="b0095 b0170" id="r0065">[19,34]</ce:cross-refs>; and secondly that irradiation-induced damage created by the FIB process has altered the cluster composition. FIB induced radiation damage can be ruled out as affecting the composition in this case as the data for the heavy ion irradiation to 50<ce:hsp sp="0.25"/>dpa shown in the same figure shows that the Y:Ti ratio is reduced rather than increased as seen in the FIB prepared specimens suggesting that this is not the mechanism by which the composition is altered, hence it is most likely that the variance in composition is due to manufacturing processes. What is evident is the significant change in Y:Ti ratio following irradiation to 50<ce:hsp sp="0.25"/>dpa (also evident in the average cluster compositions given in <ce:cross-ref refid="t0015" id="c0145">Table 3</ce:cross-ref>) and the change in the cluster sizes. The stability of nanoscale oxide particles in steels under irradiation has been examined extensively in recent times, e.g. <ce:cross-refs refid="b0080 b0095 b0105 b0110 b0160 b0170 b0175 b0180 b0185" id="r0070">[16,19,21,22,32,34–37]</ce:cross-refs>, focussing on their structure and composition. Whilst the structure/composition of the oxide particles has not yet been definitively identified, the pyrochlore structures Y<ce:inf loc="post">2</ce:inf>Ti<ce:inf loc="post">2</ce:inf>O<ce:inf loc="post">7</ce:inf>(2-2-7) and Y<ce:inf loc="post">2</ce:inf>TiO<ce:inf loc="post">5</ce:inf>(2-1-5) have been suggested to be the most predominant forms. The un-irradiated Y:Ti ratios as given in <ce:cross-ref refid="t0015" id="c0150">Table 3</ce:cross-ref> agree somewhat with the 2-2-7 and 2-1-5 compositions (within the measurement errors), whereas the irradiated compositions varies between the stoichiometric 2-2-7 and sub-stoichiometric i.e. Y:Ti<ce:hsp sp="0.25"/>&lt;<ce:hsp sp="0.25"/>1, values. This possibly indicates that the smaller clusters that are more dominant in the irradiated material are sub-stoichiometric pyrochlore.</ce:para><ce:para id="p0100" view="all">The reduced Y:Ti ratio also suggests that the clusters are becoming enriched with Ti/deplete of Y during the irradiation. This is most likely due to the ballistic collision process of the ion irradiation driving the elements of the cluster into the matrix. At high temperature the cluster elements can back-diffuse and re-form the cluster whilst at lower temperatures this back-diffusion is inhibited <ce:cross-ref refid="b0100" id="c0155">[20]</ce:cross-ref>. During the irradiations performed in this study (at 750<ce:hsp sp="0.25"/>°C) it is possible that ballistic mixing occurs and that the diffusion of Y is retarded over the temperature/time period of the experiment resulting in incomplete reformation of the cluster. This reduction in Y:Ti possibly suggests that Ti<ce:inf loc="post">2</ce:inf>YO<ce:inf loc="post">5</ce:inf>forms as a result of the irradiation.</ce:para></ce:section></ce:section><ce:section id="s0050" view="all"><ce:label>4</ce:label><ce:section-title id="st055">Conclusion/summary</ce:section-title><ce:para id="p0105" view="all">Cluster formation in two materials for use in advanced nuclear reactor systems – a tungsten–rhenium alloy and an oxide dispersion strengthened steel – has been investigated by atom probe tomography. For the tungsten–rhenium alloy irradiation induced clustering is not observed in the low Re content materials, but is for the Re 25<ce:hsp sp="0.25"/>at.% alloy. When comparing irradiations carried out on pre-sharpened needles and bulk specimens a variance in the cluster sizes and number density was observed, but it was not possible to deduce any trends. For the steel specimens, the oxide particles sizes and composition were comparable when prepared through conventional electropolishing and FIB techniques. Following irradiation, the oxide particles were observed to refine to smaller sizes and the Y:Ti ratio reduced. It is suggested that a Ti<ce:inf loc="post">2</ce:inf>YO<ce:inf loc="post">5</ce:inf> particle may be prevalent after irradiation.</ce:para></ce:section></ce:sections><ce:acknowledgment id="ak005" view="all"><ce:section-title id="st060">Acknowledgements</ce:section-title><ce:para id="p0110" view="all">The authors would like to acknowledge support from the <ce:grant-sponsor xlink:type="simple" id="gp005" xlink:role="http://www.elsevier.com/xml/linking-roles/grant-sponsor">UK’s Engineering and Physical Sciences Research Council (EPSRC)</ce:grant-sponsor> for funding under Grant Reference <ce:grant-number refid="gp005">EP/H018921/1</ce:grant-number>. PDE acknowledges support through an <ce:grant-sponsor xlink:type="simple" id="gp010" xlink:role="http://www.elsevier.com/xml/linking-roles/grant-sponsor">EPSRC Career Acceleration fellowship</ce:grant-sponsor> (<ce:grant-number refid="gp010">EP/K030043/1</ce:grant-number>).</ce:para></ce:acknowledgment></body><tail view="all"><ce:bibliography id="bi005" view="all"><ce:section-title id="st065">References</ce:section-title><ce:bibliography-sec id="bs005" view="all"><ce:bib-reference id="b0005"><ce:label>[1]</ce:label><sb:reference id="h0005"><sb:contribution langtype="en"><sb:authors><sb:author><ce:given-name>S.J.</ce:given-name><ce:surname>Zinkle</ce:surname></sb:author><sb:author><ce:given-name>G.S.</ce:given-name><ce:surname>Was</ce:surname></sb:author></sb:authors></sb:contribution><sb:host><sb:issue><sb:series><sb:title><sb:maintitle>Acta Mater.</sb:maintitle></sb:title><sb:volume-nr>61</sb:volume-nr></sb:series><sb:date>2013</sb:date></sb:issue><sb:pages><sb:first-page>735</sb:first-page><sb:last-page>758</sb:last-page></sb:pages></sb:host></sb:reference></ce:bib-reference><ce:bib-reference id="b0010"><ce:label>[2]</ce:label><sb:reference id="h0010"><sb:contribution langtype="en"><sb:authors><sb:author><ce:given-name>S.J.</ce:given-name><ce:surname>Zinkle</ce:surname></sb:author><sb:author><ce:given-name>J.T.</ce:given-name><ce:surname>Busby</ce:surname></sb:author></sb:authors></sb:contribution><sb:host><sb:issue><sb:series><sb:title><sb:maintitle>Mater. Today</sb:maintitle></sb:title><sb:volume-nr>12</sb:volume-nr></sb:series><sb:date>2009</sb:date></sb:issue><sb:pages><sb:first-page>12</sb:first-page><sb:last-page>19</sb:last-page></sb:pages></sb:host></sb:reference></ce:bib-reference><ce:bib-reference id="b0015"><ce:label>[3]</ce:label><sb:reference id="h0015"><sb:contribution langtype="en"><sb:authors><sb:author><ce:given-name>D.E.J.</ce:given-name><ce:surname>Armstrong</ce:surname></sb:author><sb:author><ce:given-name>P.D.</ce:given-name><ce:surname>Edmondson</ce:surname></sb:author><sb:author><ce:given-name>S.G.</ce:given-name><ce:surname>Roberts</ce:surname></sb:author></sb:authors></sb:contribution><sb:host><sb:issue><sb:series><sb:title><sb:maintitle>Appl. Phys. Lett.</sb:maintitle></sb:title><sb:volume-nr>102</sb:volume-nr></sb:series><sb:issue-nr>2013</sb:issue-nr><sb:date>1905</sb:date></sb:issue><sb:pages><sb:first-page>251901</sb:first-page><sb:last-page>251925</sb:last-page></sb:pages></sb:host></sb:reference></ce:bib-reference><ce:bib-reference id="b0020"><ce:label>[4]</ce:label><sb:reference id="h0020"><sb:contribution langtype="en"><sb:authors><sb:author><ce:given-name>M.R.</ce:given-name><ce:surname>Gilbert</ce:surname></sb:author><sb:author><ce:given-name>S.L.</ce:given-name><ce:surname>Dudarev</ce:surname></sb:author><sb:author><ce:given-name>S.</ce:given-name><ce:surname>Zheng</ce:surname></sb:author><sb:author><ce:given-name>L.W.</ce:given-name><ce:surname>Packer</ce:surname></sb:author><sb:author><ce:given-name>J.-C.</ce:given-name><ce:surname>Sublet</ce:surname></sb:author></sb:authors></sb:contribution><sb:host><sb:issue><sb:series><sb:title><sb:maintitle>Nucl. Fusion</sb:maintitle></sb:title><sb:volume-nr>52</sb:volume-nr></sb:series><sb:date>2012</sb:date></sb:issue><sb:pages><sb:first-page>083019</sb:first-page></sb:pages></sb:host></sb:reference></ce:bib-reference><ce:bib-reference id="b0025"><ce:label>[5]</ce:label><sb:reference id="h0025"><sb:contribution langtype="en"><sb:authors><sb:author><ce:given-name>J.W.</ce:given-name><ce:surname>Davis</ce:surname></sb:author><sb:author><ce:given-name>V.R.</ce:given-name><ce:surname>Barabash</ce:surname></sb:author><sb:author><ce:given-name>A.</ce:given-name><ce:surname>Makhankov</ce:surname></sb:author><sb:author><ce:given-name>L.</ce:given-name><ce:surname>Plöchl</ce:surname></sb:author><sb:author><ce:given-name>K.T.</ce:given-name><ce:surname>Slattery</ce:surname></sb:author></sb:authors></sb:contribution><sb:host><sb:issue><sb:series><sb:title><sb:maintitle>J. Nucl. Mater., Part 1</sb:maintitle></sb:title><sb:volume-nr>258–263</sb:volume-nr></sb:series><sb:date>1998</sb:date></sb:issue><sb:pages><sb:first-page>308</sb:first-page><sb:last-page>312</sb:last-page></sb:pages></sb:host></sb:reference></ce:bib-reference><ce:bib-reference id="b0030"><ce:label>[6]</ce:label><sb:reference id="h0030"><sb:contribution langtype="en"><sb:authors><sb:author><ce:given-name>M.R.</ce:given-name><ce:surname>Gilbert</ce:surname></sb:author><sb:author><ce:given-name>J.-C.</ce:given-name><ce:surname>Sublet</ce:surname></sb:author></sb:authors></sb:contribution><sb:host><sb:issue><sb:series><sb:title><sb:maintitle>Nucl. Fusion</sb:maintitle></sb:title><sb:volume-nr>51</sb:volume-nr></sb:series><sb:date>2011</sb:date></sb:issue><sb:pages><sb:first-page>043005</sb:first-page></sb:pages></sb:host></sb:reference></ce:bib-reference><ce:bib-reference id="b0035"><ce:label>[7]</ce:label><sb:reference id="h0035"><sb:contribution langtype="en"><sb:authors><sb:author><ce:given-name>A.</ce:given-name><ce:surname>Giannattasio</ce:surname></sb:author><sb:author><ce:given-name>S.G.</ce:given-name><ce:surname>Roberts</ce:surname></sb:author></sb:authors></sb:contribution><sb:host><sb:issue><sb:series><sb:title><sb:maintitle>Philos. Mag.</sb:maintitle></sb:title><sb:volume-nr>87</sb:volume-nr></sb:series><sb:date>2007</sb:date></sb:issue><sb:pages><sb:first-page>2589</sb:first-page><sb:last-page>2598</sb:last-page></sb:pages></sb:host></sb:reference></ce:bib-reference><ce:bib-reference id="b0040"><ce:label>[8]</ce:label><sb:reference id="h0040"><sb:contribution langtype="en"><sb:authors><sb:author><ce:given-name>A.</ce:given-name><ce:surname>Giannattasio</ce:surname></sb:author><sb:author><ce:given-name>Z.</ce:given-name><ce:surname>Yao</ce:surname></sb:author><sb:author><ce:given-name>E.</ce:given-name><ce:surname>Tarleton</ce:surname></sb:author><sb:author><ce:given-name>S.G.</ce:given-name><ce:surname>Roberts</ce:surname></sb:author></sb:authors></sb:contribution><sb:host><sb:issue><sb:series><sb:title><sb:maintitle>Philos. Mag.</sb:maintitle></sb:title><sb:volume-nr>90</sb:volume-nr></sb:series><sb:date>2010</sb:date></sb:issue><sb:pages><sb:first-page>3947</sb:first-page><sb:last-page>3959</sb:last-page></sb:pages></sb:host></sb:reference></ce:bib-reference><ce:bib-reference id="b0045"><ce:label>[9]</ce:label><sb:reference id="h0045"><sb:contribution langtype="en"><sb:authors><sb:author><ce:given-name>T.</ce:given-name><ce:surname>Tanno</ce:surname></sb:author><sb:author><ce:given-name>A.</ce:given-name><ce:surname>Hasegawa</ce:surname></sb:author><sb:author><ce:given-name>M.</ce:given-name><ce:surname>Fujiwara</ce:surname></sb:author><sb:author><ce:given-name>J.-C.</ce:given-name><ce:surname>He</ce:surname></sb:author><sb:author><ce:given-name>S.</ce:given-name><ce:surname>Nogami</ce:surname></sb:author><sb:author><ce:given-name>M.</ce:given-name><ce:surname>Satuo</ce:surname></sb:author><sb:author><ce:given-name>T.</ce:given-name><ce:surname>Shishido</ce:surname></sb:author><sb:author><ce:given-name>K.</ce:given-name><ce:surname>Abe</ce:surname></sb:author></sb:authors></sb:contribution><sb:host><sb:issue><sb:series><sb:title><sb:maintitle>Mater. Trans.</sb:maintitle></sb:title><sb:volume-nr>49</sb:volume-nr></sb:series><sb:date>2008</sb:date></sb:issue><sb:pages><sb:first-page>2259</sb:first-page><sb:last-page>2264</sb:last-page></sb:pages></sb:host></sb:reference></ce:bib-reference><ce:bib-reference id="b0050"><ce:label>[10]</ce:label><sb:reference id="h0050"><sb:contribution langtype="en"><sb:authors><sb:author><ce:given-name>G.R.</ce:given-name><ce:surname>Odette</ce:surname></sb:author><sb:author><ce:given-name>M.J.</ce:given-name><ce:surname>Alinger</ce:surname></sb:author><sb:author><ce:given-name>B.D.</ce:given-name><ce:surname>Wirth</ce:surname></sb:author></sb:authors></sb:contribution><sb:host><sb:issue><sb:series><sb:title><sb:maintitle>Annu. Rev. Mater. Res.</sb:maintitle></sb:title><sb:volume-nr>38</sb:volume-nr></sb:series><sb:date>2008</sb:date></sb:issue><sb:pages><sb:first-page>471</sb:first-page><sb:last-page>503</sb:last-page></sb:pages></sb:host></sb:reference></ce:bib-reference><ce:bib-reference id="b0055"><ce:label>[11]</ce:label><sb:reference id="h0055"><sb:contribution langtype="en"><sb:authors><sb:author><ce:given-name>G.R.</ce:given-name><ce:surname>Odette</ce:surname></sb:author><sb:author><ce:given-name>D.T.</ce:given-name><ce:surname>Hoelzer</ce:surname></sb:author></sb:authors></sb:contribution><sb:host><sb:issue><sb:series><sb:title><sb:maintitle>Mater. Nucl. Power</sb:maintitle></sb:title><sb:volume-nr>62</sb:volume-nr></sb:series><sb:date>2010</sb:date></sb:issue><sb:pages><sb:first-page>84</sb:first-page><sb:last-page>92</sb:last-page></sb:pages></sb:host></sb:reference></ce:bib-reference><ce:bib-reference id="b0060"><ce:label>[12]</ce:label><sb:reference id="h0060"><sb:contribution langtype="en"><sb:authors><sb:author><ce:given-name>P.D.</ce:given-name><ce:surname>Edmondson</ce:surname></sb:author><sb:author><ce:given-name>C.M.</ce:given-name><ce:surname>Parish</ce:surname></sb:author><sb:author><ce:given-name>Q.</ce:given-name><ce:surname>Li</ce:surname></sb:author><sb:author><ce:given-name>M.K.</ce:given-name><ce:surname>Miller</ce:surname></sb:author></sb:authors></sb:contribution><sb:host><sb:issue><sb:series><sb:title><sb:maintitle>J. Nucl. Mater.</sb:maintitle></sb:title><sb:volume-nr>445</sb:volume-nr></sb:series><sb:date>2014</sb:date></sb:issue><sb:pages><sb:first-page>84</sb:first-page><sb:last-page>90</sb:last-page></sb:pages></sb:host></sb:reference></ce:bib-reference><ce:bib-reference id="b0065"><ce:label>[13]</ce:label><sb:reference id="h0065"><sb:contribution langtype="en"><sb:authors><sb:author><ce:given-name>P.D.</ce:given-name><ce:surname>Edmondson</ce:surname></sb:author><sb:author><ce:given-name>C.M.</ce:given-name><ce:surname>Parish</ce:surname></sb:author><sb:author><ce:given-name>Y.</ce:given-name><ce:surname>Zhang</ce:surname></sb:author><sb:author><ce:given-name>A.</ce:given-name><ce:surname>Hallén</ce:surname></sb:author><sb:author><ce:given-name>M.K.</ce:given-name><ce:surname>Miller</ce:surname></sb:author></sb:authors></sb:contribution><sb:host><sb:issue><sb:series><sb:title><sb:maintitle>Scr. Mater.</sb:maintitle></sb:title><sb:volume-nr>65</sb:volume-nr></sb:series><sb:date>2011</sb:date></sb:issue><sb:pages><sb:first-page>731</sb:first-page><sb:last-page>734</sb:last-page></sb:pages></sb:host></sb:reference></ce:bib-reference><ce:bib-reference id="b0070"><ce:label>[14]</ce:label><sb:reference id="h0070"><sb:contribution langtype="en"><sb:authors><sb:author><ce:given-name>P.D.</ce:given-name><ce:surname>Edmondson</ce:surname></sb:author><sb:author><ce:given-name>C.M.</ce:given-name><ce:surname>Parish</ce:surname></sb:author><sb:author><ce:given-name>Y.</ce:given-name><ce:surname>Zhang</ce:surname></sb:author><sb:author><ce:given-name>A.</ce:given-name><ce:surname>Hallén</ce:surname></sb:author><sb:author><ce:given-name>M.K.</ce:given-name><ce:surname>Miller</ce:surname></sb:author></sb:authors></sb:contribution><sb:host><sb:issue><sb:series><sb:title><sb:maintitle>J. Nucl. Mater.</sb:maintitle></sb:title><sb:volume-nr>434</sb:volume-nr></sb:series><sb:date>2013</sb:date></sb:issue><sb:pages><sb:first-page>210</sb:first-page><sb:last-page>216</sb:last-page></sb:pages></sb:host></sb:reference></ce:bib-reference><ce:bib-reference id="b0075"><ce:label>[15]</ce:label><sb:reference id="h0075"><sb:contribution langtype="en"><sb:authors><sb:author><ce:given-name>G.R.</ce:given-name><ce:surname>Odette</ce:surname></sb:author><sb:author><ce:given-name>P.</ce:given-name><ce:surname>Miao</ce:surname></sb:author><sb:author><ce:given-name>D.J.</ce:given-name><ce:surname>Edwards</ce:surname></sb:author><sb:author><ce:given-name>T.</ce:given-name><ce:surname>Yamamoto</ce:surname></sb:author><sb:author><ce:given-name>R.J.</ce:given-name><ce:surname>Kurtz</ce:surname></sb:author><sb:author><ce:given-name>H.</ce:given-name><ce:surname>Tanigawa</ce:surname></sb:author></sb:authors></sb:contribution><sb:host><sb:issue><sb:series><sb:title><sb:maintitle>J. Nucl. Mater.</sb:maintitle></sb:title><sb:volume-nr>417</sb:volume-nr></sb:series><sb:date>2011</sb:date></sb:issue><sb:pages><sb:first-page>1001</sb:first-page><sb:last-page>1004</sb:last-page></sb:pages></sb:host></sb:reference></ce:bib-reference><ce:bib-reference id="b0080"><ce:label>[16]</ce:label><sb:reference id="h0080"><sb:contribution langtype="en"><sb:authors><sb:author><ce:given-name>M.</ce:given-name><ce:surname>Miller</ce:surname></sb:author><sb:author><ce:given-name>C.</ce:given-name><ce:surname>Fu</ce:surname></sb:author><sb:author><ce:given-name>M.</ce:given-name><ce:surname>Krcmar</ce:surname></sb:author><sb:author><ce:given-name>D.</ce:given-name><ce:surname>Hoelzer</ce:surname></sb:author><sb:author><ce:given-name>C.</ce:given-name><ce:surname>Liu</ce:surname></sb:author></sb:authors></sb:contribution><sb:host><sb:issue><sb:series><sb:title><sb:maintitle>Front. Mater. Sci. China</sb:maintitle></sb:title><sb:volume-nr>3</sb:volume-nr></sb:series><sb:date>2009</sb:date></sb:issue><sb:pages><sb:first-page>9</sb:first-page><sb:last-page>14</sb:last-page></sb:pages></sb:host></sb:reference></ce:bib-reference><ce:bib-reference id="b0085"><ce:label>[17]</ce:label><sb:reference id="h0085"><sb:contribution langtype="en"><sb:authors><sb:author><ce:given-name>M.K.</ce:given-name><ce:surname>Miller</ce:surname></sb:author><sb:author><ce:given-name>C.M.</ce:given-name><ce:surname>Parish</ce:surname></sb:author><sb:author><ce:given-name>Q.</ce:given-name><ce:surname>Li</ce:surname></sb:author></sb:authors></sb:contribution><sb:host><sb:issue><sb:series><sb:title><sb:maintitle>Mater. Sci. Technol.</sb:maintitle></sb:title><sb:volume-nr>29</sb:volume-nr></sb:series><sb:date>2013</sb:date></sb:issue><sb:pages><sb:first-page>1174</sb:first-page><sb:last-page>1178</sb:last-page></sb:pages></sb:host></sb:reference></ce:bib-reference><ce:bib-reference id="b0090"><ce:label>[18]</ce:label><sb:reference id="h0090"><sb:contribution langtype="en"><sb:authors><sb:author><ce:given-name>M.</ce:given-name><ce:surname>Miller</ce:surname></sb:author><sb:author><ce:given-name>C.M.</ce:given-name><ce:surname>Parish</ce:surname></sb:author></sb:authors></sb:contribution><sb:host><sb:issue><sb:series><sb:title><sb:maintitle>Mater. Sci. Technol.</sb:maintitle></sb:title></sb:series><sb:date>2011</sb:date></sb:issue><sb:pages><sb:first-page>729</sb:first-page><sb:last-page>734</sb:last-page></sb:pages></sb:host></sb:reference></ce:bib-reference><ce:bib-reference id="b0095"><ce:label>[19]</ce:label><sb:reference id="h0095"><sb:contribution langtype="en"><sb:authors><sb:author><ce:given-name>A.</ce:given-name><ce:surname>Certain</ce:surname></sb:author><sb:author><ce:given-name>S.</ce:given-name><ce:surname>Kuchibhatla</ce:surname></sb:author><sb:author><ce:given-name>V.</ce:given-name><ce:surname>Shutthanandan</ce:surname></sb:author><sb:author><ce:given-name>D.T.</ce:given-name><ce:surname>Hoelzer</ce:surname></sb:author><sb:author><ce:given-name>T.R.</ce:given-name><ce:surname>Allen</ce:surname></sb:author></sb:authors></sb:contribution><sb:host><sb:issue><sb:series><sb:title><sb:maintitle>J. Nucl. Mater.</sb:maintitle></sb:title><sb:volume-nr>434</sb:volume-nr></sb:series><sb:date>2013</sb:date></sb:issue><sb:pages><sb:first-page>311</sb:first-page><sb:last-page>321</sb:last-page></sb:pages></sb:host></sb:reference></ce:bib-reference><ce:bib-reference id="b0100"><ce:label>[20]</ce:label><sb:reference id="h0100"><sb:contribution langtype="en"><sb:authors><sb:author><ce:given-name>C.M.</ce:given-name><ce:surname>Parish</ce:surname></sb:author><sb:author><ce:given-name>P.D.</ce:given-name><ce:surname>Edmondson</ce:surname></sb:author><sb:author><ce:given-name>Y.</ce:given-name><ce:surname>Zhang</ce:surname></sb:author><sb:author><ce:given-name>M.K.</ce:given-name><ce:surname>Miller</ce:surname></sb:author></sb:authors></sb:contribution><sb:host><sb:issue><sb:series><sb:title><sb:maintitle>J. Nucl. Mater.</sb:maintitle></sb:title><sb:volume-nr>418</sb:volume-nr></sb:series><sb:date>2011</sb:date></sb:issue><sb:pages><sb:first-page>106</sb:first-page><sb:last-page>109</sb:last-page></sb:pages></sb:host></sb:reference></ce:bib-reference><ce:bib-reference id="b0105"><ce:label>[21]</ce:label><sb:reference id="h0105"><sb:contribution langtype="en"><sb:authors><sb:author><ce:given-name>M.K.</ce:given-name><ce:surname>Miller</ce:surname></sb:author><sb:author><ce:given-name>D.</ce:given-name><ce:surname>Hoelzer</ce:surname></sb:author><sb:author><ce:given-name>K.F.</ce:given-name><ce:surname>Russell</ce:surname></sb:author></sb:authors></sb:contribution><sb:host><sb:issue><sb:series><sb:title><sb:maintitle>Mater. Res. Soc. Symp. Proc.</sb:maintitle></sb:title><sb:volume-nr>1215</sb:volume-nr></sb:series><sb:date>2009</sb:date></sb:issue></sb:host><sb:comment>1215-V1206-1202</sb:comment></sb:reference></ce:bib-reference><ce:bib-reference id="b0110"><ce:label>[22]</ce:label><sb:reference id="h0110"><sb:contribution langtype="en"><sb:authors><sb:author><ce:given-name>M.K.</ce:given-name><ce:surname>Miller</ce:surname></sb:author><sb:author><ce:given-name>Y.</ce:given-name><ce:surname>Zhang</ce:surname></sb:author></sb:authors></sb:contribution><sb:host><sb:issue><sb:series><sb:title><sb:maintitle>Ultramicroscopy</sb:maintitle></sb:title><sb:volume-nr>111</sb:volume-nr></sb:series><sb:date>2011</sb:date></sb:issue><sb:pages><sb:first-page>672</sb:first-page><sb:last-page>675</sb:last-page></sb:pages></sb:host></sb:reference></ce:bib-reference><ce:bib-reference id="b0115"><ce:label>[23]</ce:label><sb:reference id="h0115"><sb:contribution langtype="en"><sb:authors><sb:author><ce:given-name>C.B.</ce:given-name><ce:surname>Beck</ce:surname></sb:author><sb:author><ce:given-name>S.G.</ce:given-name><ce:surname>Roberts</ce:surname></sb:author><sb:author><ce:given-name>P.D.</ce:given-name><ce:surname>Edmondson</ce:surname></sb:author><sb:author><ce:given-name>D.E.J.</ce:given-name><ce:surname>Armstrong</ce:surname></sb:author></sb:authors></sb:contribution><sb:host><sb:issue><sb:series><sb:title><sb:maintitle>Mater. Res. Soc. Symp. Proc.</sb:maintitle></sb:title><sb:volume-nr>1514</sb:volume-nr></sb:series><sb:date>2013</sb:date></sb:issue><sb:pages><sb:first-page>99</sb:first-page><sb:last-page>104</sb:last-page></sb:pages></sb:host></sb:reference></ce:bib-reference><ce:bib-reference id="b0120"><ce:label>[24]</ce:label><sb:reference id="h0120"><sb:contribution langtype="en"><sb:authors><sb:author><ce:given-name>J.F.</ce:given-name><ce:surname>Ziegler</ce:surname></sb:author></sb:authors></sb:contribution><sb:host><sb:issue><sb:series><sb:title><sb:maintitle>J. Appl. Phys.</sb:maintitle></sb:title><sb:volume-nr>85</sb:volume-nr></sb:series><sb:date>1999</sb:date></sb:issue><sb:pages><sb:first-page>1249</sb:first-page><sb:last-page>1272</sb:last-page></sb:pages></sb:host></sb:reference></ce:bib-reference><ce:bib-reference id="b0125"><ce:label>[25]</ce:label><ce:other-ref id="h0125"><ce:textref>ASTM, Standard Practice for Neutron Radiation Damage Simulation by Charged-Particle Irradiation, in E521-96(2009), vol. e1, 2009, West Conshohocken, PA.</ce:textref></ce:other-ref></ce:bib-reference><ce:bib-reference id="b0130"><ce:label>[26]</ce:label><sb:reference id="h0130"><sb:contribution langtype="en"><sb:authors><sb:author><ce:given-name>M.K.</ce:given-name><ce:surname>Miller</ce:surname></sb:author><sb:author><ce:given-name>K.F.</ce:given-name><ce:surname>Russell</ce:surname></sb:author></sb:authors></sb:contribution><sb:host><sb:issue><sb:series><sb:title><sb:maintitle>Ultramicroscopy</sb:maintitle></sb:title><sb:volume-nr>107</sb:volume-nr></sb:series><sb:date>2007</sb:date></sb:issue><sb:pages><sb:first-page>761</sb:first-page><sb:last-page>766</sb:last-page></sb:pages></sb:host></sb:reference></ce:bib-reference><ce:bib-reference id="b0135"><ce:label>[27]</ce:label><ce:other-ref id="h0135"><ce:textref>M.K. Miller, D. Reinhard, D.J. Larson, J. Nucl. Mater. (this special issue).</ce:textref></ce:other-ref></ce:bib-reference><ce:bib-reference id="b0140"><ce:label>[28]</ce:label><sb:reference id="h0140"><sb:contribution langtype="en"><sb:authors><sb:author><ce:given-name>J.M.</ce:given-name><ce:surname>Hyde</ce:surname></sb:author><sb:author><ce:given-name>E.A.</ce:given-name><ce:surname>Marquis</ce:surname></sb:author><sb:author><ce:given-name>K.B.</ce:given-name><ce:surname>Wilford</ce:surname></sb:author><sb:author><ce:given-name>T.J.</ce:given-name><ce:surname>Williams</ce:surname></sb:author></sb:authors></sb:contribution><sb:host><sb:issue><sb:series><sb:title><sb:maintitle>Ultramicroscopy</sb:maintitle></sb:title><sb:volume-nr>111</sb:volume-nr></sb:series><sb:date>2011</sb:date></sb:issue><sb:pages><sb:first-page>440</sb:first-page><sb:last-page>447</sb:last-page></sb:pages></sb:host></sb:reference></ce:bib-reference><ce:bib-reference id="b0145"><ce:label>[29]</ce:label><sb:reference id="h0145"><sb:contribution langtype="en"><sb:authors><sb:author><ce:given-name>V.K.</ce:given-name><ce:surname>Sikka</ce:surname></sb:author><sb:author><ce:given-name>J.</ce:given-name><ce:surname>Moteff</ce:surname></sb:author></sb:authors></sb:contribution><sb:host><sb:issue><sb:series><sb:title><sb:maintitle>J. Appl. Phys.</sb:maintitle></sb:title><sb:volume-nr>42</sb:volume-nr></sb:series><sb:date>1972</sb:date></sb:issue><sb:pages><sb:first-page>4942</sb:first-page><sb:last-page>4944</sb:last-page></sb:pages></sb:host></sb:reference></ce:bib-reference><ce:bib-reference id="b0150"><ce:label>[30]</ce:label><sb:reference id="h0150"><sb:contribution langtype="en"><sb:authors><sb:author><ce:given-name>P.D.</ce:given-name><ce:surname>Edmondson</ce:surname></sb:author><sb:author><ce:given-name>D.J.</ce:given-name><ce:surname>Riley</ce:surname></sb:author><sb:author><ce:given-name>R.C.</ce:given-name><ce:surname>Birtcher</ce:surname></sb:author><sb:author><ce:given-name>S.E.</ce:given-name><ce:surname>Donnelly</ce:surname></sb:author></sb:authors></sb:contribution><sb:host><sb:issue><sb:series><sb:title><sb:maintitle>J. Appl. Phys.</sb:maintitle></sb:title><sb:volume-nr>106</sb:volume-nr></sb:series><sb:date>2009</sb:date></sb:issue><sb:pages><sb:first-page>043505</sb:first-page><sb:last-page>043508</sb:last-page></sb:pages></sb:host></sb:reference></ce:bib-reference><ce:bib-reference id="b0155"><ce:label>[31]</ce:label><sb:reference id="h0155"><sb:contribution langtype="en"><sb:authors><sb:author><ce:given-name>J.S.</ce:given-name><ce:surname>Williams</ce:surname></sb:author><sb:author><ce:given-name>M.J.</ce:given-name><ce:surname>Conway</ce:surname></sb:author><sb:author><ce:given-name>J.</ce:given-name><ce:surname>Wong-Leung</ce:surname></sb:author><sb:author><ce:given-name>P.N.K.</ce:given-name><ce:surname>Deenapanray</ce:surname></sb:author><sb:author><ce:given-name>M.</ce:given-name><ce:surname>Petravic</ce:surname></sb:author><sb:author><ce:given-name>R.A.</ce:given-name><ce:surname>Brown</ce:surname></sb:author><sb:author><ce:given-name>D.J.</ce:given-name><ce:surname>Eaglesham</ce:surname></sb:author><sb:author><ce:given-name>D.C.</ce:given-name><ce:surname>Jacobson</ce:surname></sb:author></sb:authors></sb:contribution><sb:host><sb:issue><sb:series><sb:title><sb:maintitle>Appl. Phys. Lett.</sb:maintitle></sb:title><sb:volume-nr>75</sb:volume-nr></sb:series><sb:date>1999</sb:date></sb:issue><sb:pages><sb:first-page>2424</sb:first-page><sb:last-page>2426</sb:last-page></sb:pages></sb:host></sb:reference></ce:bib-reference><ce:bib-reference id="b0160"><ce:label>[32]</ce:label><sb:reference id="h0160"><sb:contribution langtype="en"><sb:authors><sb:author><ce:given-name>C.M.</ce:given-name><ce:surname>Parish</ce:surname></sb:author><sb:author><ce:given-name>L.</ce:given-name><ce:surname>Yao</ce:surname></sb:author><sb:author><ce:given-name>Y.</ce:given-name><ce:surname>Zhang</ce:surname></sb:author><sb:author><ce:given-name>P.D.</ce:given-name><ce:surname>Edmondson</ce:surname></sb:author><sb:author><ce:given-name>A.</ce:given-name><ce:surname>Hallén</ce:surname></sb:author><sb:author><ce:given-name>M.K.</ce:given-name><ce:surname>Miller</ce:surname></sb:author></sb:authors></sb:contribution><sb:host><sb:issue><sb:series><sb:title><sb:maintitle>Microsc. Microanal.</sb:maintitle></sb:title><sb:volume-nr>18</sb:volume-nr></sb:series><sb:issue-nr>Suppl. 2</sb:issue-nr><sb:date>2012</sb:date></sb:issue><sb:pages><sb:first-page>1430</sb:first-page><sb:last-page>1431</sb:last-page></sb:pages></sb:host></sb:reference></ce:bib-reference><ce:bib-reference id="b0165"><ce:label>[33]</ce:label><sb:reference id="h0165"><sb:contribution langtype="en"><sb:authors><sb:author><ce:given-name>M.K.</ce:given-name><ce:surname>Miller</ce:surname></sb:author><sb:author><ce:given-name>E.A.</ce:given-name><ce:surname>Kenik</ce:surname></sb:author><sb:author><ce:given-name>K.F.</ce:given-name><ce:surname>Russell</ce:surname></sb:author><sb:author><ce:given-name>L.</ce:given-name><ce:surname>Heatherly</ce:surname></sb:author><sb:author><ce:given-name>D.T.</ce:given-name><ce:surname>Hoelzer</ce:surname></sb:author><sb:author><ce:given-name>P.J.</ce:given-name><ce:surname>Maziasz</ce:surname></sb:author></sb:authors></sb:contribution><sb:host><sb:issue><sb:series><sb:title><sb:maintitle>Mater. Sci. Eng., A</sb:maintitle></sb:title><sb:volume-nr>353</sb:volume-nr></sb:series><sb:date>2003</sb:date></sb:issue><sb:pages><sb:first-page>140</sb:first-page><sb:last-page>145</sb:last-page></sb:pages></sb:host></sb:reference></ce:bib-reference><ce:bib-reference id="b0170"><ce:label>[34]</ce:label><sb:reference id="h0170"><sb:contribution langtype="en"><sb:authors><sb:author><ce:given-name>A.G.</ce:given-name><ce:surname>Certain</ce:surname></sb:author><sb:author><ce:given-name>K.G.</ce:given-name><ce:surname>Field</ce:surname></sb:author><sb:author><ce:given-name>T.R.</ce:given-name><ce:surname>Allen</ce:surname></sb:author><sb:author><ce:given-name>M.K.</ce:given-name><ce:surname>Miller</ce:surname></sb:author><sb:author><ce:given-name>J.</ce:given-name><ce:surname>Bentley</ce:surname></sb:author><sb:author><ce:given-name>J.T.</ce:given-name><ce:surname>Busby</ce:surname></sb:author></sb:authors></sb:contribution><sb:host><sb:issue><sb:series><sb:title><sb:maintitle>J. Nucl. Mater.</sb:maintitle></sb:title><sb:volume-nr>407</sb:volume-nr></sb:series><sb:date>2010</sb:date></sb:issue><sb:pages><sb:first-page>2</sb:first-page><sb:last-page>9</sb:last-page></sb:pages></sb:host></sb:reference></ce:bib-reference><ce:bib-reference id="b0175"><ce:label>[35]</ce:label><sb:reference id="h0175"><sb:contribution langtype="en"><sb:authors><sb:author><ce:given-name>R.L.</ce:given-name><ce:surname>Klueh</ce:surname></sb:author><sb:author><ce:given-name>J.P.</ce:given-name><ce:surname>Shingledecker</ce:surname></sb:author><sb:author><ce:given-name>R.W.</ce:given-name><ce:surname>Swindeman</ce:surname></sb:author><sb:author><ce:given-name>D.T.</ce:given-name><ce:surname>Hoelzer</ce:surname></sb:author></sb:authors></sb:contribution><sb:host><sb:issue><sb:series><sb:title><sb:maintitle>J. Nucl. Mater.</sb:maintitle></sb:title><sb:volume-nr>341</sb:volume-nr></sb:series><sb:date>2005</sb:date></sb:issue><sb:pages><sb:first-page>103</sb:first-page><sb:last-page>114</sb:last-page></sb:pages></sb:host></sb:reference></ce:bib-reference><ce:bib-reference id="b0180"><ce:label>[36]</ce:label><sb:reference id="h0180"><sb:contribution langtype="en"><sb:authors><sb:author><ce:given-name>M.</ce:given-name><ce:surname>Kolluri</ce:surname></sb:author><sb:author><ce:given-name>P.D.</ce:given-name><ce:surname>Edmondson</ce:surname></sb:author><sb:author><ce:given-name>N.V.</ce:given-name><ce:surname>Luzginova</ce:surname></sb:author><sb:author><ce:given-name>F.A.v.d.</ce:given-name><ce:surname>Berg</ce:surname></sb:author></sb:authors></sb:contribution><sb:host><sb:issue><sb:series><sb:title><sb:maintitle>Mater. Sci. Eng., A</sb:maintitle></sb:title><sb:volume-nr>597</sb:volume-nr></sb:series><sb:date>2014</sb:date></sb:issue><sb:pages><sb:first-page>111</sb:first-page><sb:last-page>116</sb:last-page></sb:pages></sb:host></sb:reference></ce:bib-reference><ce:bib-reference id="b0185"><ce:label>[37]</ce:label><sb:reference id="h0185"><sb:contribution langtype="en"><sb:authors><sb:author><ce:given-name>M.</ce:given-name><ce:surname>Kolluri</ce:surname></sb:author><sb:author><ce:given-name>P.D.</ce:given-name><ce:surname>Edmondson</ce:surname></sb:author><sb:author><ce:given-name>N.V.</ce:given-name><ce:surname>Luzginova</ce:surname></sb:author><sb:author><ce:given-name>F.A.v.d.</ce:given-name><ce:surname>Berg</ce:surname></sb:author></sb:authors></sb:contribution><sb:host><sb:issue><sb:series><sb:title><sb:maintitle>Mater. Sci. Technol.</sb:maintitle></sb:title><sb:volume-nr>30</sb:volume-nr></sb:series><sb:date>2014</sb:date></sb:issue><sb:pages><sb:first-page>1697</sb:first-page><sb:last-page>1703</sb:last-page></sb:pages></sb:host></sb:reference></ce:bib-reference></ce:bibliography-sec></ce:bibliography></tail></article></xocs:serial-item></xocs:doc>