<full-text-retrieval-response xmlns="http://www.elsevier.com/xml/svapi/article/dtd" xmlns:xsi="http://www.w3.org/2001/XMLSchema-instance" xmlns:prism="http://prismstandard.org/namespaces/basic/2.0/" xmlns:dcterms="http://purl.org/dc/terms/" xmlns:dc="http://purl.org/dc/elements/1.1/" xmlns:xocs="http://www.elsevier.com/xml/xocs/dtd" xmlns:xlink="http://www.w3.org/1999/xlink" xmlns:tb="http://www.elsevier.com/xml/common/table/dtd" xmlns:sb="http://www.elsevier.com/xml/common/struct-bib/dtd" xmlns:sa="http://www.elsevier.com/xml/common/struct-aff/dtd" xmlns:mml="http://www.w3.org/1998/Math/MathML" xmlns:ja="http://www.elsevier.com/xml/ja/dtd" xmlns:ce="http://www.elsevier.com/xml/common/dtd" xmlns:cals="http://www.elsevier.com/xml/common/cals/dtd" xmlns:bk="http://www.elsevier.com/xml/bk/dtd"><coredata><prism:url>http://api.elsevier.com/content/article/pii/S0167931712003012</prism:url><dc:identifier>doi:10.1016/j.mee.2012.07.019</dc:identifier><eid>1-s2.0-S0167931712003012</eid><prism:doi>10.1016/j.mee.2012.07.019</prism:doi><pii>S0167-9317(12)00301-2</pii><dc:title>Fullerene-based spin-on-carbon hardmask </dc:title><prism:publicationName>Microelectronic Engineering</prism:publicationName><prism:aggregationType>Journal</prism:aggregationType><prism:issn>01679317</prism:issn><prism:volume>98</prism:volume><prism:startingPage>552</prism:startingPage><prism:endingPage>555</prism:endingPage><prism:pageRange>552-555</prism:pageRange><dc:format>text/xml</dc:format><prism:coverDate>2012-10-31</prism:coverDate><prism:coverDisplayDate>October 2012</prism:coverDisplayDate><prism:copyright>Copyright © 2012 Elsevier B.V.</prism:copyright><prism:publisher>Elsevier B.V.</prism:publisher><prism:issueName>Special issue MNE 2011 - Part II</prism:issueName><dc:creator>Frommhold, A.</dc:creator><dc:creator>Manyam, J.</dc:creator><dc:creator>Palmer, R.E.</dc:creator><dc:creator>Robinson, A.P.G.</dc:creator><dc:description>AbstractAs feature sizes have diminished the need for extremely thin photoresist films has grown. Given the poor selectivity of typical resists with respect to silicon during plasma etching, it has become common to use an intermediate hardmask to transfer the pattern. Furthermore the use of trilayer etch stacks to amplify the achievable etch aspect ratio is becoming increasingly popular for critical layers. Here we introduce a new fullerene based spin-on-carbon layer for use in a multilayer etch stack. Carbon films of between 20 and 1270nm were prepared by spin coating. Thin silicon films were deposited on the carbon layer and patterned using a thin photoresist. Patterns were transferred to the carbon layer with high anisotropy at resolutions down to 40nm using an oxygen plasma, and then subsequently etched into the silicon substrate using an SF6/C4F8 etch with high aspect ratio.</dc:description><openaccess>1</openaccess><openaccessArticle>true</openaccessArticle><openaccessType>Full</openaccessType><openArchiveArticle>false</openArchiveArticle><openaccessSponsorName/><openaccessSponsorType>Author</openaccessSponsorType><openaccessUserLicense>http://creativecommons.org/licenses/by-nc-nd/3.0/</openaccessUserLicense><dcterms:subject>Spin-on carbon</dcterms:subject><dcterms:subject>Hardmask</dcterms:subject><dcterms:subject>Fullerene</dcterms:subject><dcterms:subject>ICP</dcterms:subject><dcterms:subject>Silicon etching</dcterms:subject><link rel="self" href="http://api.elsevier.com/content/article/pii/S0167931712003012"/><link rel="scidir" href="http://www.sciencedirect.com/science/article/pii/S0167931712003012"/></coredata><objects><object ref="gr7" category="standard" type="IMAGE-DOWNSAMPLED" multimediatype="JPEG image file" mimetype="image/jpeg" width="378" height="273" size="23717">http://api.elsevier.com/content/object/eid/1-s2.0-S0167931712003012-gr7.jpg?httpAccept=%2A%2F%2A</object><object ref="gr6" category="standard" type="IMAGE-DOWNSAMPLED" multimediatype="JPEG image file" mimetype="image/jpeg" width="378" height="273" size="25503">http://api.elsevier.com/content/object/eid/1-s2.0-S0167931712003012-gr6.jpg?httpAccept=%2A%2F%2A</object><object ref="gr5" category="standard" type="IMAGE-DOWNSAMPLED" multimediatype="JPEG image file" mimetype="image/jpeg" width="378" height="273" size="32344">http://api.elsevier.com/content/object/eid/1-s2.0-S0167931712003012-gr5.jpg?httpAccept=%2A%2F%2A</object><object ref="gr4" category="standard" type="IMAGE-DOWNSAMPLED" multimediatype="JPEG image file" mimetype="image/jpeg" width="378" height="273" size="31299">http://api.elsevier.com/content/object/eid/1-s2.0-S0167931712003012-gr4.jpg?httpAccept=%2A%2F%2A</object><object ref="gr3" category="standard" type="IMAGE-DOWNSAMPLED" multimediatype="JPEG image file" mimetype="image/jpeg" width="378" height="273" size="23769">http://api.elsevier.com/content/object/eid/1-s2.0-S0167931712003012-gr3.jpg?httpAccept=%2A%2F%2A</object><object ref="gr2" category="standard" type="IMAGE-DOWNSAMPLED" multimediatype="JPEG image file" mimetype="image/jpeg" width="779" height="217" size="94341">http://api.elsevier.com/content/object/eid/1-s2.0-S0167931712003012-gr2.jpg?httpAccept=%2A%2F%2A</object><object ref="gr1" category="standard" type="IMAGE-DOWNSAMPLED" multimediatype="JPEG image file" mimetype="image/jpeg" width="379" height="290" size="40297">http://api.elsevier.com/content/object/eid/1-s2.0-S0167931712003012-gr1.jpg?httpAccept=%2A%2F%2A</object><object ref="fx1" category="standard" type="IMAGE-DOWNSAMPLED" multimediatype="JPEG image file" mimetype="image/jpeg" width="500" height="120" size="20046">http://api.elsevier.com/content/object/eid/1-s2.0-S0167931712003012-fx1.jpg?httpAccept=%2A%2F%2A</object><object ref="gr7" category="thumbnail" type="IMAGE-THUMBNAIL" multimediatype="GIF image file" mimetype="image/gif" width="219" height="158" size="7424">http://api.elsevier.com/content/object/eid/1-s2.0-S0167931712003012-gr7.sml?httpAccept=%2A%2F%2A</object><object ref="gr6" category="thumbnail" type="IMAGE-THUMBNAIL" multimediatype="GIF image file" mimetype="image/gif" width="219" height="158" size="7076">http://api.elsevier.com/content/object/eid/1-s2.0-S0167931712003012-gr6.sml?httpAccept=%2A%2F%2A</object><object ref="gr5" category="thumbnail" type="IMAGE-THUMBNAIL" multimediatype="GIF image file" mimetype="image/gif" width="219" height="158" size="8339">http://api.elsevier.com/content/object/eid/1-s2.0-S0167931712003012-gr5.sml?httpAccept=%2A%2F%2A</object><object ref="gr4" category="thumbnail" type="IMAGE-THUMBNAIL" multimediatype="GIF image file" mimetype="image/gif" width="219" height="158" size="6240">http://api.elsevier.com/content/object/eid/1-s2.0-S0167931712003012-gr4.sml?httpAccept=%2A%2F%2A</object><object ref="gr3" category="thumbnail" type="IMAGE-THUMBNAIL" multimediatype="GIF image file" mimetype="image/gif" width="219" height="158" size="6100">http://api.elsevier.com/content/object/eid/1-s2.0-S0167931712003012-gr3.sml?httpAccept=%2A%2F%2A</object><object ref="gr2" category="thumbnail" type="IMAGE-THUMBNAIL" multimediatype="GIF image file" mimetype="image/gif" width="219" height="61" size="7187">http://api.elsevier.com/content/object/eid/1-s2.0-S0167931712003012-gr2.sml?httpAccept=%2A%2F%2A</object><object ref="gr1" category="thumbnail" type="IMAGE-THUMBNAIL" multimediatype="GIF image file" mimetype="image/gif" width="214" height="164" size="6629">http://api.elsevier.com/content/object/eid/1-s2.0-S0167931712003012-gr1.sml?httpAccept=%2A%2F%2A</object><object ref="fx1" category="thumbnail" type="IMAGE-THUMBNAIL" multimediatype="GIF image file" mimetype="image/gif" width="219" height="52" size="4721">http://api.elsevier.com/content/object/eid/1-s2.0-S0167931712003012-fx1.sml?httpAccept=%2A%2F%2A</object></objects><scopus-id>84865597247</scopus-id><scopus-eid>2-s2.0-84865597247</scopus-eid><link rel="abstract" href="http://api.elsevier.com/content/abstract/scopus_id/84865597247"/><originalText><xocs:doc xmlns:xoe="http://www.elsevier.com/xml/xoe/dtd" xsi:schemaLocation="http://www.elsevier.com/xml/xocs/dtd http://be-prod3a/schema/dtds/document/fulltext/xcr/xocs-article.xsd"><xocs:meta><xocs:content-family>serial</xocs:content-family><xocs:content-type>JL</xocs:content-type><xocs:cid>271975</xocs:cid><xocs:ssids><xocs:ssid type="alllist">291210</xocs:ssid><xocs:ssid type="subj">291716</xocs:ssid><xocs:ssid type="subj">291718</xocs:ssid><xocs:ssid type="subj">291821</xocs:ssid><xocs:ssid type="subj">291892</xocs:ssid><xocs:ssid type="subj">291893</xocs:ssid><xocs:ssid type="content">31</xocs:ssid><xocs:ssid type="oa">90</xocs:ssid></xocs:ssids><xocs:srctitle>Microelectronic Engineering</xocs:srctitle><xocs:normalized-srctitle>MICROELECTRONICENGINEERING</xocs:normalized-srctitle><xocs:orig-load-date yyyymmdd="20120720">2012-07-20</xocs:orig-load-date><xocs:available-online-date yyyymmdd="20120720">2012-07-20</xocs:available-online-date><xocs:ew-transaction-id>2014-10-15T01:14:43</xocs:ew-transaction-id><xocs:eid>1-s2.0-S0167931712003012</xocs:eid><xocs:pii-formatted>S0167-9317(12)00301-2</xocs:pii-formatted><xocs:pii-unformatted>S0167931712003012</xocs:pii-unformatted><xocs:doi>10.1016/j.mee.2012.07.019</xocs:doi><xocs:item-stage>S300</xocs:item-stage><xocs:item-version-number>S300.2</xocs:item-version-number><xocs:item-weight>FULL-TEXT</xocs:item-weight><xocs:hub-eid>1-s2.0-S0167931712X0008X</xocs:hub-eid><xocs:timestamp yyyymmdd="20150514">2015-05-14T05:08:13.398076-04:00</xocs:timestamp><xocs:dco>0</xocs:dco><xocs:tomb>0</xocs:tomb><xocs:date-search-begin>20121001</xocs:date-search-begin><xocs:date-search-end>20121031</xocs:date-search-end><xocs:year-nav>2012</xocs:year-nav><xocs:indexeddate epoch="1342742400">2012-07-20T00:00:00Z</xocs:indexeddate><xocs:articleinfo>absattachment articleinfo articletitlenorm authfirstinitialnorm authfirstsurnamenorm cid cids confdate confeditor confloc contenttype copyright crossmark dateloaded dateloadedtxt datesearch datesort dateupdated dco docsubtype doctype doi eid ewtransactionid fundingbodyid hubeid indexeddate issn issnnorm itemstage itemtransactionid itemweight oauserlicense openaccess openarchive pg pgfirst pglast pii piinorm pubdateend pubdatestart pubdatetxt pubyr sectiontitle sortorder sponsoredaccesstype srctitle srctitlenorm srctype ssids alllist content oa subj subheadings suppl tomb vol volfirst volissue volumelist webpdf webpdfpagecount yearnav figure table body acknowledge affil articletitle auth authfirstini authfull authkeywords authlast primabst ref specialabst</xocs:articleinfo><xocs:issns><xocs:issn-primary-formatted>0167-9317</xocs:issn-primary-formatted><xocs:issn-primary-unformatted>01679317</xocs:issn-primary-unformatted></xocs:issns><xocs:sponsored-access-type>UNLIMITED</xocs:sponsored-access-type><xocs:funding-body-id>NONE</xocs:funding-body-id><xocs:crossmark is-crossmark="0">false</xocs:crossmark><xocs:vol-first>98</xocs:vol-first><xocs:volume-list><xocs:volume>98</xocs:volume></xocs:volume-list><xocs:suppl>C</xocs:suppl><xocs:vol-iss-suppl-text>Volume 98</xocs:vol-iss-suppl-text><xocs:sort-order>125</xocs:sort-order><xocs:first-fp>552</xocs:first-fp><xocs:last-lp>555</xocs:last-lp><xocs:pages><xocs:first-page>552</xocs:first-page><xocs:last-page>555</xocs:last-page></xocs:pages><xocs:cover-date-orig><xocs:start-date>201210</xocs:start-date></xocs:cover-date-orig><xocs:cover-date-text>October 2012</xocs:cover-date-text><xocs:cover-date-start>2012-10-01</xocs:cover-date-start><xocs:cover-date-end>2012-10-31</xocs:cover-date-end><xocs:cover-date-year>2012</xocs:cover-date-year><xocs:title-editors-groups><xocs:title-editors-group><ce:title>Special issue MNE 2011 - Part II</ce:title><xocs:conference-info><xocs:venue>Berlin</xocs:venue><xocs:conference-date-text>19–23 September 2011</xocs:conference-date-text><xocs:date-range><xocs:start-date>20110919</xocs:start-date><xocs:end-date>20110923</xocs:end-date></xocs:date-range></xocs:conference-info><ce:editors><ce:author-group><ce:author><ce:degrees>Prof</ce:degrees><ce:given-name>Dieter</ce:given-name><ce:surname>Kern</ce:surname></ce:author><ce:author><ce:degrees>Prof</ce:degrees><ce:given-name>Johann-Peter</ce:given-name><ce:surname>Reithmaier</ce:surname></ce:author><ce:author><ce:degrees>Dr</ce:degrees><ce:given-name>Olaf</ce:given-name><ce:surname>Krüger</ce:surname></ce:author><ce:author><ce:degrees>Dr</ce:degrees><ce:given-name>Uwe</ce:given-name><ce:surname>Zeitner</ce:surname></ce:author><ce:author><ce:degrees>Prof</ce:degrees><ce:given-name>Martin</ce:given-name><ce:surname>Hoffmann</ce:surname></ce:author><ce:author><ce:degrees>Dr</ce:degrees><ce:given-name>Martin</ce:given-name><ce:surname>Stelzle</ce:surname></ce:author></ce:author-group></ce:editors></xocs:title-editors-group></xocs:title-editors-groups><xocs:hub-sec><xocs:hub-sec-title>Micro- and Nanoengineering</xocs:hub-sec-title></xocs:hub-sec><xocs:document-type>article</xocs:document-type><xocs:document-subtype>fla</xocs:document-subtype><xocs:copyright-line>Copyright © 2012 Elsevier B.V.</xocs:copyright-line><xocs:normalized-article-title>FULLERENEBASEDSPINONCARBONHARDMASK</xocs:normalized-article-title><xocs:normalized-first-auth-surname>FROMMHOLD</xocs:normalized-first-auth-surname><xocs:normalized-first-auth-initial>A</xocs:normalized-first-auth-initial><xocs:item-toc><xocs:item-toc-entry ref-elem="ce:sections"><xocs:item-toc-label>1</xocs:item-toc-label><xocs:item-toc-section-title>Introduction</xocs:item-toc-section-title></xocs:item-toc-entry><xocs:item-toc-entry ref-elem="ce:sections"><xocs:item-toc-label>2</xocs:item-toc-label><xocs:item-toc-section-title>Experimental</xocs:item-toc-section-title></xocs:item-toc-entry><xocs:item-toc-entry ref-elem="ce:sections"><xocs:item-toc-label>3</xocs:item-toc-label><xocs:item-toc-section-title>Conclusions</xocs:item-toc-section-title></xocs:item-toc-entry><xocs:item-toc-entry ref-elem="ce:acknowledgment"><xocs:item-toc-section-title>Acknowledgements</xocs:item-toc-section-title></xocs:item-toc-entry><xocs:item-toc-entry ref-elem="ce:bibliography"><xocs:item-toc-section-title>References</xocs:item-toc-section-title></xocs:item-toc-entry></xocs:item-toc><xocs:references><xocs:ref-info refid="b0005"><xocs:ref-normalized-surname>YEH</xocs:ref-normalized-surname><xocs:ref-pub-year>2011</xocs:ref-pub-year><xocs:ref-first-fp>79721Y</xocs:ref-first-fp><xocs:ref-normalized-initial>W</xocs:ref-normalized-initial></xocs:ref-info><xocs:ref-info refid="b0010"><xocs:ref-normalized-surname>GIBBONS</xocs:ref-normalized-surname><xocs:ref-pub-year>2008</xocs:ref-pub-year><xocs:ref-first-fp>1977</xocs:ref-first-fp><xocs:ref-normalized-initial>F</xocs:ref-normalized-initial></xocs:ref-info><xocs:ref-info refid="b0015"><xocs:ref-normalized-surname>MANYAM</xocs:ref-normalized-surname><xocs:ref-pub-year>2011</xocs:ref-pub-year><xocs:ref-first-fp>79722N</xocs:ref-first-fp><xocs:ref-normalized-initial>J</xocs:ref-normalized-initial></xocs:ref-info><xocs:ref-info refid="b0020"><xocs:ref-normalized-surname>PAULIACVAUJOUR</xocs:ref-normalized-surname><xocs:ref-pub-year>2008</xocs:ref-pub-year><xocs:ref-first-fp>800</xocs:ref-first-fp><xocs:ref-normalized-initial>S</xocs:ref-normalized-initial></xocs:ref-info><xocs:ref-info refid="b0025"><xocs:ref-normalized-surname>HO</xocs:ref-normalized-surname><xocs:ref-pub-year>2010</xocs:ref-pub-year><xocs:ref-first-fp>6076</xocs:ref-first-fp><xocs:ref-normalized-initial>C</xocs:ref-normalized-initial></xocs:ref-info><xocs:ref-info refid="b0030"><xocs:ref-normalized-surname>ZHU</xocs:ref-normalized-surname><xocs:ref-pub-year>2009</xocs:ref-pub-year><xocs:ref-first-fp>72742K</xocs:ref-first-fp><xocs:ref-normalized-initial>Z</xocs:ref-normalized-initial></xocs:ref-info><xocs:ref-info refid="b0035"><xocs:ref-normalized-surname>WEI</xocs:ref-normalized-surname><xocs:ref-pub-year>2011</xocs:ref-pub-year><xocs:ref-first-fp>79722L</xocs:ref-first-fp><xocs:ref-normalized-initial>Y</xocs:ref-normalized-initial></xocs:ref-info><xocs:ref-info refid="b0040"><xocs:ref-normalized-surname>VANDELFT</xocs:ref-normalized-surname><xocs:ref-pub-year>2000</xocs:ref-pub-year><xocs:ref-first-fp>3419</xocs:ref-first-fp><xocs:ref-normalized-initial>F</xocs:ref-normalized-initial></xocs:ref-info><xocs:ref-info refid="b0045"><xocs:ref-normalized-surname>TADOKORO</xocs:ref-normalized-surname><xocs:ref-pub-year>2008</xocs:ref-pub-year><xocs:ref-first-fp>67</xocs:ref-first-fp><xocs:ref-normalized-initial>M</xocs:ref-normalized-initial></xocs:ref-info><xocs:ref-info refid="b0050"><xocs:ref-normalized-surname>GLODDE</xocs:ref-normalized-surname><xocs:ref-pub-year>2011</xocs:ref-pub-year><xocs:ref-first-fp>797216</xocs:ref-first-fp><xocs:ref-normalized-initial>M</xocs:ref-normalized-initial></xocs:ref-info><xocs:ref-info refid="b0055"><xocs:ref-normalized-surname>MURAMATSU</xocs:ref-normalized-surname><xocs:ref-pub-year>2011</xocs:ref-pub-year><xocs:ref-first-fp>797226</xocs:ref-first-fp><xocs:ref-normalized-initial>M</xocs:ref-normalized-initial></xocs:ref-info><xocs:ref-info refid="b0060"/></xocs:references><xocs:refkeys><xocs:refkey3>FROMMHOLDX2012X552</xocs:refkey3><xocs:refkey4lp>FROMMHOLDX2012X552X555</xocs:refkey4lp><xocs:refkey4ai>FROMMHOLDX2012X552XA</xocs:refkey4ai><xocs:refkey5>FROMMHOLDX2012X552X555XA</xocs:refkey5></xocs:refkeys><xocs:open-access><xocs:oa-article-status is-open-access="1" is-open-archive="0">Full</xocs:oa-article-status><xocs:oa-access-effective-date>2013-07-16T20:15:34Z</xocs:oa-access-effective-date><xocs:oa-sponsor><xocs:oa-sponsor-type>Author</xocs:oa-sponsor-type></xocs:oa-sponsor><xocs:oa-user-license>http://creativecommons.org/licenses/by-nc-nd/3.0/</xocs:oa-user-license></xocs:open-access><xocs:attachment-metadata-doc><xocs:attachment-set-type>item</xocs:attachment-set-type><xocs:pii-formatted>S0167-9317(12)00301-2</xocs:pii-formatted><xocs:pii-unformatted>S0167931712003012</xocs:pii-unformatted><xocs:eid>1-s2.0-S0167931712003012</xocs:eid><xocs:doi>10.1016/j.mee.2012.07.019</xocs:doi><xocs:cid>271975</xocs:cid><xocs:timestamp>2014-10-15T00:40:02.981599-04:00</xocs:timestamp><xocs:cover-date-start>2012-10-01</xocs:cover-date-start><xocs:cover-date-end>2012-10-31</xocs:cover-date-end><xocs:sponsored-access-type>UNLIMITED</xocs:sponsored-access-type><xocs:funding-body-id>NONE</xocs:funding-body-id><xocs:attachments><xocs:web-pdf><xocs:attachment-eid>1-s2.0-S0167931712003012-main.pdf</xocs:attachment-eid><xocs:ucs-locator>https://s3.amazonaws.com/prod-ucs-content-store-us-east/content/pii:S0167931712003012/MAIN/application/pdf/e262614b332fb95636e0859691cfaca3/main.pdf</xocs:ucs-locator><xocs:ucs-locator>https://s3-eu-west-1.amazonaws.com/prod-ucs-content-store-eu-west/content/pii:S0167931712003012/MAIN/application/pdf/e262614b332fb95636e0859691cfaca3/main.pdf</xocs:ucs-locator><xocs:filename>main.pdf</xocs:filename><xocs:extension>pdf</xocs:extension><xocs:pdf-optimized>true</xocs:pdf-optimized><xocs:filesize>1046281</xocs:filesize><xocs:web-pdf-purpose>MAIN</xocs:web-pdf-purpose><xocs:web-pdf-page-count>4</xocs:web-pdf-page-count><xocs:web-pdf-images><xocs:web-pdf-image><xocs:attachment-eid>1-s2.0-S0167931712003012-main_1.png</xocs:attachment-eid><xocs:ucs-locator>https://s3-eu-west-1.amazonaws.com/prod-ucs-content-store-eu-west/content/pii:S0167931712003012/PREVIEW/image/png/743c2403237610ae28d3bab997868b9f/main_1.png</xocs:ucs-locator><xocs:ucs-locator>https://s3.amazonaws.com/prod-ucs-content-store-us-east/content/pii:S0167931712003012/PREVIEW/image/png/743c2403237610ae28d3bab997868b9f/main_1.png</xocs:ucs-locator><xocs:filename>main_1.png</xocs:filename><xocs:extension>png</xocs:extension><xocs:filesize>59325</xocs:filesize><xocs:pixel-height>849</xocs:pixel-height><xocs:pixel-width>656</xocs:pixel-width><xocs:attachment-type>IMAGE-WEB-PDF</xocs:attachment-type><xocs:pdf-page-num>1</xocs:pdf-page-num></xocs:web-pdf-image></xocs:web-pdf-images></xocs:web-pdf><xocs:attachment><xocs:attachment-eid>1-s2.0-S0167931712003012-gr7.jpg</xocs:attachment-eid><xocs:ucs-locator>https://s3.amazonaws.com/prod-ucs-content-store-us-east/content/pii:S0167931712003012/gr7/DOWNSAMPLED/image/jpeg/815dd7be6ca2815bcd06a31db5d043b3/gr7.jpg</xocs:ucs-locator><xocs:ucs-locator>https://s3-eu-west-1.amazonaws.com/prod-ucs-content-store-eu-west/content/pii:S0167931712003012/gr7/DOWNSAMPLED/image/jpeg/815dd7be6ca2815bcd06a31db5d043b3/gr7.jpg</xocs:ucs-locator><xocs:file-basename>gr7</xocs:file-basename><xocs:filename>gr7.jpg</xocs:filename><xocs:extension>jpg</xocs:extension><xocs:filesize>23717</xocs:filesize><xocs:pixel-height>273</xocs:pixel-height><xocs:pixel-width>378</xocs:pixel-width><xocs:attachment-type>IMAGE-DOWNSAMPLED</xocs:attachment-type></xocs:attachment><xocs:attachment><xocs:attachment-eid>1-s2.0-S0167931712003012-gr6.jpg</xocs:attachment-eid><xocs:ucs-locator>https://s3.amazonaws.com/prod-ucs-content-store-us-east/content/pii:S0167931712003012/gr6/DOWNSAMPLED/image/jpeg/fd39d35cfd84b0e6318d7f04c50a9ed1/gr6.jpg</xocs:ucs-locator><xocs:ucs-locator>https://s3-eu-west-1.amazonaws.com/prod-ucs-content-store-eu-west/content/pii:S0167931712003012/gr6/DOWNSAMPLED/image/jpeg/fd39d35cfd84b0e6318d7f04c50a9ed1/gr6.jpg</xocs:ucs-locator><xocs:file-basename>gr6</xocs:file-basename><xocs:filename>gr6.jpg</xocs:filename><xocs:extension>jpg</xocs:extension><xocs:filesize>25503</xocs:filesize><xocs:pixel-height>273</xocs:pixel-height><xocs:pixel-width>378</xocs:pixel-width><xocs:attachment-type>IMAGE-DOWNSAMPLED</xocs:attachment-type></xocs:attachment><xocs:attachment><xocs:attachment-eid>1-s2.0-S0167931712003012-gr5.jpg</xocs:attachment-eid><xocs:ucs-locator>https://s3.amazonaws.com/prod-ucs-content-store-us-east/content/pii:S0167931712003012/gr5/DOWNSAMPLED/image/jpeg/0f0e3912e02e301fcb527315695850e4/gr5.jpg</xocs:ucs-locator><xocs:ucs-locator>https://s3-eu-west-1.amazonaws.com/prod-ucs-content-store-eu-west/content/pii:S0167931712003012/gr5/DOWNSAMPLED/image/jpeg/0f0e3912e02e301fcb527315695850e4/gr5.jpg</xocs:ucs-locator><xocs:file-basename>gr5</xocs:file-basename><xocs:filename>gr5.jpg</xocs:filename><xocs:extension>jpg</xocs:extension><xocs:filesize>32344</xocs:filesize><xocs:pixel-height>273</xocs:pixel-height><xocs:pixel-width>378</xocs:pixel-width><xocs:attachment-type>IMAGE-DOWNSAMPLED</xocs:attachment-type></xocs:attachment><xocs:attachment><xocs:attachment-eid>1-s2.0-S0167931712003012-gr4.jpg</xocs:attachment-eid><xocs:ucs-locator>https://s3.amazonaws.com/prod-ucs-content-store-us-east/content/pii:S0167931712003012/gr4/DOWNSAMPLED/image/jpeg/36a31dd7ce2199ec5aa0e4233a3cfaf2/gr4.jpg</xocs:ucs-locator><xocs:ucs-locator>https://s3-eu-west-1.amazonaws.com/prod-ucs-content-store-eu-west/content/pii:S0167931712003012/gr4/DOWNSAMPLED/image/jpeg/36a31dd7ce2199ec5aa0e4233a3cfaf2/gr4.jpg</xocs:ucs-locator><xocs:file-basename>gr4</xocs:file-basename><xocs:filename>gr4.jpg</xocs:filename><xocs:extension>jpg</xocs:extension><xocs:filesize>31299</xocs:filesize><xocs:pixel-height>273</xocs:pixel-height><xocs:pixel-width>378</xocs:pixel-width><xocs:attachment-type>IMAGE-DOWNSAMPLED</xocs:attachment-type></xocs:attachment><xocs:attachment><xocs:attachment-eid>1-s2.0-S0167931712003012-gr3.jpg</xocs:attachment-eid><xocs:ucs-locator>https://s3.amazonaws.com/prod-ucs-content-store-us-east/content/pii:S0167931712003012/gr3/DOWNSAMPLED/image/jpeg/b0a8546a9bde0e508a8a215478d491c6/gr3.jpg</xocs:ucs-locator><xocs:ucs-locator>https://s3-eu-west-1.amazonaws.com/prod-ucs-content-store-eu-west/content/pii:S0167931712003012/gr3/DOWNSAMPLED/image/jpeg/b0a8546a9bde0e508a8a215478d491c6/gr3.jpg</xocs:ucs-locator><xocs:file-basename>gr3</xocs:file-basename><xocs:filename>gr3.jpg</xocs:filename><xocs:extension>jpg</xocs:extension><xocs:filesize>23769</xocs:filesize><xocs:pixel-height>273</xocs:pixel-height><xocs:pixel-width>378</xocs:pixel-width><xocs:attachment-type>IMAGE-DOWNSAMPLED</xocs:attachment-type></xocs:attachment><xocs:attachment><xocs:attachment-eid>1-s2.0-S0167931712003012-gr2.jpg</xocs:attachment-eid><xocs:ucs-locator>https://s3.amazonaws.com/prod-ucs-content-store-us-east/content/pii:S0167931712003012/gr2/DOWNSAMPLED/image/jpeg/6147ef0c20f88ec7cee1f695ca40560b/gr2.jpg</xocs:ucs-locator><xocs:ucs-locator>https://s3-eu-west-1.amazonaws.com/prod-ucs-content-store-eu-west/content/pii:S0167931712003012/gr2/DOWNSAMPLED/image/jpeg/6147ef0c20f88ec7cee1f695ca40560b/gr2.jpg</xocs:ucs-locator><xocs:file-basename>gr2</xocs:file-basename><xocs:filename>gr2.jpg</xocs:filename><xocs:extension>jpg</xocs:extension><xocs:filesize>94341</xocs:filesize><xocs:pixel-height>217</xocs:pixel-height><xocs:pixel-width>779</xocs:pixel-width><xocs:attachment-type>IMAGE-DOWNSAMPLED</xocs:attachment-type></xocs:attachment><xocs:attachment><xocs:attachment-eid>1-s2.0-S0167931712003012-gr1.jpg</xocs:attachment-eid><xocs:ucs-locator>https://s3.amazonaws.com/prod-ucs-content-store-us-east/content/pii:S0167931712003012/gr1/DOWNSAMPLED/image/jpeg/bbc86b8b70a4bec530debe319a2855ae/gr1.jpg</xocs:ucs-locator><xocs:ucs-locator>https://s3-eu-west-1.amazonaws.com/prod-ucs-content-store-eu-west/content/pii:S0167931712003012/gr1/DOWNSAMPLED/image/jpeg/bbc86b8b70a4bec530debe319a2855ae/gr1.jpg</xocs:ucs-locator><xocs:file-basename>gr1</xocs:file-basename><xocs:filename>gr1.jpg</xocs:filename><xocs:extension>jpg</xocs:extension><xocs:filesize>40297</xocs:filesize><xocs:pixel-height>290</xocs:pixel-height><xocs:pixel-width>379</xocs:pixel-width><xocs:attachment-type>IMAGE-DOWNSAMPLED</xocs:attachment-type></xocs:attachment><xocs:attachment><xocs:attachment-eid>1-s2.0-S0167931712003012-fx1.jpg</xocs:attachment-eid><xocs:ucs-locator>https://s3.amazonaws.com/prod-ucs-content-store-us-east/content/pii:S0167931712003012/fx1/DOWNSAMPLED/image/jpeg/c4989814870032e8b27b3ff6a24b5536/fx1.jpg</xocs:ucs-locator><xocs:ucs-locator>https://s3-eu-west-1.amazonaws.com/prod-ucs-content-store-eu-west/content/pii:S0167931712003012/fx1/DOWNSAMPLED/image/jpeg/c4989814870032e8b27b3ff6a24b5536/fx1.jpg</xocs:ucs-locator><xocs:file-basename>fx1</xocs:file-basename><xocs:abstract-attachment>true</xocs:abstract-attachment><xocs:filename>fx1.jpg</xocs:filename><xocs:extension>jpg</xocs:extension><xocs:filesize>20046</xocs:filesize><xocs:pixel-height>120</xocs:pixel-height><xocs:pixel-width>500</xocs:pixel-width><xocs:attachment-type>IMAGE-DOWNSAMPLED</xocs:attachment-type></xocs:attachment><xocs:attachment><xocs:attachment-eid>1-s2.0-S0167931712003012-gr7.sml</xocs:attachment-eid><xocs:ucs-locator>https://s3.amazonaws.com/prod-ucs-content-store-us-east/content/pii:S0167931712003012/gr7/THUMBNAIL/image/gif/5220c2ab12f3d77b3089a8f97ae8279b/gr7.sml</xocs:ucs-locator><xocs:ucs-locator>https://s3-eu-west-1.amazonaws.com/prod-ucs-content-store-eu-west/content/pii:S0167931712003012/gr7/THUMBNAIL/image/gif/5220c2ab12f3d77b3089a8f97ae8279b/gr7.sml</xocs:ucs-locator><xocs:file-basename>gr7</xocs:file-basename><xocs:filename>gr7.sml</xocs:filename><xocs:extension>sml</xocs:extension><xocs:filesize>7424</xocs:filesize><xocs:pixel-height>158</xocs:pixel-height><xocs:pixel-width>219</xocs:pixel-width><xocs:attachment-type>IMAGE-THUMBNAIL</xocs:attachment-type></xocs:attachment><xocs:attachment><xocs:attachment-eid>1-s2.0-S0167931712003012-gr6.sml</xocs:attachment-eid><xocs:ucs-locator>https://s3.amazonaws.com/prod-ucs-content-store-us-east/content/pii:S0167931712003012/gr6/THUMBNAIL/image/gif/af1861167dad975692e58709c53af9ee/gr6.sml</xocs:ucs-locator><xocs:ucs-locator>https://s3-eu-west-1.amazonaws.com/prod-ucs-content-store-eu-west/content/pii:S0167931712003012/gr6/THUMBNAIL/image/gif/af1861167dad975692e58709c53af9ee/gr6.sml</xocs:ucs-locator><xocs:file-basename>gr6</xocs:file-basename><xocs:filename>gr6.sml</xocs:filename><xocs:extension>sml</xocs:extension><xocs:filesize>7076</xocs:filesize><xocs:pixel-height>158</xocs:pixel-height><xocs:pixel-width>219</xocs:pixel-width><xocs:attachment-type>IMAGE-THUMBNAIL</xocs:attachment-type></xocs:attachment><xocs:attachment><xocs:attachment-eid>1-s2.0-S0167931712003012-gr5.sml</xocs:attachment-eid><xocs:ucs-locator>https://s3.amazonaws.com/prod-ucs-content-store-us-east/content/pii:S0167931712003012/gr5/THUMBNAIL/image/gif/7a4d397349dcb156a16362bd48a7a6d9/gr5.sml</xocs:ucs-locator><xocs:ucs-locator>https://s3-eu-west-1.amazonaws.com/prod-ucs-content-store-eu-west/content/pii:S0167931712003012/gr5/THUMBNAIL/image/gif/7a4d397349dcb156a16362bd48a7a6d9/gr5.sml</xocs:ucs-locator><xocs:file-basename>gr5</xocs:file-basename><xocs:filename>gr5.sml</xocs:filename><xocs:extension>sml</xocs:extension><xocs:filesize>8339</xocs:filesize><xocs:pixel-height>158</xocs:pixel-height><xocs:pixel-width>219</xocs:pixel-width><xocs:attachment-type>IMAGE-THUMBNAIL</xocs:attachment-type></xocs:attachment><xocs:attachment><xocs:attachment-eid>1-s2.0-S0167931712003012-gr4.sml</xocs:attachment-eid><xocs:ucs-locator>https://s3.amazonaws.com/prod-ucs-content-store-us-east/content/pii:S0167931712003012/gr4/THUMBNAIL/image/gif/8b388af7d67e7eaaa467102f49002f99/gr4.sml</xocs:ucs-locator><xocs:ucs-locator>https://s3-eu-west-1.amazonaws.com/prod-ucs-content-store-eu-west/content/pii:S0167931712003012/gr4/THUMBNAIL/image/gif/8b388af7d67e7eaaa467102f49002f99/gr4.sml</xocs:ucs-locator><xocs:file-basename>gr4</xocs:file-basename><xocs:filename>gr4.sml</xocs:filename><xocs:extension>sml</xocs:extension><xocs:filesize>6240</xocs:filesize><xocs:pixel-height>158</xocs:pixel-height><xocs:pixel-width>219</xocs:pixel-width><xocs:attachment-type>IMAGE-THUMBNAIL</xocs:attachment-type></xocs:attachment><xocs:attachment><xocs:attachment-eid>1-s2.0-S0167931712003012-gr3.sml</xocs:attachment-eid><xocs:ucs-locator>https://s3.amazonaws.com/prod-ucs-content-store-us-east/content/pii:S0167931712003012/gr3/THUMBNAIL/image/gif/e847838c71c9b0c2275d31e0daa7c1d9/gr3.sml</xocs:ucs-locator><xocs:ucs-locator>https://s3-eu-west-1.amazonaws.com/prod-ucs-content-store-eu-west/content/pii:S0167931712003012/gr3/THUMBNAIL/image/gif/e847838c71c9b0c2275d31e0daa7c1d9/gr3.sml</xocs:ucs-locator><xocs:file-basename>gr3</xocs:file-basename><xocs:filename>gr3.sml</xocs:filename><xocs:extension>sml</xocs:extension><xocs:filesize>6100</xocs:filesize><xocs:pixel-height>158</xocs:pixel-height><xocs:pixel-width>219</xocs:pixel-width><xocs:attachment-type>IMAGE-THUMBNAIL</xocs:attachment-type></xocs:attachment><xocs:attachment><xocs:attachment-eid>1-s2.0-S0167931712003012-gr2.sml</xocs:attachment-eid><xocs:ucs-locator>https://s3.amazonaws.com/prod-ucs-content-store-us-east/content/pii:S0167931712003012/gr2/THUMBNAIL/image/gif/a85908bef115fad7e245be724655d5ca/gr2.sml</xocs:ucs-locator><xocs:ucs-locator>https://s3-eu-west-1.amazonaws.com/prod-ucs-content-store-eu-west/content/pii:S0167931712003012/gr2/THUMBNAIL/image/gif/a85908bef115fad7e245be724655d5ca/gr2.sml</xocs:ucs-locator><xocs:file-basename>gr2</xocs:file-basename><xocs:filename>gr2.sml</xocs:filename><xocs:extension>sml</xocs:extension><xocs:filesize>7187</xocs:filesize><xocs:pixel-height>61</xocs:pixel-height><xocs:pixel-width>219</xocs:pixel-width><xocs:attachment-type>IMAGE-THUMBNAIL</xocs:attachment-type></xocs:attachment><xocs:attachment><xocs:attachment-eid>1-s2.0-S0167931712003012-gr1.sml</xocs:attachment-eid><xocs:ucs-locator>https://s3.amazonaws.com/prod-ucs-content-store-us-east/content/pii:S0167931712003012/gr1/THUMBNAIL/image/gif/20af21fc726cf7c0ab0811f67a361332/gr1.sml</xocs:ucs-locator><xocs:ucs-locator>https://s3-eu-west-1.amazonaws.com/prod-ucs-content-store-eu-west/content/pii:S0167931712003012/gr1/THUMBNAIL/image/gif/20af21fc726cf7c0ab0811f67a361332/gr1.sml</xocs:ucs-locator><xocs:file-basename>gr1</xocs:file-basename><xocs:filename>gr1.sml</xocs:filename><xocs:extension>sml</xocs:extension><xocs:filesize>6629</xocs:filesize><xocs:pixel-height>164</xocs:pixel-height><xocs:pixel-width>214</xocs:pixel-width><xocs:attachment-type>IMAGE-THUMBNAIL</xocs:attachment-type></xocs:attachment><xocs:attachment><xocs:attachment-eid>1-s2.0-S0167931712003012-fx1.sml</xocs:attachment-eid><xocs:ucs-locator>https://s3.amazonaws.com/prod-ucs-content-store-us-east/content/pii:S0167931712003012/fx1/THUMBNAIL/image/gif/0a27f3193165af291719a340badbd1f9/fx1.sml</xocs:ucs-locator><xocs:ucs-locator>https://s3-eu-west-1.amazonaws.com/prod-ucs-content-store-eu-west/content/pii:S0167931712003012/fx1/THUMBNAIL/image/gif/0a27f3193165af291719a340badbd1f9/fx1.sml</xocs:ucs-locator><xocs:file-basename>fx1</xocs:file-basename><xocs:abstract-attachment>true</xocs:abstract-attachment><xocs:filename>fx1.sml</xocs:filename><xocs:extension>sml</xocs:extension><xocs:filesize>4721</xocs:filesize><xocs:pixel-height>52</xocs:pixel-height><xocs:pixel-width>219</xocs:pixel-width><xocs:attachment-type>IMAGE-THUMBNAIL</xocs:attachment-type></xocs:attachment></xocs:attachments></xocs:attachment-metadata-doc></xocs:meta><xocs:serial-item><article xmlns="http://www.elsevier.com/xml/ja/dtd" docsubtype="fla" xml:lang="en" version="5.1"><item-info><jid>MEE</jid><aid>8503</aid><ce:pii>S0167-9317(12)00301-2</ce:pii><ce:doi>10.1016/j.mee.2012.07.019</ce:doi><ce:copyright type="full-transfer" year="2012">Elsevier B.V.</ce:copyright></item-info><ce:floats><ce:figure id="f0005"><ce:label>Fig. 1</ce:label><ce:caption><ce:simple-para id="sp0020" view="all">The normalized film thickness of SoC films IM-HM11-01 and IM-HM11-02 before and after ‘development’ in an organic solvent (MCB:IPA 1:1). For temperatures above 190<ce:hsp sp="0.25"/>°C IM-HM11-02 was not removed by the solvent rinse, whilst a temperature of 260<ce:hsp sp="0.25"/>°C was required to render the IM-HM11-01 SoC insoluble.</ce:simple-para></ce:caption><ce:link locator="gr1"/></ce:figure><ce:figure id="f0010"><ce:label>Fig. 2</ce:label><ce:caption><ce:simple-para id="sp0025" view="all">AFM images of (a) reference sample of bare silicon, (b) an IM-HM11-01 film baked at 225<ce:hsp sp="0.25"/>°C respectively, and (c) an IM-HM11-01 film baked at 375<ce:hsp sp="0.25"/>°C.</ce:simple-para></ce:caption><ce:link locator="gr2"/></ce:figure><ce:figure id="f0015"><ce:label>Fig. 3</ce:label><ce:caption><ce:simple-para id="sp0030" view="all">SEM cross section of a SoC film of thickness 1.27<ce:hsp sp="0.25"/>nm produced by spin coating five films consecutively with a heating step between each coating.</ce:simple-para></ce:caption><ce:link locator="gr3"/></ce:figure><ce:figure id="f0020"><ce:label>Fig. 4</ce:label><ce:caption><ce:simple-para id="sp0035" view="all">Lines of 40<ce:hsp sp="0.25"/>nm width transferred from a thin resist film into the silicon topcoat using an ICP etch. SEM image tilt is 45°.</ce:simple-para></ce:caption><ce:link locator="gr4"/></ce:figure><ce:figure id="f0025"><ce:label>Fig. 5</ce:label><ce:caption><ce:simple-para id="sp0040" view="all">SEM image showing lines of width 38<ce:hsp sp="0.25"/>nm, with height 260<ce:hsp sp="0.25"/>nm, transferred to the SoC by oxygen plasma etching. SEM image tilt is 44°.</ce:simple-para></ce:caption><ce:link locator="gr5"/></ce:figure><ce:figure id="f0030"><ce:label>Fig. 6</ce:label><ce:caption><ce:simple-para id="sp0045" view="all">Lines of 60<ce:hsp sp="0.25"/>nm width and 700<ce:hsp sp="0.25"/>nm height (aspect ratio 11.6:1) etched into the silicon substrate, using a mixed SF<ce:inf loc="post">6</ce:inf>/C<ce:inf loc="post">4</ce:inf>F<ce:inf loc="post">8</ce:inf> etch.</ce:simple-para></ce:caption><ce:link locator="gr6"/></ce:figure><ce:figure id="f0035"><ce:label>Fig. 7</ce:label><ce:caption><ce:simple-para id="sp0050" view="all">Lines of 40<ce:hsp sp="0.25"/>nm width and 718<ce:hsp sp="0.25"/>nm height (aspect ratio 18:1) etched into the silicon substrate, using a mixed SF<ce:inf loc="post">6</ce:inf>/C<ce:inf loc="post">4</ce:inf>F<ce:inf loc="post">8</ce:inf> etch.</ce:simple-para></ce:caption><ce:link locator="gr7"/></ce:figure><ce:table xmlns="http://www.elsevier.com/xml/common/cals/dtd" frame="topbot" id="t0005" rowsep="0" colsep="0"><ce:label>Table 1</ce:label><ce:caption><ce:simple-para id="sp0055" view="all">AFM roughness measurements of two IM-HM11-01 films and a reference sample of silicon.</ce:simple-para></ce:caption><tgroup cols="4"><colspec colname="col1" align="left"/><colspec colname="col2" align="left"/><colspec colname="col3" align="left"/><colspec colname="col4" align="left"/><thead><row rowsep="1" valign="top"><entry xmlns="http://www.elsevier.com/xml/common/dtd"/><entry xmlns="http://www.elsevier.com/xml/common/dtd">IM-HM11-01 baked at 225<hsp sp="0.25"/>°C</entry><entry xmlns="http://www.elsevier.com/xml/common/dtd">IM-HM11-01 baked at 375<hsp sp="0.25"/>°C</entry><entry xmlns="http://www.elsevier.com/xml/common/dtd">Bare silicon</entry></row></thead><tbody><row valign="top"><entry xmlns="http://www.elsevier.com/xml/common/dtd">Average roughness (nm)</entry><entry xmlns="http://www.elsevier.com/xml/common/dtd">0.49</entry><entry xmlns="http://www.elsevier.com/xml/common/dtd">0.35</entry><entry xmlns="http://www.elsevier.com/xml/common/dtd">0.28</entry></row><row valign="top"><entry xmlns="http://www.elsevier.com/xml/common/dtd">RMS roughness (nm)</entry><entry xmlns="http://www.elsevier.com/xml/common/dtd">0.60</entry><entry xmlns="http://www.elsevier.com/xml/common/dtd">0.45</entry><entry xmlns="http://www.elsevier.com/xml/common/dtd">0.35</entry></row><row valign="top"><entry xmlns="http://www.elsevier.com/xml/common/dtd">Peak-to-valley roughness (nm)</entry><entry xmlns="http://www.elsevier.com/xml/common/dtd">7.24</entry><entry xmlns="http://www.elsevier.com/xml/common/dtd">4.50</entry><entry xmlns="http://www.elsevier.com/xml/common/dtd">4.57</entry></row></tbody></tgroup></ce:table></ce:floats><head><ce:title>Fullerene-based spin-on-carbon hardmask</ce:title><ce:author-group><ce:author><ce:given-name>A.</ce:given-name><ce:surname>Frommhold</ce:surname><ce:cross-ref refid="aff1"><ce:sup loc="post">a</ce:sup></ce:cross-ref><ce:cross-ref refid="aff2"><ce:sup loc="post">b</ce:sup></ce:cross-ref></ce:author><ce:author><ce:given-name>J.</ce:given-name><ce:surname>Manyam</ce:surname><ce:cross-ref refid="aff1"><ce:sup loc="post">a</ce:sup></ce:cross-ref></ce:author><ce:author><ce:given-name>R.E.</ce:given-name><ce:surname>Palmer</ce:surname><ce:cross-ref refid="aff1"><ce:sup loc="post">a</ce:sup></ce:cross-ref></ce:author><ce:author><ce:given-name>A.P.G.</ce:given-name><ce:surname>Robinson</ce:surname><ce:cross-ref refid="aff2"><ce:sup loc="post">b</ce:sup></ce:cross-ref><ce:cross-ref refid="cor1"><ce:sup loc="post">⁎</ce:sup></ce:cross-ref><ce:e-address type="email">a.p.g.robinson@bham.ac.uk</ce:e-address></ce:author><ce:affiliation id="aff1"><ce:label>a</ce:label><ce:textfn>Nanoscale Physics Research Laboratory, School of Physics and Astronomy, University of Birmingham, Birmingham B15 2TT, UK</ce:textfn></ce:affiliation><ce:affiliation id="aff2"><ce:label>b</ce:label><ce:textfn>School of Chemical Engineering, University of Birmingham, Birmingham B15 2TT, UK</ce:textfn></ce:affiliation><ce:correspondence id="cor1"><ce:label>⁎</ce:label><ce:text>Corresponding author. Tel.: +44 121 414 4641; fax: +44 121 414 7327.</ce:text></ce:correspondence></ce:author-group><ce:abstract class="graphical" xml:lang="en"><ce:abstract-sec><ce:section-title>Graphical abstract</ce:section-title><ce:simple-para id="sp0005" view="all"><ce:display><ce:figure id="f0040"><ce:link locator="fx1"/></ce:figure></ce:display></ce:simple-para></ce:abstract-sec><ce:abstract-sec><ce:section-title>Highlights</ce:section-title><ce:simple-para id="sp0010" view="all">► Fullerene based spin-on-carbon for use in an etch stack has been examined. ► Carbon films of between 20 and 1270<ce:hsp sp="0.25"/>nm were prepared by spin coating. ► Patterns were transferred to the carbon with high anisotropy using oxygen plasma. ► Forty nanometers of halfpitch features were etched from the carbon to the substrate by SF<ce:inf loc="post">6</ce:inf>/C<ce:inf loc="post">4</ce:inf>F<ce:inf loc="post">8</ce:inf>.</ce:simple-para></ce:abstract-sec></ce:abstract><ce:abstract class="author" xml:lang="en"><ce:section-title>Abstract</ce:section-title><ce:abstract-sec><ce:simple-para id="sp0015" view="all">As feature sizes have diminished the need for extremely thin photoresist films has grown. Given the poor selectivity of typical resists with respect to silicon during plasma etching, it has become common to use an intermediate hardmask to transfer the pattern. Furthermore the use of trilayer etch stacks to amplify the achievable etch aspect ratio is becoming increasingly popular for critical layers. Here we introduce a new fullerene based spin-on-carbon layer for use in a multilayer etch stack. Carbon films of between 20 and 1270<ce:hsp sp="0.25"/>nm were prepared by spin coating. Thin silicon films were deposited on the carbon layer and patterned using a thin photoresist. Patterns were transferred to the carbon layer with high anisotropy at resolutions down to 40<ce:hsp sp="0.25"/>nm using an oxygen plasma, and then subsequently etched into the silicon substrate using an SF<ce:inf loc="post">6</ce:inf>/C<ce:inf loc="post">4</ce:inf>F<ce:inf loc="post">8</ce:inf> etch with high aspect ratio.</ce:simple-para></ce:abstract-sec></ce:abstract><ce:keywords class="keyword"><ce:section-title>Keywords</ce:section-title><ce:keyword><ce:text>Spin-on carbon</ce:text></ce:keyword><ce:keyword><ce:text>Hardmask</ce:text></ce:keyword><ce:keyword><ce:text>Fullerene</ce:text></ce:keyword><ce:keyword><ce:text>ICP</ce:text></ce:keyword><ce:keyword><ce:text>Silicon etching</ce:text></ce:keyword></ce:keywords></head><body view="all"><ce:sections><ce:section id="s0005" view="all"><ce:label>1</ce:label><ce:section-title>Introduction</ce:section-title><ce:para id="p0005" view="all">The minimum feature size required by semiconductor devices has continued to shrink to enable increasing chip density, with ‘2× nm’ flash and logic devices now available. As the resolution requirements have increased it has become necessary to adopt extremely thin photoresist films to mitigate problems such as mechanical collapse of resist features upon development <ce:cross-ref refid="b0005">[1]</ce:cross-ref>. We have previously demonstrated a high resolution, high sensitivity and high etch durability fullerene resist <ce:cross-ref refid="b0010">[2]</ce:cross-ref> capable of aspect ratios greater than 5:1 for 25<ce:hsp sp="0.25"/>nm lines and spaces <ce:cross-ref refid="b0015">[3]</ce:cross-ref>. However, even with such a resist the overall etch depth is limited by the usable resist thickness. The use of a multilayer hardmask stack allows further increase of the achievable etching aspect ratio. Typically such a multilayer stack is formed by first coating the wafer with a thick amorphous carbon layer using chemical vapor deposition (CVD), and then overlaying this with a thin-silicon rich layer, which may either be spin coated or prepared by CVD <ce:cross-refs refid="b0020 b0025">[4,5]</ce:cross-refs>. Finally photoresist is spin coated on top of the silicon layer. A thin photoresist film is sufficient to pattern the thin silicon layer, avoiding pattern collapse issues, and the silicon is used as a hard mask to pattern the underlying carbon, giving a high aspect ratio carbon pattern suitable for subsequent etching of the silicon wafer. By alternating from silicon to carbon rich materials and vice versa the overall etch selectivity can be maximized. In order to improve manufacturability and decrease costs it would be beneficial to replace the use of chemical vapor deposition with spin-on hardmasks (both silicon and carbon) <ce:cross-refs refid="b0030 b0035">[6,7]</ce:cross-refs>. Previously a novolac:HSQ bilayer stack achieved 40<ce:hsp sp="0.25"/>nm half-pitch resolution with an aspect ratio of 3.25:1 as well as isolated 40<ce:hsp sp="0.25"/>nm lines with an aspect ratio of 20:1 <ce:cross-ref refid="b0040">[8]</ce:cross-ref>. However, distortion of the spin-on-carbon features during the final fluorine etch to silicon step, known as ‘wiggling’, is a significant concern for sub 40<ce:hsp sp="0.25"/>nm patterning <ce:cross-ref refid="b0045">[9]</ce:cross-ref>. Glodde et al. have recently proposed that the absence of aliphatic hydrocarbons in the carbon layer can reduce ‘wiggling’ <ce:cross-ref refid="b0050">[10]</ce:cross-ref>. Here we present an initial study of several fullerene-based ‘spin-on-carbons’ (SoC) with very low levels of aliphatic hydrocarbons. In addition spin-on-hardmasks can suffer from low etching resistance <ce:cross-ref refid="b0055">[11]</ce:cross-ref>, but the carbon-rich nature of the fullerene based SoC gives high etch durability.</ce:para></ce:section><ce:section id="s0010" view="all"><ce:label>2</ce:label><ce:section-title>Experimental</ce:section-title><ce:para id="p0010" view="all">Silicon (1<ce:hsp sp="0.12"/>0<ce:hsp sp="0.12"/>0) substrates (Rockwood Electronic Materials, n-type) were used for all experimental procedures. Square chips, 2 by 2<ce:hsp sp="0.25"/>cm in size, were cut from a wafer using a Disco DAD 321 wafer dicer. The samples were cleaned using semiconductor grade chemicals from Riedel-de Haën. Samples were washed ultrasonically for 15<ce:hsp sp="0.25"/>min in isopropyl alcohol (IPA), then rinsed for 1<ce:hsp sp="0.25"/>min in deionized (DI) water (Purite Neptune, 18.2<ce:hsp sp="0.25"/>MΩcm). A hydrogen terminated surface was then prepared by dipping the substrates in H<ce:inf loc="post">2</ce:inf>SO<ce:inf loc="post">4</ce:inf> (95–98%):H<ce:inf loc="post">2</ce:inf>O<ce:inf loc="post">2</ce:inf> for 10<ce:hsp sp="0.25"/>min, DI water for 1<ce:hsp sp="0.25"/>min and dilute HF for 1<ce:hsp sp="0.25"/>min, then rinsing in DI water for a further minute before drying with nitrogen. Substrates were stored under vacuum after preparation and used within 2<ce:hsp sp="0.25"/>days.</ce:para><ce:para id="p0015" view="all">We evaluated three spin-on carbon hardmasks from Irresistible Materials <ce:cross-ref refid="b0060">[12]</ce:cross-ref>. The spin-on carbon compositions were dissolved in a suitable solvent such as chloroform or anisole with a concentration in the range 5–50<ce:hsp sp="0.25"/>g/l. In this report, film thickness measurements were made for IM-HM11-01 and IM-HM11-02 films, whilst IM-HM11-03 was used for etching; further investigations to compare the performance of the different compositions across tasks are underway. Films of the SoC were prepared by spin coating on hydrogen-terminated silicon substrates with a speed varying between 800 and 2000 RPM for 60<ce:hsp sp="0.25"/>s. After spin coating the film was baked for 2<ce:hsp sp="0.25"/>min at temperatures of up to 330<ce:hsp sp="0.25"/>°C. In order to enable further processing, the SoC should be rendered insoluble in typical solvents for resist and spin-on-hardmask to enable further processing. The elution behavior of films of IM-HM11-01 and IM-HM11-02 for thicknesses between 30 and 325<ce:hsp sp="0.25"/>nm was tested as a function of the baking temperature. <ce:cross-ref refid="f0005">Fig. 1</ce:cross-ref><ce:float-anchor refid="f0005"/> shows the normalized film thickness of two formulations of the SoC (IM-HM11-01 and IM-HM11-02), before and after dipping in monochlorobenzene (MCB):IPA 1:1 solution. Prior to baking the thickness of IM-HM11-01 was ∼320<ce:hsp sp="0.25"/>nm, and the thickness of IM-HM11-02 was ∼250<ce:hsp sp="0.25"/>nm. For temperatures above 190<ce:hsp sp="0.25"/>°C the IM-HM11-02 film was rendered insoluble, whilst a temperature of 260<ce:hsp sp="0.25"/>°C was required to achieve the same for IM-HM11-01. Film thickness did not affect the elution results.</ce:para><ce:para id="p0020" view="all">By varying the spin coating conditions and the concentration of the spin-on-carbon solution, films from 20 to 325<ce:hsp sp="0.25"/>nm could be prepared in a single spin coating step. After coating films were stored in Entegris chip trays under ambient conditions in a cleanroom. No degradation of performance was seen even after more than a month of storage. The quality of the films was measure using a NanoWizard II atomic force microscope (JPK Instruments, UK) operating in intermittent contact mode at a tip velocity of 4<ce:hsp sp="0.25"/>μm/s, employing pyramidal tipped Si cantilevers (PPP-NCL, Windsor Scientific, UK). <ce:cross-ref refid="f0010">Fig. 2</ce:cross-ref><ce:float-anchor refid="f0010"/>(a) shows an AFM image of a typical bare Silicon substrate, and <ce:cross-ref refid="f0010">Fig. 2</ce:cross-ref>(b) and (c) shows SoC films baked at 225 and 375<ce:hsp sp="0.25"/>°C respectively. It can be seen from the figure and from <ce:cross-ref refid="t0005">Table 1</ce:cross-ref><ce:float-anchor refid="t0005"/> that the SoC does not significantly degrade the smoothness of the silicon.</ce:para><ce:para id="p0025" view="all">As the carbon was rendered insoluble by heating it was possible to spin coat further carbon on top to increase the thickness. <ce:cross-ref refid="f0015">Fig. 3</ce:cross-ref><ce:float-anchor refid="f0015"/> shows an SEM (FEI XL30 SFEG) cross section of a carbon film of thickness 1.27 microns prepared by spinning five (IM-HM11-03) films of thickness ∼250<ce:hsp sp="0.25"/>nm on top of a each other with a heating step of 330<ce:hsp sp="0.25"/>°C for 5<ce:hsp sp="0.25"/>min between each spin coating.</ce:para><ce:para id="p0030" view="all">After preparation of a ∼300<ce:hsp sp="0.25"/>nm IM-HM11-03 carbon film, a 40<ce:hsp sp="0.25"/>nm thick silicon layer was deposited by sputtering at an argon pressure of 1<ce:hsp sp="0.25"/>×<ce:hsp sp="0.25"/>10<ce:sup loc="post">−2</ce:sup><ce:hsp sp="0.25"/>mbar for 2<ce:hsp sp="0.25"/>min with 250<ce:hsp sp="0.25"/>W RF power. Alternatively, Plasma Enhanced Chemical Vapour Deposition (PECVD) could be used to deposit the silicon film. Finally a photoresist was spin coated on top of the silicon layer. For this study either SAL601 (Shipley) or an in-house fullerene based resist were used. A post application bake of 90<ce:hsp sp="0.25"/>°C for 10<ce:hsp sp="0.25"/>min was applied to the SAL601; no post application bake was applied to the fullerene resist. The resist was patterned using an FEI XL30 SFEG scanning electron microscope equipped with a pattern generator (Raith Elphy Plus). SAL601 was exposed with an area dose 20<ce:hsp sp="0.25"/>μC/cm<ce:sup loc="post">2</ce:sup> whilst the fullerene was exposed with a line dose of 10<ce:hsp sp="0.25"/>nC/cm (∼1.5<ce:hsp sp="0.25"/>mC/cm<ce:sup loc="post">2</ce:sup>). The SAL601 received a post exposure bake of 105<ce:hsp sp="0.25"/>°C for 2<ce:hsp sp="0.25"/>min and no post exposure bake was applied to the fullerene. Finally SAL601 was developed for 5<ce:hsp sp="0.25"/>min in MF322 (Shipley) whilst the fullerene was developed in a 1:1 mixture of MCB:IPA. 80<ce:hsp sp="0.25"/>nm halfpitch patterns and 40<ce:hsp sp="0.25"/>nm sparse lines were patterned and then etched into the silicon thin film using an Oxford Instruments PlasmaPro NGP80 Inductively Coupled Plasma (ICP) etching system. Silicon substrates were attached using vacuum grease to a sacrificial silicon wafer to ensure good thermal contact. The sacrificial wafer was mechanically clamped to the lower electrode, which is equipped with helium backside pressure to ensure good thermal control of the sample during the etching process. The pattern was transferred into the silicon topcoat using a 20<ce:hsp sp="0.25"/>s mixed mode SF<ce:inf loc="post">6</ce:inf>/C<ce:inf loc="post">4</ce:inf>F<ce:inf loc="post">8</ce:inf> ICP etch. SF<ce:inf loc="post">6</ce:inf> flow rate was 25<ce:hsp sp="0.25"/>sccm and C<ce:inf loc="post">4</ce:inf>F<ce:inf loc="post">8</ce:inf> flow rate 30<ce:hsp sp="0.25"/>sccm. An RF power of 20<ce:hsp sp="0.25"/>W and ICP power of 220<ce:hsp sp="0.25"/>W were applied. Chamber pressure was 15<ce:hsp sp="0.25"/>mT and the temperature was 1<ce:hsp sp="0.25"/>°C. <ce:cross-ref refid="f0020">Fig. 4</ce:cross-ref><ce:float-anchor refid="f0020"/> shows 40<ce:hsp sp="0.25"/>nm lines on a 200<ce:hsp sp="0.25"/>nm pitch etched into the silicon on top of the SoC.</ce:para><ce:para id="p0035" view="all">To transfer the pattern from the silicon to the IM-HM11-03 SoC an oxygen plasma etch was used. The selectivity of the silicon hardmask with respect to the carbon for oxygen plasma is extremely high, allowing transfer to thick carbon films. In order to minimize undercutting of the carbon, and maintain vertical sidewalls during the etch, a low chamber pressure was needed, and it was necessary to end the etch as soon as the etch depth reached the substrate or severe undercutting was seen at the SoC foot. <ce:cross-ref refid="f0025">Fig. 5</ce:cross-ref><ce:float-anchor refid="f0025"/> shows lines of 38<ce:hsp sp="0.25"/>nm width on a 200<ce:hsp sp="0.25"/>nm pitch etched through a 260<ce:hsp sp="0.25"/>nm thick SoC film. Etch duration was 20 s with an O<ce:inf loc="post">2</ce:inf> flow rate of 15<ce:hsp sp="0.25"/>sccm. RF power of 100<ce:hsp sp="0.25"/>W and ICP power of 300<ce:hsp sp="0.25"/>W were applied. Chamber pressure was 2<ce:hsp sp="0.25"/>mT and the temperature was 1<ce:hsp sp="0.25"/>°C.</ce:para><ce:para id="p0040" view="all">The final step was to transfer the carbon hard mask pattern into the silicon substrate with another mixed mode SF<ce:inf loc="post">6</ce:inf>/C<ce:inf loc="post">4</ce:inf>F<ce:inf loc="post">8</ce:inf> ICP etch. For semi-dense 60<ce:hsp sp="0.25"/>nm lines silicon features with an aspect ratio of 11:1 were produced, as shown in <ce:cross-ref refid="f0030">Fig. 6</ce:cross-ref><ce:float-anchor refid="f0030"/>, whilst for 40<ce:hsp sp="0.25"/>nm linewidth features on a 200<ce:hsp sp="0.25"/>nm pitch an aspect ratio of 18:1 (linewidth measured at the top) were produced, as shown in <ce:cross-ref refid="f0035">Fig. 7</ce:cross-ref><ce:float-anchor refid="f0035"/>. In both cases the mixed mode SF<ce:inf loc="post">6</ce:inf>/C<ce:inf loc="post">4</ce:inf>F<ce:inf loc="post">8</ce:inf> ICP etch parameters used were: SF<ce:inf loc="post">6</ce:inf> flow rate 20<ce:hsp sp="0.25"/>sccm, C<ce:inf loc="post">4</ce:inf>F<ce:inf loc="post">8</ce:inf> flow rate 30<ce:hsp sp="0.25"/>sccm, RF power 20<ce:hsp sp="0.25"/>W, ICP power 220<ce:hsp sp="0.25"/>W. Chamber pressure was 15<ce:hsp sp="0.25"/>mT. It can be seen from the inserts to <ce:cross-ref refid="f0030">Figs. 6</ce:cross-ref> and <ce:cross-ref refid="f0035">7</ce:cross-ref> that the sidewall verticality is significantly degraded for the 40<ce:hsp sp="0.25"/>nm features. Apart from the feature size the primary difference was that <ce:cross-ref refid="f0030">Fig. 6</ce:cross-ref> was etched at 5<ce:hsp sp="0.25"/>°C, whilst <ce:cross-ref refid="f0035">Fig. 7</ce:cross-ref> was etched at 1<ce:hsp sp="0.25"/>°C. Further optimization of the parameters for the 40<ce:hsp sp="0.25"/>nm etch is required.</ce:para></ce:section><ce:section id="s0015" view="all"><ce:label>3</ce:label><ce:section-title>Conclusions</ce:section-title><ce:para id="p0045" view="all">In summary, initial work on the development of a fullerene-derivative based spin-on-carbon material, aimed at increasing the achievable aspect ratio for sub-100<ce:hsp sp="0.25"/>nm etching, has been presented. Films rich in aromatic carbon, from 20 to 325<ce:hsp sp="0.25"/>nm in thickness, have been prepared by spin coating. A post-spin bake step renders the material insoluble in common organic solvents enabling further spin coating, and a multilayer carbon film of 1270<ce:hsp sp="0.25"/>nm thickness has been prepared. Using a sputter coated thin silicon topcoat and a thin (30–100<ce:hsp sp="0.25"/>nm) photoresist film, patterns with a linewidth of 40<ce:hsp sp="0.25"/>nm have been transferred to the carbon layer with good sidewall verticality. Preliminary results of etching from the SoC pattern to the silicon substrate have shown 60<ce:hsp sp="0.25"/>nm features etched with an aspect ratio in excess of 11:1. Smaller features have also successfully been transferred from the SoC to the substrate, but further work is required to optimize the sidewall angle. Using a suitable formulation of the fullerene SoC, the activation temperature for hardening can be as low at 190<ce:hsp sp="0.25"/>°C – compatible with other microfabrication processes. Unlike current CVD approaches to the preparation of multilayer etch stacks the application process is simple, quick and does not require expensive deposition equipment. In comparison to polymers used in other SoC approaches fullerene is inherently low in hydrogen content, which has been shown to be key to reducing feature ‘wiggling’ as pattern halfpitch decreases <ce:cross-ref refid="b0050">[10]</ce:cross-ref>. The etch durability of fullerene based resists, described elsewhere <ce:cross-ref refid="b0015">[3]</ce:cross-ref>, together with the high fidelity transfer of 40<ce:hsp sp="0.25"/>nm patterns to the SoC layer suggest that aspect ratios in excess of 30:1 at feature sizes of 40<ce:hsp sp="0.25"/>nm or less may be achievable.</ce:para></ce:section></ce:sections><ce:acknowledgment><ce:section-title>Acknowledgements</ce:section-title><ce:para id="p0050" view="all">The authors thank the Engineering and Physical Sciences Research Council (EPSRC) for support of this project. The Disco DAD 321 wafer dicer and the Oxford Instruments PlasmaPro NGP80 Inductively Coupled Plasma etching system used in this research were obtained, through Birmingham Science City:<ce:hsp sp="0.25"/>Creating and Characterising Next Generation Advanced Materials, with support from Advantage West Midlands (AWM) and part funded by the European Regional Development Fund (ERDF). The atomic force microscope used in this research was obtained, through Birmingham Science City: Innovative Uses for Advanced Materials in the Modern World (West Midlands Centre for Advanced Materials Project 2), with support from Advantage West Midlands (AWM) and part funded by the European Regional Development Fund (ERDF). We thank Dr J. Bowen for his assistance with the AFM measurements. JM thanks the Royal Thai Government for the award of a scholarship.</ce:para></ce:acknowledgment></body><tail view="all"><ce:bibliography id="bi0005" view="all"><ce:section-title>References</ce:section-title><ce:bibliography-sec id="bs0005"><ce:bib-reference id="b0005"><ce:label>[1]</ce:label><sb:reference><sb:contribution langtype="en"><sb:authors><sb:author><ce:given-name>W.-M.</ce:given-name><ce:surname>Yeh</ce:surname></sb:author><sb:author><ce:given-name>R.A.</ce:given-name><ce:surname>Lawson</ce:surname></sb:author><sb:author><ce:given-name>L.M.</ce:given-name><ce:surname>Tolbert</ce:surname></sb:author><sb:author><ce:given-name>C.L.</ce:given-name><ce:surname>Henderson</ce:surname></sb:author></sb:authors></sb:contribution><sb:host><sb:issue><sb:series><sb:title><sb:maintitle>Proc. SPIE</sb:maintitle></sb:title><sb:volume-nr>7972</sb:volume-nr></sb:series><sb:date>2011</sb:date></sb:issue><sb:pages><sb:first-page>79721Y</sb:first-page></sb:pages></sb:host></sb:reference></ce:bib-reference><ce:bib-reference id="b0010"><ce:label>[2]</ce:label><sb:reference><sb:contribution langtype="en"><sb:authors><sb:author><ce:given-name>F.P.</ce:given-name><ce:surname>Gibbons</ce:surname></sb:author><sb:author><ce:given-name>A.P.G.</ce:given-name><ce:surname>Robinson</ce:surname></sb:author><sb:author><ce:given-name>S.</ce:given-name><ce:surname>Diegoli</ce:surname></sb:author><sb:author><ce:given-name>M.</ce:given-name><ce:surname>Manickam</ce:surname></sb:author><sb:author><ce:given-name>J.A.</ce:given-name><ce:surname>Preece</ce:surname></sb:author><sb:author><ce:given-name>R.E.</ce:given-name><ce:surname>Palmer</ce:surname></sb:author></sb:authors></sb:contribution><sb:host><sb:issue><sb:series><sb:title><sb:maintitle>Adv. Funct. Mater.</sb:maintitle></sb:title><sb:volume-nr>18</sb:volume-nr></sb:series><sb:date>2008</sb:date></sb:issue><sb:pages><sb:first-page>1977</sb:first-page></sb:pages></sb:host></sb:reference></ce:bib-reference><ce:bib-reference id="b0015"><ce:label>[3]</ce:label><sb:reference><sb:contribution langtype="en"><sb:authors><sb:author><ce:given-name>J.</ce:given-name><ce:surname>Manyam</ce:surname></sb:author><sb:author><ce:given-name>M.</ce:given-name><ce:surname>Manickam</ce:surname></sb:author><sb:author><ce:given-name>J.A.</ce:given-name><ce:surname>Preece</ce:surname></sb:author><sb:author><ce:given-name>R.E.</ce:given-name><ce:surname>Palmer</ce:surname></sb:author><sb:author><ce:given-name>A.P.G.</ce:given-name><ce:surname>Robinson</ce:surname></sb:author></sb:authors></sb:contribution><sb:host><sb:issue><sb:series><sb:title><sb:maintitle>Proc. SPIE</sb:maintitle></sb:title><sb:volume-nr>7972</sb:volume-nr></sb:series><sb:date>2011</sb:date></sb:issue><sb:pages><sb:first-page>79722N</sb:first-page></sb:pages></sb:host></sb:reference></ce:bib-reference><ce:bib-reference id="b0020"><ce:label>[4]</ce:label><sb:reference><sb:contribution langtype="en"><sb:authors><sb:author><ce:given-name>S.</ce:given-name><ce:surname>Pauliac-Vaujour</ce:surname></sb:author><sb:author><ce:given-name>P.</ce:given-name><ce:surname>Brianceau</ce:surname></sb:author><sb:author><ce:given-name>C.</ce:given-name><ce:surname>Comboroure</ce:surname></sb:author><sb:author><ce:given-name>O.</ce:given-name><ce:surname>Faynot</ce:surname></sb:author></sb:authors></sb:contribution><sb:host><sb:issue><sb:series><sb:title><sb:maintitle>Microelectron. Eng.</sb:maintitle></sb:title><sb:volume-nr>85</sb:volume-nr></sb:series><sb:date>2008</sb:date></sb:issue><sb:pages><sb:first-page>800</sb:first-page></sb:pages></sb:host></sb:reference></ce:bib-reference><ce:bib-reference id="b0025"><ce:label>[5]</ce:label><sb:reference><sb:contribution langtype="en"><sb:authors><sb:author><ce:given-name>C.-Y.</ce:given-name><ce:surname>Ho</ce:surname></sb:author><sb:author><ce:given-name>X.J.</ce:given-name><ce:surname>Lin</ce:surname></sb:author><sb:author><ce:given-name>H.R.</ce:given-name><ce:surname>Chien</ce:surname></sb:author><sb:author><ce:given-name>C.</ce:given-name><ce:surname>Lien</ce:surname></sb:author></sb:authors></sb:contribution><sb:host><sb:issue><sb:series><sb:title><sb:maintitle>Thin Solid Films</sb:maintitle></sb:title><sb:volume-nr>518</sb:volume-nr></sb:series><sb:date>2010</sb:date></sb:issue><sb:pages><sb:first-page>6076</sb:first-page></sb:pages></sb:host></sb:reference></ce:bib-reference><ce:bib-reference id="b0030"><ce:label>[6]</ce:label><sb:reference><sb:contribution langtype="en"><sb:authors><sb:author><ce:given-name>Z.</ce:given-name><ce:surname>Zhu</ce:surname></sb:author><sb:author><ce:given-name>E.</ce:given-name><ce:surname>Piscani</ce:surname></sb:author><sb:author><ce:given-name>Y.</ce:given-name><ce:surname>Wang</ce:surname></sb:author><sb:author><ce:given-name>J.</ce:given-name><ce:surname>Macie</ce:surname></sb:author><sb:author><ce:given-name>C.J.</ce:given-name><ce:surname>Neef</ce:surname></sb:author><sb:author><ce:given-name>B.</ce:given-name><ce:surname>Smith</ce:surname></sb:author></sb:authors></sb:contribution><sb:host><sb:issue><sb:series><sb:title><sb:maintitle>Proc. SPIE</sb:maintitle></sb:title><sb:volume-nr>Vol. 7274</sb:volume-nr></sb:series><sb:date>2009</sb:date></sb:issue><sb:pages><sb:first-page>72742K</sb:first-page></sb:pages></sb:host></sb:reference></ce:bib-reference><ce:bib-reference id="b0035"><ce:label>[7]</ce:label><sb:reference><sb:contribution langtype="en"><sb:authors><sb:author><ce:given-name>Y.</ce:given-name><ce:surname>Wei</ce:surname></sb:author><sb:author><ce:given-name>M.</ce:given-name><ce:surname>Glodde</ce:surname></sb:author><sb:author><ce:given-name>H.</ce:given-name><ce:surname>Yusuff</ce:surname></sb:author><sb:author><ce:given-name>M.</ce:given-name><ce:surname>Lawson</ce:surname></sb:author><sb:author><ce:given-name>S.Y.</ce:given-name><ce:surname>Chang</ce:surname></sb:author><sb:author><ce:given-name>K.S.</ce:given-name><ce:surname>Yoon</ce:surname></sb:author><sb:author><ce:given-name>C.-H.</ce:given-name><ce:surname>Wu</ce:surname></sb:author><sb:author><ce:given-name>M.</ce:given-name><ce:surname>Kelling</ce:surname></sb:author></sb:authors></sb:contribution><sb:host><sb:issue><sb:series><sb:title><sb:maintitle>Proc. SPIE</sb:maintitle></sb:title><sb:volume-nr>7972</sb:volume-nr></sb:series><sb:date>2011</sb:date></sb:issue><sb:pages><sb:first-page>79722L</sb:first-page></sb:pages></sb:host></sb:reference></ce:bib-reference><ce:bib-reference id="b0040"><ce:label>[8]</ce:label><sb:reference><sb:contribution langtype="en"><sb:authors><sb:author><ce:given-name>F.C.M.J.M.</ce:given-name><ce:surname>van Delft</ce:surname></sb:author><sb:author><ce:given-name>J.P.</ce:given-name><ce:surname>Weterings</ce:surname></sb:author><sb:author><ce:given-name>A.K.</ce:given-name><ce:surname>van Langen-Suurling</ce:surname></sb:author><sb:author><ce:given-name>H.</ce:given-name><ce:surname>Romijn</ce:surname></sb:author></sb:authors></sb:contribution><sb:host><sb:issue><sb:series><sb:title><sb:maintitle>J. Vac. Sci. Technol. B</sb:maintitle></sb:title><sb:volume-nr>18</sb:volume-nr></sb:series><sb:date>2000</sb:date></sb:issue><sb:pages><sb:first-page>3419</sb:first-page></sb:pages></sb:host></sb:reference></ce:bib-reference><ce:bib-reference id="b0045"><ce:label>[9]</ce:label><sb:reference><sb:contribution langtype="en"><sb:authors><sb:author><ce:given-name>M.</ce:given-name><ce:surname>Tadokoro</ce:surname></sb:author><sb:author><ce:given-name>K.</ce:given-name><ce:surname>Yonekura</ce:surname></sb:author><sb:author><ce:given-name>K.</ce:given-name><ce:surname>Yoshikawa</ce:surname></sb:author><sb:author><ce:given-name>Y.</ce:given-name><ce:surname>Ono</ce:surname></sb:author><sb:author><ce:given-name>T.</ce:given-name><ce:surname>Ishibashi</ce:surname></sb:author><sb:author><ce:given-name>T.</ce:given-name><ce:surname>Hanawa</ce:surname></sb:author><sb:author><ce:given-name>N.</ce:given-name><ce:surname>Fukiwara</ce:surname></sb:author><sb:author><ce:given-name>T.</ce:given-name><ce:surname>Matsunobe</ce:surname></sb:author><sb:author><ce:given-name>K.</ce:given-name><ce:surname>Matsuda</ce:surname></sb:author></sb:authors></sb:contribution><sb:host><sb:issue><sb:series><sb:title><sb:maintitle>J. Vac. Sci. Technol. B</sb:maintitle></sb:title><sb:volume-nr>26</sb:volume-nr></sb:series><sb:date>2008</sb:date></sb:issue><sb:pages><sb:first-page>67</sb:first-page></sb:pages></sb:host></sb:reference></ce:bib-reference><ce:bib-reference id="b0050"><ce:label>[10]</ce:label><sb:reference><sb:contribution langtype="en"><sb:authors><sb:author><ce:given-name>M.</ce:given-name><ce:surname>Glodde</ce:surname></sb:author><sb:author><ce:given-name>S.</ce:given-name><ce:surname>Engelmann</ce:surname></sb:author><sb:author><ce:given-name>M.</ce:given-name><ce:surname>Guillorn</ce:surname></sb:author><sb:author><ce:given-name>S.</ce:given-name><ce:surname>Kanakasabapathy</ce:surname></sb:author><sb:author><ce:given-name>E.</ce:given-name><ce:surname>Mclellan</ce:surname></sb:author><sb:author><ce:given-name>C.-S.</ce:given-name><ce:surname>Koay</ce:surname></sb:author><sb:author><ce:given-name>Y.</ce:given-name><ce:surname>Yin</ce:surname></sb:author><sb:author><ce:given-name>M.</ce:given-name><ce:surname>Sankarapandian</ce:surname></sb:author><sb:author><ce:given-name>J.C.</ce:given-name><ce:surname>Arnold</ce:surname></sb:author><sb:author><ce:given-name>K.</ce:given-name><ce:surname>Petrillo</ce:surname></sb:author><sb:author><ce:given-name>M.</ce:given-name><ce:surname>Brink</ce:surname></sb:author><sb:author><ce:given-name>H.</ce:given-name><ce:surname>Miyazoe</ce:surname></sb:author><sb:author><ce:given-name>E.A.</ce:given-name><ce:surname>de Silva</ce:surname></sb:author><sb:author><ce:given-name>H.</ce:given-name><ce:surname>Yusuff</ce:surname></sb:author><sb:author><ce:given-name>K.-S.</ce:given-name><ce:surname>Yoon</ce:surname></sb:author><sb:author><ce:given-name>Y.</ce:given-name><ce:surname>Wei</ce:surname></sb:author><sb:author><ce:given-name>C.-H.J.</ce:given-name><ce:surname>Wu</ce:surname></sb:author><sb:author><ce:given-name>P.R.</ce:given-name><ce:surname>Varanasi</ce:surname></sb:author></sb:authors></sb:contribution><sb:host><sb:issue><sb:series><sb:title><sb:maintitle>Proc. SPIE</sb:maintitle></sb:title><sb:volume-nr>7972</sb:volume-nr></sb:series><sb:date>2011</sb:date></sb:issue><sb:pages><sb:first-page>797216</sb:first-page></sb:pages></sb:host></sb:reference></ce:bib-reference><ce:bib-reference id="b0055"><ce:label>[11]</ce:label><sb:reference><sb:contribution langtype="en"><sb:authors><sb:author><ce:given-name>M.</ce:given-name><ce:surname>Muramatsu</ce:surname></sb:author><sb:author><ce:given-name>M.</ce:given-name><ce:surname>Iwashita</ce:surname></sb:author><sb:author><ce:given-name>T.</ce:given-name><ce:surname>Kondo</ce:surname></sb:author><sb:author><ce:given-name>H.</ce:given-name><ce:surname>Hirose</ce:surname></sb:author><sb:author><ce:given-name>S.</ce:given-name><ce:surname>Fujimoto</ce:surname></sb:author></sb:authors></sb:contribution><sb:host><sb:issue><sb:series><sb:title><sb:maintitle>Proc. SPIE</sb:maintitle></sb:title><sb:volume-nr>7972</sb:volume-nr></sb:series><sb:date>2011</sb:date></sb:issue><sb:pages><sb:first-page>797226</sb:first-page></sb:pages></sb:host></sb:reference></ce:bib-reference><ce:bib-reference id="b0060"><ce:label>[12]</ce:label><ce:other-ref><ce:textref>Irresistible Materials Ltd., available from: &lt;<ce:inter-ref xlink:href="http://www.irresistiblematerials.com" xlink:type="simple">http://www.irresistiblematerials.com</ce:inter-ref>&gt;.</ce:textref></ce:other-ref></ce:bib-reference></ce:bibliography-sec></ce:bibliography></tail></article></xocs:serial-item></xocs:doc></originalText></full-text-retrieval-response>