<full-text-retrieval-response xmlns="http://www.elsevier.com/xml/svapi/article/dtd" xmlns:xsi="http://www.w3.org/2001/XMLSchema-instance" xmlns:prism="http://prismstandard.org/namespaces/basic/2.0/" xmlns:dcterms="http://purl.org/dc/terms/" xmlns:dc="http://purl.org/dc/elements/1.1/" xmlns:xocs="http://www.elsevier.com/xml/xocs/dtd" xmlns:xlink="http://www.w3.org/1999/xlink" xmlns:tb="http://www.elsevier.com/xml/common/table/dtd" xmlns:sb="http://www.elsevier.com/xml/common/struct-bib/dtd" xmlns:sa="http://www.elsevier.com/xml/common/struct-aff/dtd" xmlns:mml="http://www.w3.org/1998/Math/MathML" xmlns:ja="http://www.elsevier.com/xml/ja/dtd" xmlns:ce="http://www.elsevier.com/xml/common/dtd" xmlns:cals="http://www.elsevier.com/xml/common/cals/dtd" xmlns:bk="http://www.elsevier.com/xml/bk/dtd"><coredata><prism:url>http://api.elsevier.com/content/article/pii/S0167931712002936</prism:url><dc:identifier>doi:10.1016/j.mee.2012.07.011</dc:identifier><eid>1-s2.0-S0167931712002936</eid><prism:doi>10.1016/j.mee.2012.07.011</prism:doi><pii>S0167-9317(12)00293-6</pii><dc:title>Design and fabrication of densely integrated silicon quantum dots using a VLSI compatible hydrogen silsesquioxane electron beam lithography process </dc:title><prism:publicationName>Microelectronic Engineering</prism:publicationName><prism:aggregationType>Journal</prism:aggregationType><prism:issn>01679317</prism:issn><prism:volume>98</prism:volume><prism:startingPage>386</prism:startingPage><prism:endingPage>390</prism:endingPage><prism:pageRange>386-390</prism:pageRange><dc:format>text/xml</dc:format><prism:coverDate>2012-10-31</prism:coverDate><prism:coverDisplayDate>October 2012</prism:coverDisplayDate><prism:copyright>Copyright © 2012 Elsevier B.V.</prism:copyright><prism:publisher>Elsevier B.V.</prism:publisher><prism:issueName>Special issue MNE 2011 - Part II</prism:issueName><dc:creator>Lin, Y.P.</dc:creator><dc:creator>Husain, M.K.</dc:creator><dc:creator>Alkhalil, F.M.</dc:creator><dc:creator>Lambert, N.</dc:creator><dc:creator>Perez-Barraza, J.</dc:creator><dc:creator>Tsuchiya, Y.</dc:creator><dc:creator>Ferguson, A.J.</dc:creator><dc:creator>Chong, H.M.H.</dc:creator><dc:creator>Mizuta, H.</dc:creator><dc:description>AbstractHydrogen silsesquioxane (HSQ) is a high resolution negative-tone electron beam resist allowing for direct transfer of nanostructures into silicon-on-insulator. Using this resist for electron beam lithography, we fabricate high density lithographically defined Silicon double quantum dot (QD) transistors. We show that our approach is compatible with very large scale integration, allowing for parallel fabrication of up to 144 scalable devices. HSQ process optimisation allowed for realisation of reproducible QD dimensions of 50nm and tunnel junction down to 25nm. We observed that 80% of the fabricated devices had dimensional variations of less than 5nm. These are the smallest high density double QD transistors achieved to date. Single electron simulations combined with preliminary electrical characterisations justify the reliability of our device and process.</dc:description><openaccess>1</openaccess><openaccessArticle>true</openaccessArticle><openaccessType>Full</openaccessType><openArchiveArticle>false</openArchiveArticle><openaccessSponsorName/><openaccessSponsorType>Other</openaccessSponsorType><openaccessUserLicense>http://creativecommons.org/licenses/by/3.0/</openaccessUserLicense><dcterms:subject>High-resolution</dcterms:subject><dcterms:subject>Electron beam resist</dcterms:subject><dcterms:subject>HSQ</dcterms:subject><dcterms:subject>Nanolithography</dcterms:subject><dcterms:subject>SET</dcterms:subject><dcterms:subject>SOI</dcterms:subject><link rel="self" href="http://api.elsevier.com/content/article/pii/S0167931712002936"/><link rel="scidir" href="http://www.sciencedirect.com/science/article/pii/S0167931712002936"/></coredata><objects><object ref="gr4" category="standard" type="IMAGE-DOWNSAMPLED" multimediatype="JPEG image file" mimetype="image/jpeg" width="536" height="480" size="54610">http://api.elsevier.com/content/object/eid/1-s2.0-S0167931712002936-gr4.jpg?httpAccept=%2A%2F%2A</object><object ref="gr3" category="standard" type="IMAGE-DOWNSAMPLED" multimediatype="JPEG image file" mimetype="image/jpeg" width="487" height="406" size="57666">http://api.elsevier.com/content/object/eid/1-s2.0-S0167931712002936-gr3.jpg?httpAccept=%2A%2F%2A</object><object ref="gr2" category="standard" type="IMAGE-DOWNSAMPLED" multimediatype="JPEG image file" mimetype="image/jpeg" width="711" height="263" size="68084">http://api.elsevier.com/content/object/eid/1-s2.0-S0167931712002936-gr2.jpg?httpAccept=%2A%2F%2A</object><object ref="gr1" category="standard" type="IMAGE-DOWNSAMPLED" multimediatype="JPEG image file" mimetype="image/jpeg" width="503" height="489" size="58346">http://api.elsevier.com/content/object/eid/1-s2.0-S0167931712002936-gr1.jpg?httpAccept=%2A%2F%2A</object><object ref="fx1" category="standard" type="IMAGE-DOWNSAMPLED" multimediatype="JPEG image file" mimetype="image/jpeg" width="422" height="200" size="34377">http://api.elsevier.com/content/object/eid/1-s2.0-S0167931712002936-fx1.jpg?httpAccept=%2A%2F%2A</object><object ref="gr4" category="thumbnail" type="IMAGE-THUMBNAIL" multimediatype="GIF image file" mimetype="image/gif" width="183" height="164" size="6048">http://api.elsevier.com/content/object/eid/1-s2.0-S0167931712002936-gr4.sml?httpAccept=%2A%2F%2A</object><object ref="gr3" category="thumbnail" type="IMAGE-THUMBNAIL" multimediatype="GIF image file" mimetype="image/gif" width="197" height="164" size="16363">http://api.elsevier.com/content/object/eid/1-s2.0-S0167931712002936-gr3.sml?httpAccept=%2A%2F%2A</object><object ref="gr2" category="thumbnail" type="IMAGE-THUMBNAIL" multimediatype="GIF image file" mimetype="image/gif" width="219" height="81" size="7058">http://api.elsevier.com/content/object/eid/1-s2.0-S0167931712002936-gr2.sml?httpAccept=%2A%2F%2A</object><object ref="gr1" category="thumbnail" type="IMAGE-THUMBNAIL" multimediatype="GIF image file" mimetype="image/gif" width="168" height="163" size="7790">http://api.elsevier.com/content/object/eid/1-s2.0-S0167931712002936-gr1.sml?httpAccept=%2A%2F%2A</object><object ref="fx1" category="thumbnail" type="IMAGE-THUMBNAIL" multimediatype="GIF image file" mimetype="image/gif" width="219" height="104" size="9648">http://api.elsevier.com/content/object/eid/1-s2.0-S0167931712002936-fx1.sml?httpAccept=%2A%2F%2A</object></objects><scopus-id>84865580174</scopus-id><scopus-eid>2-s2.0-84865580174</scopus-eid><link rel="abstract" href="http://api.elsevier.com/content/abstract/scopus_id/84865580174"/><originalText><xocs:doc xmlns:xoe="http://www.elsevier.com/xml/xoe/dtd" xsi:schemaLocation="http://www.elsevier.com/xml/xocs/dtd http://be-prod3a/schema/dtds/document/fulltext/xcr/xocs-article.xsd"><xocs:meta><xocs:content-family>serial</xocs:content-family><xocs:content-type>JL</xocs:content-type><xocs:cid>271975</xocs:cid><xocs:ssids><xocs:ssid type="alllist">291210</xocs:ssid><xocs:ssid type="subj">291716</xocs:ssid><xocs:ssid type="subj">291718</xocs:ssid><xocs:ssid type="subj">291821</xocs:ssid><xocs:ssid type="subj">291892</xocs:ssid><xocs:ssid type="subj">291893</xocs:ssid><xocs:ssid type="content">31</xocs:ssid><xocs:ssid type="oa">90</xocs:ssid></xocs:ssids><xocs:srctitle>Microelectronic Engineering</xocs:srctitle><xocs:normalized-srctitle>MICROELECTRONICENGINEERING</xocs:normalized-srctitle><xocs:orig-load-date yyyymmdd="20120720">2012-07-20</xocs:orig-load-date><xocs:available-online-date yyyymmdd="20120720">2012-07-20</xocs:available-online-date><xocs:ew-transaction-id>2014-10-15T01:14:43</xocs:ew-transaction-id><xocs:eid>1-s2.0-S0167931712002936</xocs:eid><xocs:pii-formatted>S0167-9317(12)00293-6</xocs:pii-formatted><xocs:pii-unformatted>S0167931712002936</xocs:pii-unformatted><xocs:doi>10.1016/j.mee.2012.07.011</xocs:doi><xocs:item-stage>S300</xocs:item-stage><xocs:item-version-number>S300.2</xocs:item-version-number><xocs:item-weight>FULL-TEXT</xocs:item-weight><xocs:hub-eid>1-s2.0-S0167931712X0008X</xocs:hub-eid><xocs:timestamp yyyymmdd="20150514">2015-05-14T05:08:13.398076-04:00</xocs:timestamp><xocs:dco>0</xocs:dco><xocs:tomb>0</xocs:tomb><xocs:date-search-begin>20121001</xocs:date-search-begin><xocs:date-search-end>20121031</xocs:date-search-end><xocs:year-nav>2012</xocs:year-nav><xocs:indexeddate epoch="1342742400">2012-07-20T00:00:00Z</xocs:indexeddate><xocs:articleinfo>absattachment articleinfo articletitlenorm authfirstinitialnorm authfirstsurnamenorm cid cids confdate confeditor confloc contenttype copyright crossmark dateloaded dateloadedtxt datesearch datesort dateupdated dco docsubtype doctype doi eid ewtransactionid fundingbodyid hubeid indexeddate issn issnnorm itemstage itemtransactionid itemweight oauserlicense openaccess openarchive pg pgfirst pglast pii piinorm pubdateend pubdatestart pubdatetxt pubyr sectiontitle sortorder sponsoredaccesstype srctitle srctitlenorm srctype ssids alllist content oa subj subheadings suppl tomb vol volfirst volissue volumelist webpdf webpdfpagecount yearnav figure body acknowledge affil articletitle auth authfirstini authfull authkeywords authlast primabst ref specialabst</xocs:articleinfo><xocs:issns><xocs:issn-primary-formatted>0167-9317</xocs:issn-primary-formatted><xocs:issn-primary-unformatted>01679317</xocs:issn-primary-unformatted></xocs:issns><xocs:sponsored-access-type>UNLIMITED</xocs:sponsored-access-type><xocs:funding-body-id>NONE</xocs:funding-body-id><xocs:crossmark is-crossmark="0">false</xocs:crossmark><xocs:vol-first>98</xocs:vol-first><xocs:volume-list><xocs:volume>98</xocs:volume></xocs:volume-list><xocs:suppl>C</xocs:suppl><xocs:vol-iss-suppl-text>Volume 98</xocs:vol-iss-suppl-text><xocs:sort-order>88</xocs:sort-order><xocs:first-fp>386</xocs:first-fp><xocs:last-lp>390</xocs:last-lp><xocs:pages><xocs:first-page>386</xocs:first-page><xocs:last-page>390</xocs:last-page></xocs:pages><xocs:cover-date-orig><xocs:start-date>201210</xocs:start-date></xocs:cover-date-orig><xocs:cover-date-text>October 2012</xocs:cover-date-text><xocs:cover-date-start>2012-10-01</xocs:cover-date-start><xocs:cover-date-end>2012-10-31</xocs:cover-date-end><xocs:cover-date-year>2012</xocs:cover-date-year><xocs:title-editors-groups><xocs:title-editors-group><ce:title>Special issue MNE 2011 - Part II</ce:title><xocs:conference-info><xocs:venue>Berlin</xocs:venue><xocs:conference-date-text>19–23 September 2011</xocs:conference-date-text><xocs:date-range><xocs:start-date>20110919</xocs:start-date><xocs:end-date>20110923</xocs:end-date></xocs:date-range></xocs:conference-info><ce:editors><ce:author-group><ce:author><ce:degrees>Prof</ce:degrees><ce:given-name>Dieter</ce:given-name><ce:surname>Kern</ce:surname></ce:author><ce:author><ce:degrees>Prof</ce:degrees><ce:given-name>Johann-Peter</ce:given-name><ce:surname>Reithmaier</ce:surname></ce:author><ce:author><ce:degrees>Dr</ce:degrees><ce:given-name>Olaf</ce:given-name><ce:surname>Krüger</ce:surname></ce:author><ce:author><ce:degrees>Dr</ce:degrees><ce:given-name>Uwe</ce:given-name><ce:surname>Zeitner</ce:surname></ce:author><ce:author><ce:degrees>Prof</ce:degrees><ce:given-name>Martin</ce:given-name><ce:surname>Hoffmann</ce:surname></ce:author><ce:author><ce:degrees>Dr</ce:degrees><ce:given-name>Martin</ce:given-name><ce:surname>Stelzle</ce:surname></ce:author></ce:author-group></ce:editors></xocs:title-editors-group></xocs:title-editors-groups><xocs:hub-sec><xocs:hub-sec-title>Nanodevices/Nanoelectronics</xocs:hub-sec-title></xocs:hub-sec><xocs:document-type>article</xocs:document-type><xocs:document-subtype>fla</xocs:document-subtype><xocs:copyright-line>Copyright © 2012 Elsevier B.V.</xocs:copyright-line><xocs:normalized-article-title>DESIGNFABRICATIONDENSELYINTEGRATEDSILICONQUANTUMDOTSUSINGAVLSICOMPATIBLEHYDROGENSILSESQUIOXANEELECTRONBEAMLITHOGRAPHYPROCESS</xocs:normalized-article-title><xocs:normalized-first-auth-surname>LIN</xocs:normalized-first-auth-surname><xocs:normalized-first-auth-initial>Y</xocs:normalized-first-auth-initial><xocs:item-toc><xocs:item-toc-entry ref-elem="ce:sections"><xocs:item-toc-label>1</xocs:item-toc-label><xocs:item-toc-section-title>Introduction</xocs:item-toc-section-title></xocs:item-toc-entry><xocs:item-toc-entry ref-elem="ce:sections"><xocs:item-toc-label>2</xocs:item-toc-label><xocs:item-toc-section-title>Design and simulations</xocs:item-toc-section-title></xocs:item-toc-entry><xocs:item-toc-entry ref-elem="ce:sections"><xocs:item-toc-label>3</xocs:item-toc-label><xocs:item-toc-section-title>Experiment</xocs:item-toc-section-title><xocs:item-toc-entry ref-elem="ce:sections"><xocs:item-toc-label>3.1</xocs:item-toc-label><xocs:item-toc-section-title>Fabrication process</xocs:item-toc-section-title></xocs:item-toc-entry><xocs:item-toc-entry ref-elem="ce:sections"><xocs:item-toc-label>3.2</xocs:item-toc-label><xocs:item-toc-section-title>Characterisation</xocs:item-toc-section-title></xocs:item-toc-entry></xocs:item-toc-entry><xocs:item-toc-entry ref-elem="ce:sections"><xocs:item-toc-label>4</xocs:item-toc-label><xocs:item-toc-section-title>Conclusions</xocs:item-toc-section-title></xocs:item-toc-entry><xocs:item-toc-entry ref-elem="ce:acknowledgment"><xocs:item-toc-section-title>Acknowledgement</xocs:item-toc-section-title></xocs:item-toc-entry><xocs:item-toc-entry ref-elem="ce:bibliography"><xocs:item-toc-section-title>References</xocs:item-toc-section-title></xocs:item-toc-entry></xocs:item-toc><xocs:references><xocs:ref-info refid="b0005"><xocs:ref-normalized-surname>WORD</xocs:ref-normalized-surname><xocs:ref-pub-year>2003</xocs:ref-pub-year><xocs:ref-first-fp>L12</xocs:ref-first-fp><xocs:ref-normalized-initial>M</xocs:ref-normalized-initial></xocs:ref-info><xocs:ref-info refid="b0010"><xocs:ref-normalized-surname>GRIGORESCU</xocs:ref-normalized-surname><xocs:ref-pub-year>2007</xocs:ref-pub-year><xocs:ref-first-fp>822</xocs:ref-first-fp><xocs:ref-last-lp>824</xocs:ref-last-lp><xocs:ref-normalized-initial>A</xocs:ref-normalized-initial></xocs:ref-info><xocs:ref-info refid="b0015"><xocs:ref-normalized-surname>GRIGORESCU</xocs:ref-normalized-surname><xocs:ref-pub-year>2009</xocs:ref-pub-year><xocs:ref-first-fp>292001</xocs:ref-first-fp><xocs:ref-normalized-initial>A</xocs:ref-normalized-initial></xocs:ref-info><xocs:ref-info refid="b0020"><xocs:ref-normalized-surname>DAVES</xocs:ref-normalized-surname><xocs:ref-pub-year>2010</xocs:ref-pub-year><xocs:ref-first-fp>1643</xocs:ref-first-fp><xocs:ref-last-lp>1645</xocs:ref-last-lp><xocs:ref-normalized-initial>W</xocs:ref-normalized-initial></xocs:ref-info><xocs:ref-info refid="b0025"><xocs:ref-normalized-surname>KODERA</xocs:ref-normalized-surname><xocs:ref-pub-year>2009</xocs:ref-pub-year><xocs:ref-first-fp>06FF15</xocs:ref-first-fp><xocs:ref-normalized-initial>T</xocs:ref-normalized-initial></xocs:ref-info><xocs:ref-info refid="b0030"><xocs:ref-normalized-surname>ANGUS</xocs:ref-normalized-surname><xocs:ref-pub-year>2008</xocs:ref-pub-year><xocs:ref-first-fp>112103</xocs:ref-first-fp><xocs:ref-normalized-initial>S</xocs:ref-normalized-initial></xocs:ref-info><xocs:ref-info refid="b0035"><xocs:ref-normalized-surname>NISHIGUCHI</xocs:ref-normalized-surname><xocs:ref-pub-year>2006</xocs:ref-pub-year><xocs:ref-first-fp>183101</xocs:ref-first-fp><xocs:ref-normalized-initial>K</xocs:ref-normalized-initial></xocs:ref-info><xocs:ref-info refid="b0040"><xocs:ref-normalized-surname>HANSON</xocs:ref-normalized-surname><xocs:ref-pub-year>2007</xocs:ref-pub-year><xocs:ref-first-fp>1217</xocs:ref-first-fp><xocs:ref-last-lp>1265</xocs:ref-last-lp><xocs:ref-normalized-initial>R</xocs:ref-normalized-initial></xocs:ref-info><xocs:ref-info refid="b0045"><xocs:ref-normalized-surname>KAWATA</xocs:ref-normalized-surname><xocs:ref-pub-year>2008</xocs:ref-pub-year><xocs:ref-first-fp>5</xocs:ref-first-fp><xocs:ref-normalized-initial>Y</xocs:ref-normalized-initial></xocs:ref-info><xocs:ref-info refid="b0050"><xocs:ref-normalized-surname>YAMAHATA</xocs:ref-normalized-surname><xocs:ref-pub-year>2009</xocs:ref-pub-year><xocs:ref-first-fp>095002</xocs:ref-first-fp><xocs:ref-normalized-initial>G</xocs:ref-normalized-initial></xocs:ref-info><xocs:ref-info refid="b0055"><xocs:ref-normalized-surname>FUJISHIMA</xocs:ref-normalized-surname><xocs:ref-pub-year>1998</xocs:ref-pub-year><xocs:ref-first-fp>1478</xocs:ref-first-fp><xocs:ref-last-lp>1482</xocs:ref-last-lp><xocs:ref-normalized-initial>M</xocs:ref-normalized-initial></xocs:ref-info><xocs:ref-info refid="b0060"><xocs:ref-normalized-surname>AVERIN</xocs:ref-normalized-surname><xocs:ref-pub-year>1986</xocs:ref-pub-year><xocs:ref-first-fp>345</xocs:ref-first-fp><xocs:ref-normalized-initial>D</xocs:ref-normalized-initial></xocs:ref-info><xocs:ref-info refid="b0065"><xocs:ref-normalized-surname>ROSSI</xocs:ref-normalized-surname><xocs:ref-pub-year>2010</xocs:ref-pub-year><xocs:ref-first-fp>223506</xocs:ref-first-fp><xocs:ref-normalized-initial>A</xocs:ref-normalized-initial></xocs:ref-info></xocs:references><xocs:refkeys><xocs:refkey3>LINX2012X386</xocs:refkey3><xocs:refkey4lp>LINX2012X386X390</xocs:refkey4lp><xocs:refkey4ai>LINX2012X386XY</xocs:refkey4ai><xocs:refkey5>LINX2012X386X390XY</xocs:refkey5></xocs:refkeys><xocs:open-access><xocs:oa-article-status is-open-access="1" is-open-archive="0">Full</xocs:oa-article-status><xocs:oa-access-effective-date>2013-07-16T20:15:34Z</xocs:oa-access-effective-date><xocs:oa-sponsor><xocs:oa-sponsor-type>Other</xocs:oa-sponsor-type></xocs:oa-sponsor><xocs:oa-user-license>http://creativecommons.org/licenses/by/3.0/</xocs:oa-user-license></xocs:open-access><xocs:attachment-metadata-doc><xocs:attachment-set-type>item</xocs:attachment-set-type><xocs:pii-formatted>S0167-9317(12)00293-6</xocs:pii-formatted><xocs:pii-unformatted>S0167931712002936</xocs:pii-unformatted><xocs:eid>1-s2.0-S0167931712002936</xocs:eid><xocs:doi>10.1016/j.mee.2012.07.011</xocs:doi><xocs:cid>271975</xocs:cid><xocs:timestamp>2014-10-15T00:40:02.964824-04:00</xocs:timestamp><xocs:cover-date-start>2012-10-01</xocs:cover-date-start><xocs:cover-date-end>2012-10-31</xocs:cover-date-end><xocs:sponsored-access-type>UNLIMITED</xocs:sponsored-access-type><xocs:funding-body-id>NONE</xocs:funding-body-id><xocs:attachments><xocs:web-pdf><xocs:attachment-eid>1-s2.0-S0167931712002936-main.pdf</xocs:attachment-eid><xocs:ucs-locator>https://s3.amazonaws.com/prod-ucs-content-store-us-east/content/pii:S0167931712002936/MAIN/application/pdf/1fa7dfcd48f89cd46390b2d87fa222a3/main.pdf</xocs:ucs-locator><xocs:ucs-locator>https://s3-eu-west-1.amazonaws.com/prod-ucs-content-store-eu-west/content/pii:S0167931712002936/MAIN/application/pdf/1fa7dfcd48f89cd46390b2d87fa222a3/main.pdf</xocs:ucs-locator><xocs:filename>main.pdf</xocs:filename><xocs:extension>pdf</xocs:extension><xocs:pdf-optimized>true</xocs:pdf-optimized><xocs:filesize>841133</xocs:filesize><xocs:web-pdf-purpose>MAIN</xocs:web-pdf-purpose><xocs:web-pdf-page-count>5</xocs:web-pdf-page-count><xocs:web-pdf-images><xocs:web-pdf-image><xocs:attachment-eid>1-s2.0-S0167931712002936-main_1.png</xocs:attachment-eid><xocs:ucs-locator>https://s3-eu-west-1.amazonaws.com/prod-ucs-content-store-eu-west/content/pii:S0167931712002936/PREVIEW/image/png/fd7efd207b7997fd6234f8cb6b8dfb83/main_1.png</xocs:ucs-locator><xocs:ucs-locator>https://s3.amazonaws.com/prod-ucs-content-store-us-east/content/pii:S0167931712002936/PREVIEW/image/png/fd7efd207b7997fd6234f8cb6b8dfb83/main_1.png</xocs:ucs-locator><xocs:filename>main_1.png</xocs:filename><xocs:extension>png</xocs:extension><xocs:filesize>60117</xocs:filesize><xocs:pixel-height>849</xocs:pixel-height><xocs:pixel-width>656</xocs:pixel-width><xocs:attachment-type>IMAGE-WEB-PDF</xocs:attachment-type><xocs:pdf-page-num>1</xocs:pdf-page-num></xocs:web-pdf-image></xocs:web-pdf-images></xocs:web-pdf><xocs:attachment><xocs:attachment-eid>1-s2.0-S0167931712002936-gr4.jpg</xocs:attachment-eid><xocs:ucs-locator>https://s3.amazonaws.com/prod-ucs-content-store-us-east/content/pii:S0167931712002936/gr4/DOWNSAMPLED/image/jpeg/13bd64e019f007ae2eaf079cb9514177/gr4.jpg</xocs:ucs-locator><xocs:ucs-locator>https://s3-eu-west-1.amazonaws.com/prod-ucs-content-store-eu-west/content/pii:S0167931712002936/gr4/DOWNSAMPLED/image/jpeg/13bd64e019f007ae2eaf079cb9514177/gr4.jpg</xocs:ucs-locator><xocs:file-basename>gr4</xocs:file-basename><xocs:filename>gr4.jpg</xocs:filename><xocs:extension>jpg</xocs:extension><xocs:filesize>54610</xocs:filesize><xocs:pixel-height>480</xocs:pixel-height><xocs:pixel-width>536</xocs:pixel-width><xocs:attachment-type>IMAGE-DOWNSAMPLED</xocs:attachment-type></xocs:attachment><xocs:attachment><xocs:attachment-eid>1-s2.0-S0167931712002936-gr3.jpg</xocs:attachment-eid><xocs:ucs-locator>https://s3.amazonaws.com/prod-ucs-content-store-us-east/content/pii:S0167931712002936/gr3/DOWNSAMPLED/image/jpeg/8c653d38fedd54e179ec767fa3f307d6/gr3.jpg</xocs:ucs-locator><xocs:ucs-locator>https://s3-eu-west-1.amazonaws.com/prod-ucs-content-store-eu-west/content/pii:S0167931712002936/gr3/DOWNSAMPLED/image/jpeg/8c653d38fedd54e179ec767fa3f307d6/gr3.jpg</xocs:ucs-locator><xocs:file-basename>gr3</xocs:file-basename><xocs:filename>gr3.jpg</xocs:filename><xocs:extension>jpg</xocs:extension><xocs:filesize>57666</xocs:filesize><xocs:pixel-height>406</xocs:pixel-height><xocs:pixel-width>487</xocs:pixel-width><xocs:attachment-type>IMAGE-DOWNSAMPLED</xocs:attachment-type></xocs:attachment><xocs:attachment><xocs:attachment-eid>1-s2.0-S0167931712002936-gr2.jpg</xocs:attachment-eid><xocs:ucs-locator>https://s3.amazonaws.com/prod-ucs-content-store-us-east/content/pii:S0167931712002936/gr2/DOWNSAMPLED/image/jpeg/1fd3c4f0cef68a9188bf9611c5892833/gr2.jpg</xocs:ucs-locator><xocs:ucs-locator>https://s3-eu-west-1.amazonaws.com/prod-ucs-content-store-eu-west/content/pii:S0167931712002936/gr2/DOWNSAMPLED/image/jpeg/1fd3c4f0cef68a9188bf9611c5892833/gr2.jpg</xocs:ucs-locator><xocs:file-basename>gr2</xocs:file-basename><xocs:filename>gr2.jpg</xocs:filename><xocs:extension>jpg</xocs:extension><xocs:filesize>68084</xocs:filesize><xocs:pixel-height>263</xocs:pixel-height><xocs:pixel-width>711</xocs:pixel-width><xocs:attachment-type>IMAGE-DOWNSAMPLED</xocs:attachment-type></xocs:attachment><xocs:attachment><xocs:attachment-eid>1-s2.0-S0167931712002936-gr1.jpg</xocs:attachment-eid><xocs:ucs-locator>https://s3.amazonaws.com/prod-ucs-content-store-us-east/content/pii:S0167931712002936/gr1/DOWNSAMPLED/image/jpeg/dd2d3efc61d86299a79bc9bf65f0f473/gr1.jpg</xocs:ucs-locator><xocs:ucs-locator>https://s3-eu-west-1.amazonaws.com/prod-ucs-content-store-eu-west/content/pii:S0167931712002936/gr1/DOWNSAMPLED/image/jpeg/dd2d3efc61d86299a79bc9bf65f0f473/gr1.jpg</xocs:ucs-locator><xocs:file-basename>gr1</xocs:file-basename><xocs:filename>gr1.jpg</xocs:filename><xocs:extension>jpg</xocs:extension><xocs:filesize>58346</xocs:filesize><xocs:pixel-height>489</xocs:pixel-height><xocs:pixel-width>503</xocs:pixel-width><xocs:attachment-type>IMAGE-DOWNSAMPLED</xocs:attachment-type></xocs:attachment><xocs:attachment><xocs:attachment-eid>1-s2.0-S0167931712002936-fx1.jpg</xocs:attachment-eid><xocs:ucs-locator>https://s3.amazonaws.com/prod-ucs-content-store-us-east/content/pii:S0167931712002936/fx1/DOWNSAMPLED/image/jpeg/b8f42a694df5af4b9b89cc541c85912e/fx1.jpg</xocs:ucs-locator><xocs:ucs-locator>https://s3-eu-west-1.amazonaws.com/prod-ucs-content-store-eu-west/content/pii:S0167931712002936/fx1/DOWNSAMPLED/image/jpeg/b8f42a694df5af4b9b89cc541c85912e/fx1.jpg</xocs:ucs-locator><xocs:file-basename>fx1</xocs:file-basename><xocs:abstract-attachment>true</xocs:abstract-attachment><xocs:filename>fx1.jpg</xocs:filename><xocs:extension>jpg</xocs:extension><xocs:filesize>34377</xocs:filesize><xocs:pixel-height>200</xocs:pixel-height><xocs:pixel-width>422</xocs:pixel-width><xocs:attachment-type>IMAGE-DOWNSAMPLED</xocs:attachment-type></xocs:attachment><xocs:attachment><xocs:attachment-eid>1-s2.0-S0167931712002936-gr4.sml</xocs:attachment-eid><xocs:ucs-locator>https://s3.amazonaws.com/prod-ucs-content-store-us-east/content/pii:S0167931712002936/gr4/THUMBNAIL/image/gif/661b3383a673ace55313ab0ecf9a9187/gr4.sml</xocs:ucs-locator><xocs:ucs-locator>https://s3-eu-west-1.amazonaws.com/prod-ucs-content-store-eu-west/content/pii:S0167931712002936/gr4/THUMBNAIL/image/gif/661b3383a673ace55313ab0ecf9a9187/gr4.sml</xocs:ucs-locator><xocs:file-basename>gr4</xocs:file-basename><xocs:filename>gr4.sml</xocs:filename><xocs:extension>sml</xocs:extension><xocs:filesize>6048</xocs:filesize><xocs:pixel-height>164</xocs:pixel-height><xocs:pixel-width>183</xocs:pixel-width><xocs:attachment-type>IMAGE-THUMBNAIL</xocs:attachment-type></xocs:attachment><xocs:attachment><xocs:attachment-eid>1-s2.0-S0167931712002936-gr3.sml</xocs:attachment-eid><xocs:ucs-locator>https://s3.amazonaws.com/prod-ucs-content-store-us-east/content/pii:S0167931712002936/gr3/THUMBNAIL/image/gif/37dbff9ec9f6b92287aa852b20bb8970/gr3.sml</xocs:ucs-locator><xocs:ucs-locator>https://s3-eu-west-1.amazonaws.com/prod-ucs-content-store-eu-west/content/pii:S0167931712002936/gr3/THUMBNAIL/image/gif/37dbff9ec9f6b92287aa852b20bb8970/gr3.sml</xocs:ucs-locator><xocs:file-basename>gr3</xocs:file-basename><xocs:filename>gr3.sml</xocs:filename><xocs:extension>sml</xocs:extension><xocs:filesize>16363</xocs:filesize><xocs:pixel-height>164</xocs:pixel-height><xocs:pixel-width>197</xocs:pixel-width><xocs:attachment-type>IMAGE-THUMBNAIL</xocs:attachment-type></xocs:attachment><xocs:attachment><xocs:attachment-eid>1-s2.0-S0167931712002936-gr2.sml</xocs:attachment-eid><xocs:ucs-locator>https://s3.amazonaws.com/prod-ucs-content-store-us-east/content/pii:S0167931712002936/gr2/THUMBNAIL/image/gif/e5259dd80f09db4d2afe0ce5c2e2346e/gr2.sml</xocs:ucs-locator><xocs:ucs-locator>https://s3-eu-west-1.amazonaws.com/prod-ucs-content-store-eu-west/content/pii:S0167931712002936/gr2/THUMBNAIL/image/gif/e5259dd80f09db4d2afe0ce5c2e2346e/gr2.sml</xocs:ucs-locator><xocs:file-basename>gr2</xocs:file-basename><xocs:filename>gr2.sml</xocs:filename><xocs:extension>sml</xocs:extension><xocs:filesize>7058</xocs:filesize><xocs:pixel-height>81</xocs:pixel-height><xocs:pixel-width>219</xocs:pixel-width><xocs:attachment-type>IMAGE-THUMBNAIL</xocs:attachment-type></xocs:attachment><xocs:attachment><xocs:attachment-eid>1-s2.0-S0167931712002936-gr1.sml</xocs:attachment-eid><xocs:ucs-locator>https://s3.amazonaws.com/prod-ucs-content-store-us-east/content/pii:S0167931712002936/gr1/THUMBNAIL/image/gif/14f4f1488b5326aa6b3adbe2bc81447a/gr1.sml</xocs:ucs-locator><xocs:ucs-locator>https://s3-eu-west-1.amazonaws.com/prod-ucs-content-store-eu-west/content/pii:S0167931712002936/gr1/THUMBNAIL/image/gif/14f4f1488b5326aa6b3adbe2bc81447a/gr1.sml</xocs:ucs-locator><xocs:file-basename>gr1</xocs:file-basename><xocs:filename>gr1.sml</xocs:filename><xocs:extension>sml</xocs:extension><xocs:filesize>7790</xocs:filesize><xocs:pixel-height>163</xocs:pixel-height><xocs:pixel-width>168</xocs:pixel-width><xocs:attachment-type>IMAGE-THUMBNAIL</xocs:attachment-type></xocs:attachment><xocs:attachment><xocs:attachment-eid>1-s2.0-S0167931712002936-fx1.sml</xocs:attachment-eid><xocs:ucs-locator>https://s3.amazonaws.com/prod-ucs-content-store-us-east/content/pii:S0167931712002936/fx1/THUMBNAIL/image/gif/92f4a910e4bb1a44334df7c854e6052f/fx1.sml</xocs:ucs-locator><xocs:ucs-locator>https://s3-eu-west-1.amazonaws.com/prod-ucs-content-store-eu-west/content/pii:S0167931712002936/fx1/THUMBNAIL/image/gif/92f4a910e4bb1a44334df7c854e6052f/fx1.sml</xocs:ucs-locator><xocs:file-basename>fx1</xocs:file-basename><xocs:abstract-attachment>true</xocs:abstract-attachment><xocs:filename>fx1.sml</xocs:filename><xocs:extension>sml</xocs:extension><xocs:filesize>9648</xocs:filesize><xocs:pixel-height>104</xocs:pixel-height><xocs:pixel-width>219</xocs:pixel-width><xocs:attachment-type>IMAGE-THUMBNAIL</xocs:attachment-type></xocs:attachment></xocs:attachments></xocs:attachment-metadata-doc></xocs:meta><xocs:serial-item><article xmlns="http://www.elsevier.com/xml/ja/dtd" docsubtype="fla" xml:lang="en" version="5.1"><item-info><jid>MEE</jid><aid>8495</aid><ce:pii>S0167-9317(12)00293-6</ce:pii><ce:doi>10.1016/j.mee.2012.07.011</ce:doi><ce:copyright type="full-transfer" year="2012">Elsevier B.V.</ce:copyright></item-info><ce:floats><ce:figure id="f0005"><ce:label>Fig. 1</ce:label><ce:caption><ce:simple-para id="sp0020" view="all">(a) Schematic top down view of two DSETs defined in the top intrinsic-Si layer of the SOI. (b) The 3D structural model of the nanostructure used in COMSOL electrostatic simulations with an exception of the Al top gate which has been modified to allow visibility of the underlying QD structure. (c) Graph of the simulated I<ce:inf loc="post">DS</ce:inf> (left axis), and the variation in electron occupation number (right axis), n<ce:inf loc="post">QD1</ce:inf> and n<ce:inf loc="post">QD2</ce:inf>, in QD<ce:inf loc="post">1</ce:inf> and QD<ce:inf loc="post">2</ce:inf> respectively as a function of an applied voltage V<ce:inf loc="post">G1</ce:inf> on side gate G<ce:inf loc="post">1</ce:inf> with side gate G<ce:inf loc="post">2</ce:inf> grounded (in this figure a).</ce:simple-para></ce:caption><ce:link locator="gr1"/></ce:figure><ce:figure id="f0010"><ce:label>Fig. 2</ce:label><ce:caption><ce:simple-para id="sp0025" view="all">Schematic VLSI compatible process flow diagram for fabrication of our high density quantum devices.</ce:simple-para></ce:caption><ce:link locator="gr2"/></ce:figure><ce:figure id="f0015"><ce:label>Fig. 3</ce:label><ce:caption><ce:simple-para id="sp0030" view="all">(a) An SEM image of HSQ patterned with the device nanostructure and (b) the etched structure after transferring into SOI. (c) An optical photo of an array of devices. (d) Chip scale photo of the VLSI compatible fabrication result.</ce:simple-para></ce:caption><ce:link locator="gr3"/></ce:figure><ce:figure id="f0020"><ce:label>Fig. 4</ce:label><ce:caption><ce:simple-para id="sp0035" view="all">(a) DSET source to drain current, I<ce:inf loc="post">DS</ce:inf>, as a function of source to drain voltage, V<ce:inf loc="post">DS</ce:inf>, with voltages V<ce:inf loc="post">SG</ce:inf><ce:hsp sp="0.25"/>=<ce:hsp sp="0.25"/>0<ce:hsp sp="0.25"/>V and −3<ce:hsp sp="0.25"/>V applied to side gates. (b) I<ce:inf loc="post">DS</ce:inf>, as a function of top gate voltage, V<ce:inf loc="post">TG</ce:inf>, with all other gates grounded at V<ce:inf loc="post">DS</ce:inf><ce:hsp sp="0.25"/>=<ce:hsp sp="0.25"/>10<ce:hsp sp="0.25"/>μV. (c) The same measurement as b) except at a temperature of 80<ce:hsp sp="0.25"/>mK with V<ce:inf loc="post">SG</ce:inf><ce:hsp sp="0.25"/>=<ce:hsp sp="0.25"/>4 and −4<ce:hsp sp="0.25"/>μV.</ce:simple-para></ce:caption><ce:link locator="gr4"/></ce:figure></ce:floats><head><ce:title>Design and fabrication of densely integrated silicon quantum dots using a VLSI compatible hydrogen silsesquioxane electron beam lithography process</ce:title><ce:author-group><ce:author><ce:given-name>Y.P.</ce:given-name><ce:surname>Lin</ce:surname><ce:cross-ref refid="aff1"><ce:sup loc="post">a</ce:sup></ce:cross-ref></ce:author><ce:author><ce:given-name>M.K.</ce:given-name><ce:surname>Husain</ce:surname><ce:cross-ref refid="aff1"><ce:sup loc="post">a</ce:sup></ce:cross-ref><ce:cross-ref refid="cor1"><ce:sup loc="post">⁎</ce:sup></ce:cross-ref><ce:e-address type="email">mkh@ecs.soton.ac.uk</ce:e-address></ce:author><ce:author><ce:given-name>F.M.</ce:given-name><ce:surname>Alkhalil</ce:surname><ce:cross-ref refid="aff1"><ce:sup loc="post">a</ce:sup></ce:cross-ref></ce:author><ce:author><ce:given-name>N.</ce:given-name><ce:surname>Lambert</ce:surname><ce:cross-ref refid="aff2"><ce:sup loc="post">b</ce:sup></ce:cross-ref></ce:author><ce:author><ce:given-name>J.</ce:given-name><ce:surname>Perez-Barraza</ce:surname><ce:cross-ref refid="aff2"><ce:sup loc="post">b</ce:sup></ce:cross-ref></ce:author><ce:author><ce:given-name>Y.</ce:given-name><ce:surname>Tsuchiya</ce:surname><ce:cross-ref refid="aff1"><ce:sup loc="post">a</ce:sup></ce:cross-ref></ce:author><ce:author><ce:given-name>A.J.</ce:given-name><ce:surname>Ferguson</ce:surname><ce:cross-ref refid="aff2"><ce:sup loc="post">b</ce:sup></ce:cross-ref></ce:author><ce:author><ce:given-name>H.M.H.</ce:given-name><ce:surname>Chong</ce:surname><ce:cross-ref refid="aff1"><ce:sup loc="post">a</ce:sup></ce:cross-ref></ce:author><ce:author><ce:given-name>H.</ce:given-name><ce:surname>Mizuta</ce:surname><ce:cross-ref refid="aff1"><ce:sup loc="post">a</ce:sup></ce:cross-ref><ce:cross-ref refid="aff3"><ce:sup loc="post">c</ce:sup></ce:cross-ref></ce:author><ce:affiliation id="aff1"><ce:label>a</ce:label><ce:textfn>Nano Group, University of Southampton, Southampton SO17 1BJ, United Kingdom</ce:textfn></ce:affiliation><ce:affiliation id="aff2"><ce:label>b</ce:label><ce:textfn>Microelectronics Research Centre, Cavendish Laboratory, JJ Thomson Avenue, University of Cambridge, Cambridge, CB3 0HE, United Kingdom</ce:textfn></ce:affiliation><ce:affiliation id="aff3"><ce:label>c</ce:label><ce:textfn>School of Materials Science, JAIST, Nomi, Ishikawa 923-1292, Japan</ce:textfn></ce:affiliation><ce:correspondence id="cor1"><ce:label>⁎</ce:label><ce:text>Corresponding author.</ce:text></ce:correspondence></ce:author-group><ce:abstract class="graphical" xml:lang="en"><ce:abstract-sec><ce:section-title>Graphical abstract</ce:section-title><ce:simple-para id="sp0005" view="all"><ce:display><ce:figure id="f0025"><ce:link locator="fx1"/></ce:figure></ce:display></ce:simple-para></ce:abstract-sec><ce:abstract-sec><ce:section-title>Highlights</ce:section-title><ce:simple-para id="sp0010" view="all">► Fabricated smallest high density Si double quantum dot transistors using HSQ resist. ► E-Beam lithography gave reproducible device dimensions down to 25<ce:hsp sp="0.25"/>nm. ► Eighty percent of the fabricated devices had dimensional variations of less than 5<ce:hsp sp="0.25"/>nm. ► Our fabrication process can realise up to 144 scalable devices in parallel. ► This approach is compatible with very large scale integration.</ce:simple-para></ce:abstract-sec></ce:abstract><ce:abstract class="author" xml:lang="en"><ce:section-title>Abstract</ce:section-title><ce:abstract-sec><ce:simple-para id="sp0015" view="all">Hydrogen silsesquioxane (HSQ) is a high resolution negative-tone electron beam resist allowing for direct transfer of nanostructures into silicon-on-insulator. Using this resist for electron beam lithography, we fabricate high density lithographically defined Silicon double quantum dot (QD) transistors. We show that our approach is compatible with very large scale integration, allowing for parallel fabrication of up to 144 scalable devices. HSQ process optimisation allowed for realisation of reproducible QD dimensions of 50<ce:hsp sp="0.25"/>nm and tunnel junction down to 25<ce:hsp sp="0.25"/>nm. We observed that 80% of the fabricated devices had dimensional variations of less than 5<ce:hsp sp="0.25"/>nm. These are the smallest high density double QD transistors achieved to date. Single electron simulations combined with preliminary electrical characterisations justify the reliability of our device and process.</ce:simple-para></ce:abstract-sec></ce:abstract><ce:keywords class="keyword"><ce:section-title>Keywords</ce:section-title><ce:keyword><ce:text>High-resolution</ce:text></ce:keyword><ce:keyword><ce:text>Electron beam resist</ce:text></ce:keyword><ce:keyword><ce:text>HSQ</ce:text></ce:keyword><ce:keyword><ce:text>Nanolithography</ce:text></ce:keyword><ce:keyword><ce:text>SET</ce:text></ce:keyword><ce:keyword><ce:text>SOI</ce:text></ce:keyword></ce:keywords></head><body view="all"><ce:sections><ce:section id="s0005" view="all"><ce:label>1</ce:label><ce:section-title>Introduction</ce:section-title><ce:para id="p0005" view="all">Hydrogen silsesquioxane (HSQ) is increasingly being used as the resist of choice for nano-scale electron beam lithography (EBL) capable of sub 10<ce:hsp sp="0.25"/>nm <ce:cross-ref refid="b0005">[1]</ce:cross-ref> parallel line definition. As a negative resist, its small line edge roughness <ce:cross-refs refid="b0010 b0015">[2,3]</ce:cross-refs> is particularly useful for precise nano-scale patterning of quantum dots (QDs). This, coupled with its high etching resistance property after curing, allows for direct pattern transfer into silicon-on-insulator (SOI) for applications in quantum information technology <ce:cross-ref refid="b0020">[4]</ce:cross-ref>. This offers a competitive advantage over positive resist alternatives such as poly methylmethacrylate (PMMA) and ZEP520 where nanostructure fabrication requires an additional lift off process which often suffers from significant line edge roughness. In addition, HSQ can be directly imaged in a scanning electron microscope (SEM), allowing for faster process optimisation and device turnaround time. The few-nm scale resolution that HSQ offers is crucial in enabling true single electron occupancy in lithographically defined solid state QDs for use in a single electron transistor (SET) <ce:cross-ref refid="b0025">[5]</ce:cross-ref>. A SET comprises of a source and drain terminal weakly coupled via electron tunnel barriers to a nano-scale conduction island (the QD), whose number of occupied electrons can be individually controlled by electrostatically coupled gates <ce:cross-ref refid="b0040">[8]</ce:cross-ref>.</ce:para><ce:para id="p0010" view="all">In this work, we optimise the first very large scale integration (VLSI) compatible EBL process using HSQ resist for large scale parallel fabrication of up to 144 reproducible intrinsic silicon based QD transistors with potential for scalability in the quantum architecture and true single electron storage and manipulation in the QD. HSQ is used with an optimised E-Beam process for realisation of high density nano-scale double QD SETs (DSETs) <ce:cross-ref refid="b0045">[9]</ce:cross-ref> with near perfect pattern transfer after etching into SOI. The dimensions achieved with EBL pave a way towards precise control of QD occupations down to the single electron regime. Measurement results from electrical characterisations are combined with Monte Carlo-based single electron simulations of device design for an indication of the viability of our platform and process.</ce:para></ce:section><ce:section id="s0010" view="all"><ce:label>2</ce:label><ce:section-title>Design and simulations</ce:section-title><ce:para id="p0015" view="all">Our device (<ce:cross-ref refid="f0005">Fig. 1</ce:cross-ref><ce:float-anchor refid="f0005"/>a and b) is a pair of DSETs defined in the top 50<ce:hsp sp="0.25"/>nm intrinsic-Si layer of an SOI substrate. Its ability to conduct is through the use of inversion carriers induced by a metal top gate <ce:cross-ref refid="b0050">[10]</ce:cross-ref>. This offers greater control over the electron concentration in a QD compared to heavily doped Si QDs <ce:cross-refs refid="b0025 b0050">[5,10]</ce:cross-refs>, allowing for occupancies down to the few electron regime. The two QDs in each of our designed DSET (QD<ce:inf loc="post">1,2</ce:inf> and QD<ce:inf loc="post">a,b</ce:inf>) are weakly coupled to each other and to their respective source and drain terminals via channel constrictions which form electron tunnel barriers. Each DSET has two side gates (G<ce:inf loc="post">1,2</ce:inf> and G<ce:inf loc="post">a,b</ce:inf>) where applied voltages electrostatically control the discrete electron occupation of each of its two QDs. One of the two DSETs acts as an electrometer to detect changes in the charge configuration in the other, which is operated as a turnstile for electrons <ce:cross-ref refid="b0035">[7]</ce:cross-ref>. It is crucial to have a small distance d<ce:inf loc="post">1</ce:inf> for sufficient coupling between the electrometer current and the turnstile’s QDs during operation. Here we target d<ce:inf loc="post">1</ce:inf> of 60<ce:hsp sp="0.25"/>nm and a side gate to QD gap of 50<ce:hsp sp="0.25"/>nm. The introductory use of HSQ allows for ultra-small realisation of channel constrictions of just 25<ce:hsp sp="0.25"/>nm and 50<ce:hsp sp="0.25"/>nm QD structures – which can be further reduced in dimension to just ∼25<ce:hsp sp="0.25"/>nm by thermal oxidation. This design offers both scalability in the number of QDs present as well as doubling the yield in QD device fabrication since only one DSET is operated as a turnstile. The electrometer does not require perfect formation of a double QD (DQD) for good sensitivity as a charge detector; therefore, functionality can be interchanged between the two DSETs depending on fabrication results.</ce:para><ce:para id="p0020" view="all">A 3D finite element based (FEM) COMSOL capacitance analysis is combined with Monte Carlo single-electron circuit simulations to model device operations during single electron detection. The 3D structural data (<ce:cross-ref refid="f0005">Fig. 1</ce:cross-ref>b) of the nanoscale DQD pair and multiple gate electrodes are precisely input into COMSOL’s FEM-based electrostatics simulator. Capacitances between different device components are then extracted and fed into the well-tested single electron circuit simulator SETSPICE <ce:cross-ref refid="b0055">[11]</ce:cross-ref>, based on the orthodox theory of single electron tunnelling <ce:cross-ref refid="b0060">[12]</ce:cross-ref>. For our target d<ce:inf loc="post">1</ce:inf> of 60<ce:hsp sp="0.25"/>nm, simulation results (<ce:cross-ref refid="f0005">Fig. 1</ce:cross-ref>c) showed that as we sweep the voltage applied on gate G<ce:inf loc="post">1</ce:inf>, V<ce:inf loc="post">G1</ce:inf>, single electron tunnelling into the turnstile’s two QDs should generate shifts in the electrometer current, I<ce:inf loc="post">DS</ce:inf>, of tens of pA. This is well within the charge sensitivity of DQD electrometer <ce:cross-ref refid="b0030">[6]</ce:cross-ref> and consistent to the same order of magnitude with previous work in single electron detection <ce:cross-ref refid="b0065">[13]</ce:cross-ref>. In addition, the gate to QD capacitive coupling appear to be sufficient for the control of QD occupations down to the single electron limit, allowing for future manipulation of single electron spins in qubit research.</ce:para></ce:section><ce:section id="s0015" view="all"><ce:label>3</ce:label><ce:section-title>Experiment</ce:section-title><ce:section id="s0020" view="all"><ce:label>3.1</ce:label><ce:section-title>Fabrication process</ce:section-title><ce:para id="p0025" view="all">A schematic process flow diagram of our VLSI compatible fabrication process is outlined in <ce:cross-ref refid="f0010">Fig. 2</ce:cross-ref><ce:float-anchor refid="f0010"/>. This process is designed to allow for large scale fabrication of integrated scalable QD systems. The thickness of an intrinsic-SOI’s top Silicon layer is first thinned to 50<ce:hsp sp="0.25"/>nm via wet thermal oxidation. A 2<ce:hsp sp="0.25"/>μm wide square window of three layers of 33<ce:hsp sp="0.25"/>nm thick SiO<ce:inf loc="post">2</ce:inf> is then deposited via plasma enhanced chemical vapour deposition (PECVD), defined optically and reactive ion etched (RIE) to be at the centre of each device. This multilayer deposition is used to minimise pinhole formation between SiO<ce:inf loc="post">2</ce:inf> layers, improving its function as a Phosphorus doping mask to protect an intrinsic Si region for the nanostructure. A 1<ce:hsp sp="0.25"/>μm layer of Phosphorosilica film (P concentration of 5<ce:hsp sp="0.25"/>×<ce:hsp sp="0.25"/>10<ce:sup loc="post">20</ce:sup><ce:hsp sp="0.25"/>cm<ce:sup loc="post">−3</ce:sup>) “spin-on-dopant” is used for Phosphorus doping and thermally activated and driven into the 50<ce:hsp sp="0.25"/>nm Si layer at 925<ce:hsp sp="0.25"/>°C for 15<ce:hsp sp="0.25"/>min. 4-point probe Van-der-Pauw measurements then indicated the formation of a heavily doped Si layer of n∼10<ce:sup loc="post">19</ce:sup><ce:hsp sp="0.25"/>cm<ce:sup loc="post">−3</ce:sup>, which is adequate to ensure low device source and drain resistance.</ce:para><ce:para id="p0030" view="all">After Phosphorosilica film removal with 20:1 buffered HF, 4% HSQ resist is spin coated on the sample at 5000 RPM and hot-plate baked at 80<ce:hsp sp="0.25"/>°C for 4<ce:hsp sp="0.25"/>min to produce a 55<ce:hsp sp="0.25"/>nm thick layer. Device nanostructures were then written by using a JEOL JBX 9300 FS EBL system. A 1<ce:hsp sp="0.25"/>nA beam current at 100<ce:hsp sp="0.25"/>keV acceleration voltage was used with a 60<ce:hsp sp="0.25"/>μm aperture which generated an estimated exposure spot size of 4<ce:hsp sp="0.25"/>nm. Due to the dense nature of our nanostructure design, definition by EBL was seriously limited by proximity effects where electron scattering outside the desired exposure areas produces undesired resist cross linking. This resulted in uneven nanowire sidewalls, causing unintentionally formed QDs as presented in an earlier work <ce:cross-ref refid="b0050">[10]</ce:cross-ref>. This is in addition to a more macroscopic effect of back-scattered electrons originating from the exposure of the micron scale contact pads which produced undesired resist cross-linking over the whole nanoscale structure region. As such, extensive dose optimisation was required in the immediate vicinity of the critical features to reduce these proximity effects. E-beam dose ranges of 1100–1250<ce:hsp sp="0.25"/>μC/cm<ce:sup loc="post">2</ce:sup> was used to write the nanostructure, whereas the micron-size contact pads were exposed with doses of 550–625<ce:hsp sp="0.25"/>μC/cm<ce:sup loc="post">2</ce:sup> to achieve the best repeatability. The exposed HSQ is then developed in 2.45% tetramethylammonium hydroxide for 1<ce:hsp sp="0.25"/>m 40 s, rinsed in deionised water and cured on a hot-plate at 250<ce:hsp sp="0.25"/>°C for 4<ce:hsp sp="0.25"/>m 30<ce:hsp sp="0.25"/>s to become a hard etching mask.</ce:para><ce:para id="p0035" view="all">The resist patterns were transferred into the 50<ce:hsp sp="0.25"/>nm Si via RIE with O<ce:inf loc="post">2</ce:inf>/SF<ce:inf loc="post">6</ce:inf> chemistry and an etching selectivity of 1.3:1 to HSQ. The sample is then oxidised at 925<ce:hsp sp="0.25"/>°C to form a ∼17<ce:hsp sp="0.25"/>nm SiO<ce:inf loc="post">2</ce:inf> layer around the device structure, helping to reduce charge traps, surface imperfections as well as reducing QD dimensions from 60 to ∼25<ce:hsp sp="0.25"/>nm. A 50<ce:hsp sp="0.25"/>nm thick PECVD SiO<ce:inf loc="post">2</ce:inf> layer is then deposited on top and RIE etched into a 10<ce:hsp sp="0.25"/>μm square window, optically aligned above the nanostructure region. This acts as an interlayer gate oxide, preventing leakage between the nanostructure and a 200<ce:hsp sp="0.25"/>nm Al top gate which is evaporated on top and optically defined along with contact pads via a lift off process.</ce:para></ce:section><ce:section id="s0025" view="all"><ce:label>3.2</ce:label><ce:section-title>Characterisation</ce:section-title><ce:para id="p0040" view="all"><ce:cross-ref refid="f0015">Fig. 3</ce:cross-ref><ce:float-anchor refid="f0015"/>a below show an SEM image of a nanostructure patterned into HSQ on a SOI wafer. <ce:cross-ref refid="f0015">Fig. 3</ce:cross-ref>b shows an SEM image after a pattern is transferred by RIE into the SOI. The use of HSQ for EBL has allowed for high density QDs of smaller dimensions to that previously fabricated <ce:cross-refs refid="b0025 b0050">[5,10]</ce:cross-refs>. More importantly, we found the realised DSET structures to be well defined with over 80% of the QDs in 64 devices fabricated in parallel having dimensional variations of less than ±5<ce:hsp sp="0.25"/>nm compared to the design. Likewise, the etched nanostructures are observed to have clearly defined vertical sidewalls with &lt;1% dimensional deviation from the resist pattern. The average realised QD dimension was 51<ce:hsp sp="0.25"/>nm across 64 devices with a standard deviation of 3.4<ce:hsp sp="0.25"/>nm. To our knowledge, this is the first successful attempt at obtaining such high density and high resolution lithographically defined quantum devices repeatedly on SOI using HSQ.</ce:para><ce:para id="p0045" view="all"><ce:cross-ref refid="f0015">Fig. 3</ce:cross-ref>c and d shows chip scale photos of fabrication results, showing the potential for chip scale fabrication of 144 device in parallel – a key advantage of a VLSI compatible approach. Trials showed that a wide range of designs of similar dimensions can be accurately realised using our VLSI compatible approach.</ce:para><ce:para id="p0050" view="all">The source to drain current–voltage characteristics of DSETs in each device at room temperature (<ce:cross-ref refid="f0020">Fig. 4</ce:cross-ref><ce:float-anchor refid="f0020"/>a) showed a source to drain resistance of ∼50<ce:hsp sp="0.25"/>kΩ. A clear distinction can be seen when a single voltage was applied to all other gates at V<ce:inf loc="post">SG</ce:inf><ce:hsp sp="0.25"/>=<ce:hsp sp="0.25"/>−3<ce:hsp sp="0.25"/>V and 0<ce:hsp sp="0.25"/>V (i.e., MOSFET on/off). Preliminary electrical characterisation also showed minimal leakage current through the BOX (<ce:cross-ref refid="f0005">Fig. 1</ce:cross-ref>b) with an interlayer gate oxide breakdown voltage of &gt;22<ce:hsp sp="0.25"/>V, well above the operating voltage of the top gate.</ce:para><ce:para id="p0055" view="all"><ce:cross-ref refid="f0020">Fig. 4</ce:cross-ref>b shows the electrical measurements of the room temperature DSET source to drain current I<ce:inf loc="post">DS</ce:inf> as a function of the applied top gate voltage V<ce:inf loc="post">TG</ce:inf> at the source to drain voltage, V<ce:inf loc="post">DS</ce:inf><ce:hsp sp="0.25"/>=<ce:hsp sp="0.25"/>10<ce:hsp sp="0.25"/>μV. Characteristic MOSFET behaviour was observed with all other gates grounded. Seven out of nine tested devices showed consistent top gate control over the DSETs’ channel conductance. The behaviour is similar to previous work <ce:cross-ref refid="b0050">[10]</ce:cross-ref> where control of channel conductance has been performed using a Poly-Si top gate. A repeat of this measurement at a temperature of 80 mK with V<ce:inf loc="post">DS</ce:inf><ce:hsp sp="0.25"/>=<ce:hsp sp="0.25"/>1<ce:hsp sp="0.25"/>mV and V<ce:inf loc="post">SG</ce:inf><ce:hsp sp="0.25"/>=<ce:hsp sp="0.25"/>−4 and 4<ce:hsp sp="0.25"/>V (<ce:cross-ref refid="f0020">Fig. 4</ce:cross-ref>c) showed the characteristic coulomb oscillations of SETs. This signifies single electron transfer through the QDs.</ce:para></ce:section></ce:section><ce:section id="s0030" view="all"><ce:label>4</ce:label><ce:section-title>Conclusions</ce:section-title><ce:para id="p0060" view="all">We have successfully implemented and optimised a VLSI compatible process allowing for the large scale parallel fabrication of up to 144 scalable Silicon based high density quantum dot systems using HSQ resist and electron beam lithography. The implementation of HSQ resist allows for lithographically defined SOI Si QDs of ∼50<ce:hsp sp="0.25"/>nm and nanowire channel constrictions of just ∼25<ce:hsp sp="0.25"/>nm – smaller dimensions than that in previous work <ce:cross-refs refid="b0025 b0050">[5,10]</ce:cross-refs> and results in the potential for true single electron QD occupation and manipulation. The resultant high density nanostructures are well-defined and within variations of less than ±5<ce:hsp sp="0.25"/>nm from the design for over 80% of the 64 devices fabricated in parallel. The next step is to both further decrease the lithographically defined QD dimensions to just 30–40<ce:hsp sp="0.25"/>nm and to explore the reproducibility of exposures for even higher density QD devices with &gt;4 QDs. This can be achieved through more refined exposure strategies making use of proximity corrections and further optimisation of development procedures.</ce:para></ce:section></ce:sections><ce:acknowledgment><ce:section-title>Acknowledgement</ce:section-title><ce:para id="p0065" view="all">The authors would like to thank Y. D. Wang, K. S. Kiang, Z. Webber and P. Ayliffe for discussions and help during fabrication and wishes to acknowledge the financial support from EPSRC SISSQIT (EP/H016872/1) for making this work possible.</ce:para></ce:acknowledgment></body><tail view="all"><ce:bibliography id="bi0005" view="all"><ce:section-title>References</ce:section-title><ce:bibliography-sec id="bs0005"><ce:bib-reference id="b0005"><ce:label>[1]</ce:label><sb:reference><sb:contribution langtype="en"><sb:authors><sb:author><ce:given-name>M.J.</ce:given-name><ce:surname>Word</ce:surname></sb:author><sb:author><ce:given-name>I.</ce:given-name><ce:surname>Adesida</ce:surname></sb:author><sb:author><ce:given-name>P.R.</ce:given-name><ce:surname>Berger</ce:surname></sb:author></sb:authors></sb:contribution><sb:host><sb:issue><sb:series><sb:title><sb:maintitle>J. Vac. Sci. Technol. B</sb:maintitle></sb:title><sb:volume-nr>21</sb:volume-nr></sb:series><sb:date>2003</sb:date></sb:issue><sb:pages><sb:first-page>L12</sb:first-page></sb:pages></sb:host></sb:reference></ce:bib-reference><ce:bib-reference id="b0010"><ce:label>[2]</ce:label><sb:reference><sb:contribution langtype="en"><sb:authors><sb:author><ce:given-name>A.E.</ce:given-name><ce:surname>Grigorescu</ce:surname></sb:author><sb:author><ce:given-name>M.C.</ce:given-name><ce:surname>van der Krogt</ce:surname></sb:author><sb:author><ce:given-name>C.W.</ce:given-name><ce:surname>Hagen</ce:surname></sb:author><sb:author><ce:given-name>P.</ce:given-name><ce:surname>Kruit</ce:surname></sb:author></sb:authors></sb:contribution><sb:host><sb:issue><sb:series><sb:title><sb:maintitle>Microelectron. Eng.</sb:maintitle></sb:title><sb:volume-nr>84</sb:volume-nr></sb:series><sb:date>2007</sb:date></sb:issue><sb:pages><sb:first-page>822</sb:first-page><sb:last-page>824</sb:last-page></sb:pages></sb:host></sb:reference></ce:bib-reference><ce:bib-reference id="b0015"><ce:label>[3]</ce:label><sb:reference><sb:contribution langtype="en"><sb:authors><sb:author><ce:given-name>A.E.</ce:given-name><ce:surname>Grigorescu</ce:surname></sb:author><sb:author><ce:given-name>C.W.</ce:given-name><ce:surname>Hagen</ce:surname></sb:author></sb:authors></sb:contribution><sb:host><sb:issue><sb:series><sb:title><sb:maintitle>Nanotechnology</sb:maintitle></sb:title><sb:volume-nr>20</sb:volume-nr></sb:series><sb:date>2009</sb:date></sb:issue><sb:pages><sb:first-page>292001</sb:first-page></sb:pages></sb:host></sb:reference></ce:bib-reference><ce:bib-reference id="b0020"><ce:label>[4]</ce:label><sb:reference><sb:contribution langtype="en"><sb:authors><sb:author><ce:given-name>W.</ce:given-name><ce:surname>Daves</ce:surname></sb:author><sb:author><ce:given-name>M.</ce:given-name><ce:surname>Ruoff</ce:surname></sb:author><sb:author><ce:given-name>M.</ce:given-name><ce:surname>Fleischer</ce:surname></sb:author><sb:author><ce:given-name>D.A.</ce:given-name><ce:surname>Wharam</ce:surname></sb:author><sb:author><ce:given-name>D.P.</ce:given-name><ce:surname>Kern</ce:surname></sb:author></sb:authors></sb:contribution><sb:host><sb:issue><sb:series><sb:title><sb:maintitle>Microelectron. Eng.</sb:maintitle></sb:title><sb:volume-nr>87</sb:volume-nr></sb:series><sb:date>2010</sb:date></sb:issue><sb:pages><sb:first-page>1643</sb:first-page><sb:last-page>1645</sb:last-page></sb:pages></sb:host></sb:reference></ce:bib-reference><ce:bib-reference id="b0025"><ce:label>[5]</ce:label><sb:reference><sb:contribution langtype="en"><sb:authors><sb:author><ce:given-name>T.</ce:given-name><ce:surname>Kodera</ce:surname></sb:author><sb:author><ce:given-name>T.</ce:given-name><ce:surname>Ferrus</ce:surname></sb:author><sb:author><ce:given-name>T.</ce:given-name><ce:surname>Nakaoka</ce:surname></sb:author><sb:author><ce:given-name>G.</ce:given-name><ce:surname>Podd</ce:surname></sb:author><sb:author><ce:given-name>M.</ce:given-name><ce:surname>Tanner</ce:surname></sb:author><sb:author><ce:given-name>D.</ce:given-name><ce:surname>Williams</ce:surname></sb:author><sb:author><ce:given-name>Y.</ce:given-name><ce:surname>Arakawa</ce:surname></sb:author></sb:authors></sb:contribution><sb:host><sb:issue><sb:series><sb:title><sb:maintitle>Jpn. J. Appl. Phys.</sb:maintitle></sb:title><sb:volume-nr>48</sb:volume-nr></sb:series><sb:date>2009</sb:date></sb:issue><sb:pages><sb:first-page>06FF15</sb:first-page></sb:pages></sb:host></sb:reference></ce:bib-reference><ce:bib-reference id="b0030"><ce:label>[6]</ce:label><sb:reference><sb:contribution langtype="en"><sb:authors><sb:author><ce:given-name>S.J.</ce:given-name><ce:surname>Angus</ce:surname></sb:author><sb:author><ce:given-name>A.J.</ce:given-name><ce:surname>Ferguson</ce:surname></sb:author><sb:author><ce:given-name>A.S.</ce:given-name><ce:surname>Dzurak</ce:surname></sb:author><sb:author><ce:given-name>R.G.</ce:given-name><ce:surname>Clark</ce:surname></sb:author></sb:authors></sb:contribution><sb:host><sb:issue><sb:series><sb:title><sb:maintitle>Appl. Phys. Lett.</sb:maintitle></sb:title><sb:volume-nr>92</sb:volume-nr></sb:series><sb:date>2008</sb:date></sb:issue><sb:pages><sb:first-page>112103</sb:first-page></sb:pages></sb:host></sb:reference></ce:bib-reference><ce:bib-reference id="b0035"><ce:label>[7]</ce:label><sb:reference><sb:contribution langtype="en"><sb:authors><sb:author><ce:given-name>K.</ce:given-name><ce:surname>Nishiguchi</ce:surname></sb:author><sb:author><ce:given-name>A.</ce:given-name><ce:surname>Fujiwara</ce:surname></sb:author><sb:author><ce:given-name>Y.</ce:given-name><ce:surname>Ono</ce:surname></sb:author><sb:author><ce:given-name>H.</ce:given-name><ce:surname>Inokawa</ce:surname></sb:author><sb:author><ce:given-name>Y.</ce:given-name><ce:surname>Takahashi</ce:surname></sb:author></sb:authors></sb:contribution><sb:host><sb:issue><sb:series><sb:title><sb:maintitle>Appl. Phys. Lett.</sb:maintitle></sb:title><sb:volume-nr>88</sb:volume-nr></sb:series><sb:date>2006</sb:date></sb:issue><sb:pages><sb:first-page>183101</sb:first-page></sb:pages></sb:host></sb:reference></ce:bib-reference><ce:bib-reference id="b0040"><ce:label>[8]</ce:label><sb:reference><sb:contribution langtype="en"><sb:authors><sb:author><ce:given-name>R.</ce:given-name><ce:surname>Hanson</ce:surname></sb:author><sb:author><ce:given-name>L.P.</ce:given-name><ce:surname>Kouwenhoven</ce:surname></sb:author><sb:author><ce:given-name>J.R.</ce:given-name><ce:surname>Petta</ce:surname></sb:author><sb:author><ce:given-name>S.</ce:given-name><ce:surname>Tarucha</ce:surname></sb:author><sb:author><ce:given-name>L.M.K.</ce:given-name><ce:surname>Vandersypen</ce:surname></sb:author></sb:authors></sb:contribution><sb:host><sb:issue><sb:series><sb:title><sb:maintitle>Rev. Mod. Phys.</sb:maintitle></sb:title><sb:volume-nr>79</sb:volume-nr></sb:series><sb:date>2007</sb:date></sb:issue><sb:pages><sb:first-page>1217</sb:first-page><sb:last-page>1265</sb:last-page></sb:pages></sb:host></sb:reference></ce:bib-reference><ce:bib-reference id="b0045"><ce:label>[9]</ce:label><sb:reference><sb:contribution langtype="en"><sb:authors><sb:author><ce:given-name>Y.</ce:given-name><ce:surname>Kawata</ce:surname></sb:author><sb:author><ce:given-name>Y.</ce:given-name><ce:surname>Tsuchiya</ce:surname></sb:author><sb:author><ce:given-name>S.</ce:given-name><ce:surname>Oda</ce:surname></sb:author><sb:author><ce:given-name>H.</ce:given-name><ce:surname>Mizuta</ce:surname></sb:author></sb:authors></sb:contribution><sb:host><sb:issue><sb:series><sb:title><sb:maintitle>IEEE Trans. Nanotech.</sb:maintitle></sb:title><sb:volume-nr>7</sb:volume-nr></sb:series><sb:date>2008</sb:date></sb:issue><sb:pages><sb:first-page>5</sb:first-page></sb:pages></sb:host></sb:reference></ce:bib-reference><ce:bib-reference id="b0050"><ce:label>[10]</ce:label><sb:reference><sb:contribution langtype="en"><sb:authors><sb:author><ce:given-name>G.</ce:given-name><ce:surname>Yamahata</ce:surname></sb:author><sb:author><ce:given-name>T.</ce:given-name><ce:surname>Kodera</ce:surname></sb:author><sb:author><ce:given-name>H.</ce:given-name><ce:surname>Mizuta</ce:surname></sb:author><sb:author><ce:given-name>K.</ce:given-name><ce:surname>Uchida</ce:surname></sb:author><sb:author><ce:given-name>S.</ce:given-name><ce:surname>Oda</ce:surname></sb:author></sb:authors></sb:contribution><sb:host><sb:issue><sb:series><sb:title><sb:maintitle>APEX</sb:maintitle></sb:title><sb:volume-nr>2</sb:volume-nr></sb:series><sb:date>2009</sb:date></sb:issue><sb:pages><sb:first-page>095002</sb:first-page></sb:pages></sb:host></sb:reference></ce:bib-reference><ce:bib-reference id="b0055"><ce:label>[11]</ce:label><sb:reference><sb:contribution langtype="en"><sb:authors><sb:author><ce:given-name>M.</ce:given-name><ce:surname>Fujishima</ce:surname></sb:author><sb:author><ce:given-name>S.</ce:given-name><ce:surname>Amakawa</ce:surname></sb:author><sb:author><ce:given-name>K.</ce:given-name><ce:surname>Hoh</ce:surname></sb:author></sb:authors></sb:contribution><sb:host><sb:issue><sb:series><sb:title><sb:maintitle>Jpn. J. Appl. Phys.</sb:maintitle></sb:title><sb:volume-nr>37</sb:volume-nr></sb:series><sb:date>1998</sb:date></sb:issue><sb:pages><sb:first-page>1478</sb:first-page><sb:last-page>1482</sb:last-page></sb:pages></sb:host></sb:reference></ce:bib-reference><ce:bib-reference id="b0060"><ce:label>[12]</ce:label><sb:reference><sb:contribution langtype="en"><sb:authors><sb:author><ce:given-name>D.V.</ce:given-name><ce:surname>Averin</ce:surname></sb:author><sb:author><ce:given-name>K.K.</ce:given-name><ce:surname>Likharev</ce:surname></sb:author></sb:authors></sb:contribution><sb:host><sb:issue><sb:series><sb:title><sb:maintitle>Low Temp. Phys.</sb:maintitle></sb:title><sb:volume-nr>62</sb:volume-nr></sb:series><sb:date>1986</sb:date></sb:issue><sb:pages><sb:first-page>345</sb:first-page></sb:pages></sb:host></sb:reference></ce:bib-reference><ce:bib-reference id="b0065"><ce:label>[13]</ce:label><sb:reference><sb:contribution langtype="en"><sb:authors><sb:author><ce:given-name>A.</ce:given-name><ce:surname>Rossi</ce:surname></sb:author><sb:author><ce:given-name>T.</ce:given-name><ce:surname>Ferrus</ce:surname></sb:author><sb:author><ce:given-name>G.J.</ce:given-name><ce:surname>Podd</ce:surname></sb:author><sb:author><ce:given-name>D.A.</ce:given-name><ce:surname>Williams</ce:surname></sb:author></sb:authors></sb:contribution><sb:host><sb:issue><sb:series><sb:title><sb:maintitle>Appl. Phys. Lett.</sb:maintitle></sb:title><sb:volume-nr>97</sb:volume-nr></sb:series><sb:date>2010</sb:date></sb:issue><sb:pages><sb:first-page>223506</sb:first-page></sb:pages></sb:host></sb:reference></ce:bib-reference></ce:bibliography-sec></ce:bibliography></tail></article></xocs:serial-item></xocs:doc></originalText></full-text-retrieval-response>