<full-text-retrieval-response xmlns="http://www.elsevier.com/xml/svapi/article/dtd" xmlns:xsi="http://www.w3.org/2001/XMLSchema-instance" xmlns:prism="http://prismstandard.org/namespaces/basic/2.0/" xmlns:dcterms="http://purl.org/dc/terms/" xmlns:dc="http://purl.org/dc/elements/1.1/" xmlns:xocs="http://www.elsevier.com/xml/xocs/dtd" xmlns:xlink="http://www.w3.org/1999/xlink" xmlns:tb="http://www.elsevier.com/xml/common/table/dtd" xmlns:sb="http://www.elsevier.com/xml/common/struct-bib/dtd" xmlns:sa="http://www.elsevier.com/xml/common/struct-aff/dtd" xmlns:mml="http://www.w3.org/1998/Math/MathML" xmlns:ja="http://www.elsevier.com/xml/ja/dtd" xmlns:ce="http://www.elsevier.com/xml/common/dtd" xmlns:cals="http://www.elsevier.com/xml/common/cals/dtd" xmlns:bk="http://www.elsevier.com/xml/bk/dtd"><coredata><prism:url>http://api.elsevier.com/content/article/pii/S0167931712003905</prism:url><dc:identifier>doi:10.1016/j.mee.2012.07.108</dc:identifier><eid>1-s2.0-S0167931712003905</eid><prism:doi>10.1016/j.mee.2012.07.108</prism:doi><pii>S0167-9317(12)00390-5</pii><dc:title>Atomic resolution top-down nanofabrication with low-current focused-ion-beam thinning </dc:title><prism:publicationName>Microelectronic Engineering</prism:publicationName><prism:aggregationType>Journal</prism:aggregationType><prism:issn>01679317</prism:issn><prism:volume>98</prism:volume><prism:startingPage>301</prism:startingPage><prism:endingPage>304</prism:endingPage><prism:pageRange>301-304</prism:pageRange><dc:format>text/xml</dc:format><prism:coverDate>2012-10-31</prism:coverDate><prism:coverDisplayDate>October 2012</prism:coverDisplayDate><prism:copyright>Copyright © 2012 Elsevier B.V.</prism:copyright><prism:publisher>Elsevier B.V.</prism:publisher><prism:issueName>Special issue MNE 2011 - Part II</prism:issueName><dc:creator>Li, Wuxia</dc:creator><dc:creator>Cui, Ajuan</dc:creator><dc:creator>Gu, Changzhi</dc:creator><dc:creator>Warburton, P.A.</dc:creator><dc:description>AbstractTechniques for scalable fabrication of one-dimensional or quasi-one-dimensional nanowires are of great importance to observe quantum size effects and build quantum information devices. In this work, we developed a technique for size reduction of both lateral and freestanding tungsten composite nanostructures using focused-ion-beam (FIB) thinning. Different exposure times and ion-beam currents were used to control the final size and the thinning rate and accuracy of a group of nanowires, an individual nanowire and a portion of a nanowire by low-current site-specific milling. A transmission electron microscope image of a thinned superconducting tungsten composite nanowire with width reduced from 80nm to 50nm shows uniform shrinking along the length of the wire and high resolution image shows no obvious changes of the morphology after thinning. The variation of the superconducting critical current density upon thinning is insignificant; it is 1.7×105 and 1.4×105A/cm2 at 4.26K for the as-deposited and wire with width reduced to 50nm, respectively. These results suggest that FIB-milling is a potential approach for controllable size reduction enabling the observation of size- and quantum effects.</dc:description><openaccess>1</openaccess><openaccessArticle>true</openaccessArticle><openaccessType>Full</openaccessType><openArchiveArticle>false</openArchiveArticle><openaccessSponsorName/><openaccessSponsorType>Other</openaccessSponsorType><openaccessUserLicense>http://creativecommons.org/licenses/by/3.0/</openaccessUserLicense><dcterms:subject>Size reduction</dcterms:subject><dcterms:subject>Atomic resolution</dcterms:subject><dcterms:subject>Focused-ion-beam</dcterms:subject><dcterms:subject>Thinning</dcterms:subject><dcterms:subject>Superconductivity</dcterms:subject><link rel="self" href="http://api.elsevier.com/content/article/pii/S0167931712003905"/><link rel="scidir" href="http://www.sciencedirect.com/science/article/pii/S0167931712003905"/></coredata><objects><object ref="gr4" category="standard" type="IMAGE-DOWNSAMPLED" multimediatype="JPEG image file" mimetype="image/jpeg" width="299" height="153" size="12817">http://api.elsevier.com/content/object/eid/1-s2.0-S0167931712003905-gr4.jpg?httpAccept=%2A%2F%2A</object><object ref="gr3" category="standard" type="IMAGE-DOWNSAMPLED" multimediatype="JPEG image file" mimetype="image/jpeg" width="311" height="236" size="23276">http://api.elsevier.com/content/object/eid/1-s2.0-S0167931712003905-gr3.jpg?httpAccept=%2A%2F%2A</object><object ref="gr2" category="standard" type="IMAGE-DOWNSAMPLED" multimediatype="JPEG image file" mimetype="image/jpeg" width="326" height="147" size="18050">http://api.elsevier.com/content/object/eid/1-s2.0-S0167931712003905-gr2.jpg?httpAccept=%2A%2F%2A</object><object ref="gr1" category="standard" type="IMAGE-DOWNSAMPLED" multimediatype="JPEG image file" mimetype="image/jpeg" width="311" height="320" size="24427">http://api.elsevier.com/content/object/eid/1-s2.0-S0167931712003905-gr1.jpg?httpAccept=%2A%2F%2A</object><object ref="fx1" category="standard" type="IMAGE-DOWNSAMPLED" multimediatype="JPEG image file" mimetype="image/jpeg" width="315" height="200" size="20851">http://api.elsevier.com/content/object/eid/1-s2.0-S0167931712003905-fx1.jpg?httpAccept=%2A%2F%2A</object><object ref="gr4" category="thumbnail" type="IMAGE-THUMBNAIL" multimediatype="GIF image file" mimetype="image/gif" width="219" height="112" size="3514">http://api.elsevier.com/content/object/eid/1-s2.0-S0167931712003905-gr4.sml?httpAccept=%2A%2F%2A</object><object ref="gr3" category="thumbnail" type="IMAGE-THUMBNAIL" multimediatype="GIF image file" mimetype="image/gif" width="216" height="164" size="8461">http://api.elsevier.com/content/object/eid/1-s2.0-S0167931712003905-gr3.sml?httpAccept=%2A%2F%2A</object><object ref="gr2" category="thumbnail" type="IMAGE-THUMBNAIL" multimediatype="GIF image file" mimetype="image/gif" width="219" height="99" size="6877">http://api.elsevier.com/content/object/eid/1-s2.0-S0167931712003905-gr2.sml?httpAccept=%2A%2F%2A</object><object ref="gr1" category="thumbnail" type="IMAGE-THUMBNAIL" multimediatype="GIF image file" mimetype="image/gif" width="159" height="163" size="9749">http://api.elsevier.com/content/object/eid/1-s2.0-S0167931712003905-gr1.sml?httpAccept=%2A%2F%2A</object><object ref="fx1" category="thumbnail" type="IMAGE-THUMBNAIL" multimediatype="GIF image file" mimetype="image/gif" width="219" height="139" size="10901">http://api.elsevier.com/content/object/eid/1-s2.0-S0167931712003905-fx1.sml?httpAccept=%2A%2F%2A</object></objects><scopus-id>84865603484</scopus-id><scopus-eid>2-s2.0-84865603484</scopus-eid><link rel="abstract" href="http://api.elsevier.com/content/abstract/scopus_id/84865603484"/><originalText><xocs:doc xmlns:xoe="http://www.elsevier.com/xml/xoe/dtd" xsi:schemaLocation="http://www.elsevier.com/xml/xocs/dtd http://be-prod3a/schema/dtds/document/fulltext/xcr/xocs-article.xsd"><xocs:meta><xocs:content-family>serial</xocs:content-family><xocs:content-type>JL</xocs:content-type><xocs:cid>271975</xocs:cid><xocs:ssids><xocs:ssid type="alllist">291210</xocs:ssid><xocs:ssid type="subj">291716</xocs:ssid><xocs:ssid type="subj">291718</xocs:ssid><xocs:ssid type="subj">291821</xocs:ssid><xocs:ssid type="subj">291892</xocs:ssid><xocs:ssid type="subj">291893</xocs:ssid><xocs:ssid type="content">31</xocs:ssid><xocs:ssid type="oa">90</xocs:ssid></xocs:ssids><xocs:srctitle>Microelectronic Engineering</xocs:srctitle><xocs:normalized-srctitle>MICROELECTRONICENGINEERING</xocs:normalized-srctitle><xocs:orig-load-date yyyymmdd="20120803">2012-08-03</xocs:orig-load-date><xocs:available-online-date yyyymmdd="20120803">2012-08-03</xocs:available-online-date><xocs:ew-transaction-id>2014-10-15T01:14:43</xocs:ew-transaction-id><xocs:eid>1-s2.0-S0167931712003905</xocs:eid><xocs:pii-formatted>S0167-9317(12)00390-5</xocs:pii-formatted><xocs:pii-unformatted>S0167931712003905</xocs:pii-unformatted><xocs:doi>10.1016/j.mee.2012.07.108</xocs:doi><xocs:item-stage>S300</xocs:item-stage><xocs:item-version-number>S300.2</xocs:item-version-number><xocs:item-weight>FULL-TEXT</xocs:item-weight><xocs:hub-eid>1-s2.0-S0167931712X0008X</xocs:hub-eid><xocs:timestamp yyyymmdd="20150514">2015-05-14T05:12:31.22227-04:00</xocs:timestamp><xocs:dco>0</xocs:dco><xocs:tomb>0</xocs:tomb><xocs:date-search-begin>20121001</xocs:date-search-begin><xocs:date-search-end>20121031</xocs:date-search-end><xocs:year-nav>2012</xocs:year-nav><xocs:indexeddate epoch="1343952000">2012-08-03T00:00:00Z</xocs:indexeddate><xocs:articleinfo>absattachment articleinfo articletitlenorm authfirstinitialnorm authfirstsurnamenorm cid cids confdate confeditor confloc contenttype copyright crossmark dateloaded dateloadedtxt datesearch datesort dateupdated dco docsubtype doctype doi eid ewtransactionid fundingbodyid hubeid indexeddate issn issnnorm itemstage itemtransactionid itemweight oauserlicense openaccess openarchive pg pgfirst pglast pii piinorm pubdateend pubdatestart pubdatetxt pubyr sectiontitle sortorder sponsoredaccesstype srctitle srctitlenorm srctype ssids alllist content oa subj subheadings suppl tomb vol volfirst volissue volumelist webpdf webpdfpagecount yearnav figure body acknowledge affil articletitle auth authfirstini authfull authkeywords authlast grantnumber grantsponsor primabst ref specialabst</xocs:articleinfo><xocs:issns><xocs:issn-primary-formatted>0167-9317</xocs:issn-primary-formatted><xocs:issn-primary-unformatted>01679317</xocs:issn-primary-unformatted></xocs:issns><xocs:sponsored-access-type>UNLIMITED</xocs:sponsored-access-type><xocs:funding-body-id>NONE</xocs:funding-body-id><xocs:crossmark is-crossmark="0">false</xocs:crossmark><xocs:vol-first>98</xocs:vol-first><xocs:volume-list><xocs:volume>98</xocs:volume></xocs:volume-list><xocs:suppl>C</xocs:suppl><xocs:vol-iss-suppl-text>Volume 98</xocs:vol-iss-suppl-text><xocs:sort-order>67</xocs:sort-order><xocs:first-fp>301</xocs:first-fp><xocs:last-lp>304</xocs:last-lp><xocs:pages><xocs:first-page>301</xocs:first-page><xocs:last-page>304</xocs:last-page></xocs:pages><xocs:cover-date-orig><xocs:start-date>201210</xocs:start-date></xocs:cover-date-orig><xocs:cover-date-text>October 2012</xocs:cover-date-text><xocs:cover-date-start>2012-10-01</xocs:cover-date-start><xocs:cover-date-end>2012-10-31</xocs:cover-date-end><xocs:cover-date-year>2012</xocs:cover-date-year><xocs:title-editors-groups><xocs:title-editors-group><ce:title>Special issue MNE 2011 - Part II</ce:title><xocs:conference-info><xocs:venue>Berlin</xocs:venue><xocs:conference-date-text>19–23 September 2011</xocs:conference-date-text><xocs:date-range><xocs:start-date>20110919</xocs:start-date><xocs:end-date>20110923</xocs:end-date></xocs:date-range></xocs:conference-info><ce:editors><ce:author-group><ce:author><ce:degrees>Prof</ce:degrees><ce:given-name>Dieter</ce:given-name><ce:surname>Kern</ce:surname></ce:author><ce:author><ce:degrees>Prof</ce:degrees><ce:given-name>Johann-Peter</ce:given-name><ce:surname>Reithmaier</ce:surname></ce:author><ce:author><ce:degrees>Dr</ce:degrees><ce:given-name>Olaf</ce:given-name><ce:surname>Krüger</ce:surname></ce:author><ce:author><ce:degrees>Dr</ce:degrees><ce:given-name>Uwe</ce:given-name><ce:surname>Zeitner</ce:surname></ce:author><ce:author><ce:degrees>Prof</ce:degrees><ce:given-name>Martin</ce:given-name><ce:surname>Hoffmann</ce:surname></ce:author><ce:author><ce:degrees>Dr</ce:degrees><ce:given-name>Martin</ce:given-name><ce:surname>Stelzle</ce:surname></ce:author></ce:author-group></ce:editors></xocs:title-editors-group></xocs:title-editors-groups><xocs:hub-sec><xocs:hub-sec-title>Nanodevices/Nanoelectronics</xocs:hub-sec-title></xocs:hub-sec><xocs:document-type>article</xocs:document-type><xocs:document-subtype>fla</xocs:document-subtype><xocs:copyright-line>Copyright © 2012 Elsevier B.V.</xocs:copyright-line><xocs:normalized-article-title>ATOMICRESOLUTIONTOPDOWNNANOFABRICATIONLOWCURRENTFOCUSEDIONBEAMTHINNING</xocs:normalized-article-title><xocs:normalized-first-auth-surname>LI</xocs:normalized-first-auth-surname><xocs:normalized-first-auth-initial>W</xocs:normalized-first-auth-initial><xocs:item-toc><xocs:item-toc-entry ref-elem="ce:sections"><xocs:item-toc-label>1</xocs:item-toc-label><xocs:item-toc-section-title>Introduction</xocs:item-toc-section-title></xocs:item-toc-entry><xocs:item-toc-entry ref-elem="ce:sections"><xocs:item-toc-label>2</xocs:item-toc-label><xocs:item-toc-section-title>Experimental details</xocs:item-toc-section-title></xocs:item-toc-entry><xocs:item-toc-entry ref-elem="ce:sections"><xocs:item-toc-label>3</xocs:item-toc-label><xocs:item-toc-section-title>Results and discussion</xocs:item-toc-section-title></xocs:item-toc-entry><xocs:item-toc-entry ref-elem="ce:sections"><xocs:item-toc-label>4</xocs:item-toc-label><xocs:item-toc-section-title>Conclusion</xocs:item-toc-section-title></xocs:item-toc-entry><xocs:item-toc-entry ref-elem="ce:acknowledgment"><xocs:item-toc-section-title>Acknowledgments</xocs:item-toc-section-title></xocs:item-toc-entry><xocs:item-toc-entry ref-elem="ce:bibliography"><xocs:item-toc-section-title>References</xocs:item-toc-section-title></xocs:item-toc-entry></xocs:item-toc><xocs:references><xocs:ref-info refid="b0005"><xocs:ref-normalized-surname>BEZRYADIN</xocs:ref-normalized-surname><xocs:ref-pub-year>2008</xocs:ref-pub-year><xocs:ref-first-fp>043202</xocs:ref-first-fp><xocs:ref-normalized-initial>A</xocs:ref-normalized-initial></xocs:ref-info><xocs:ref-info refid="b0010"><xocs:ref-normalized-surname>ROMANS</xocs:ref-normalized-surname><xocs:ref-pub-year>2010</xocs:ref-pub-year><xocs:ref-first-fp>222506</xocs:ref-first-fp><xocs:ref-normalized-initial>E</xocs:ref-normalized-initial></xocs:ref-info><xocs:ref-info refid="b0015"><xocs:ref-normalized-surname>MARTIN</xocs:ref-normalized-surname><xocs:ref-pub-year>1994</xocs:ref-pub-year><xocs:ref-first-fp>1961</xocs:ref-first-fp><xocs:ref-normalized-initial>C</xocs:ref-normalized-initial></xocs:ref-info><xocs:ref-info refid="b0020"><xocs:ref-normalized-surname>BUTKO</xocs:ref-normalized-surname><xocs:ref-pub-year>2000</xocs:ref-pub-year><xocs:ref-first-fp>1543</xocs:ref-first-fp><xocs:ref-normalized-initial>V</xocs:ref-normalized-initial></xocs:ref-info><xocs:ref-info refid="b0025"><xocs:ref-normalized-surname>ABADAL</xocs:ref-normalized-surname><xocs:ref-pub-year>1998</xocs:ref-pub-year><xocs:ref-first-fp>S791</xocs:ref-first-fp><xocs:ref-normalized-initial>G</xocs:ref-normalized-initial></xocs:ref-info><xocs:ref-info refid="b0030"><xocs:ref-normalized-surname>BEZRYADIN</xocs:ref-normalized-surname><xocs:ref-pub-year>2000</xocs:ref-pub-year><xocs:ref-first-fp>971</xocs:ref-first-fp><xocs:ref-normalized-initial>A</xocs:ref-normalized-initial></xocs:ref-info><xocs:ref-info refid="b0035"><xocs:ref-normalized-surname>ZGIRSKI</xocs:ref-normalized-surname><xocs:ref-pub-year>2007</xocs:ref-pub-year><xocs:ref-first-fp>172509</xocs:ref-first-fp><xocs:ref-normalized-initial>M</xocs:ref-normalized-initial></xocs:ref-info><xocs:ref-info refid="b0040"><xocs:ref-normalized-surname>CHENG</xocs:ref-normalized-surname><xocs:ref-pub-year>2009</xocs:ref-pub-year><xocs:ref-first-fp>48</xocs:ref-first-fp><xocs:ref-normalized-initial>H</xocs:ref-normalized-initial></xocs:ref-info><xocs:ref-info refid="b0045"><xocs:ref-normalized-surname>TROEMAN</xocs:ref-normalized-surname><xocs:ref-pub-year>2007</xocs:ref-pub-year><xocs:ref-first-fp>2152</xocs:ref-first-fp><xocs:ref-normalized-initial>A</xocs:ref-normalized-initial></xocs:ref-info><xocs:ref-info refid="b0050"><xocs:ref-normalized-surname>TETTAMANZI</xocs:ref-normalized-surname><xocs:ref-pub-year>2009</xocs:ref-pub-year><xocs:ref-first-fp>064006</xocs:ref-first-fp><xocs:ref-normalized-initial>G</xocs:ref-normalized-initial></xocs:ref-info><xocs:ref-info refid="b0055"><xocs:ref-normalized-surname>KRZTONMAZIOPA</xocs:ref-normalized-surname><xocs:ref-pub-year>2011</xocs:ref-pub-year><xocs:ref-first-fp>052203</xocs:ref-first-fp><xocs:ref-normalized-initial>A</xocs:ref-normalized-initial></xocs:ref-info><xocs:ref-info refid="b0060"><xocs:ref-normalized-surname>LI</xocs:ref-normalized-surname><xocs:ref-pub-year>2010</xocs:ref-pub-year><xocs:ref-first-fp>7436</xocs:ref-first-fp><xocs:ref-normalized-initial>W</xocs:ref-normalized-initial></xocs:ref-info><xocs:ref-info refid="b0065"><xocs:ref-normalized-surname>LI</xocs:ref-normalized-surname><xocs:ref-pub-year>2009</xocs:ref-pub-year><xocs:ref-first-fp>2819</xocs:ref-first-fp><xocs:ref-normalized-initial>W</xocs:ref-normalized-initial></xocs:ref-info><xocs:ref-info refid="b0070"><xocs:ref-normalized-surname>LI</xocs:ref-normalized-surname><xocs:ref-pub-year>2011</xocs:ref-pub-year><xocs:ref-first-fp>2636</xocs:ref-first-fp><xocs:ref-normalized-initial>W</xocs:ref-normalized-initial></xocs:ref-info><xocs:ref-info refid="b0075"><xocs:ref-normalized-surname>LI</xocs:ref-normalized-surname><xocs:ref-pub-year>2012</xocs:ref-pub-year><xocs:ref-first-fp>105301</xocs:ref-first-fp><xocs:ref-normalized-initial>W</xocs:ref-normalized-initial></xocs:ref-info><xocs:ref-info refid="b0080"><xocs:ref-normalized-surname>ROGACHEV</xocs:ref-normalized-surname><xocs:ref-pub-year>2003</xocs:ref-pub-year><xocs:ref-first-fp>512</xocs:ref-first-fp><xocs:ref-normalized-initial>A</xocs:ref-normalized-initial></xocs:ref-info><xocs:ref-info refid="b0085"><xocs:ref-normalized-surname>LAU</xocs:ref-normalized-surname><xocs:ref-pub-year>2001</xocs:ref-pub-year><xocs:ref-first-fp>217003</xocs:ref-first-fp><xocs:ref-normalized-initial>N</xocs:ref-normalized-initial></xocs:ref-info></xocs:references><xocs:refkeys><xocs:refkey3>LIX2012X301</xocs:refkey3><xocs:refkey4lp>LIX2012X301X304</xocs:refkey4lp><xocs:refkey4ai>LIX2012X301XW</xocs:refkey4ai><xocs:refkey5>LIX2012X301X304XW</xocs:refkey5></xocs:refkeys><xocs:open-access><xocs:oa-article-status is-open-access="1" is-open-archive="0">Full</xocs:oa-article-status><xocs:oa-access-effective-date>2013-07-16T20:15:34Z</xocs:oa-access-effective-date><xocs:oa-sponsor><xocs:oa-sponsor-type>Other</xocs:oa-sponsor-type></xocs:oa-sponsor><xocs:oa-user-license>http://creativecommons.org/licenses/by/3.0/</xocs:oa-user-license></xocs:open-access><xocs:attachment-metadata-doc><xocs:attachment-set-type>item</xocs:attachment-set-type><xocs:pii-formatted>S0167-9317(12)00390-5</xocs:pii-formatted><xocs:pii-unformatted>S0167931712003905</xocs:pii-unformatted><xocs:eid>1-s2.0-S0167931712003905</xocs:eid><xocs:doi>10.1016/j.mee.2012.07.108</xocs:doi><xocs:cid>271975</xocs:cid><xocs:timestamp>2014-10-15T00:40:02.964824-04:00</xocs:timestamp><xocs:cover-date-start>2012-10-01</xocs:cover-date-start><xocs:cover-date-end>2012-10-31</xocs:cover-date-end><xocs:sponsored-access-type>UNLIMITED</xocs:sponsored-access-type><xocs:funding-body-id>NONE</xocs:funding-body-id><xocs:attachments><xocs:web-pdf><xocs:attachment-eid>1-s2.0-S0167931712003905-main.pdf</xocs:attachment-eid><xocs:ucs-locator>https://s3.amazonaws.com/prod-ucs-content-store-us-east/content/pii:S0167931712003905/MAIN/application/pdf/7f35985cb78fd98005b64f379158e5e9/main.pdf</xocs:ucs-locator><xocs:ucs-locator>https://s3-eu-west-1.amazonaws.com/prod-ucs-content-store-eu-west/content/pii:S0167931712003905/MAIN/application/pdf/7f35985cb78fd98005b64f379158e5e9/main.pdf</xocs:ucs-locator><xocs:filename>main.pdf</xocs:filename><xocs:extension>pdf</xocs:extension><xocs:pdf-optimized>true</xocs:pdf-optimized><xocs:filesize>364303</xocs:filesize><xocs:web-pdf-purpose>MAIN</xocs:web-pdf-purpose><xocs:web-pdf-page-count>4</xocs:web-pdf-page-count><xocs:web-pdf-images><xocs:web-pdf-image><xocs:attachment-eid>1-s2.0-S0167931712003905-main_1.png</xocs:attachment-eid><xocs:ucs-locator>https://s3-eu-west-1.amazonaws.com/prod-ucs-content-store-eu-west/content/pii:S0167931712003905/PREVIEW/image/png/acfc8c2b57480d30b0eb9f0439243e90/main_1.png</xocs:ucs-locator><xocs:ucs-locator>https://s3.amazonaws.com/prod-ucs-content-store-us-east/content/pii:S0167931712003905/PREVIEW/image/png/acfc8c2b57480d30b0eb9f0439243e90/main_1.png</xocs:ucs-locator><xocs:filename>main_1.png</xocs:filename><xocs:extension>png</xocs:extension><xocs:filesize>59864</xocs:filesize><xocs:pixel-height>849</xocs:pixel-height><xocs:pixel-width>656</xocs:pixel-width><xocs:attachment-type>IMAGE-WEB-PDF</xocs:attachment-type><xocs:pdf-page-num>1</xocs:pdf-page-num></xocs:web-pdf-image></xocs:web-pdf-images></xocs:web-pdf><xocs:attachment><xocs:attachment-eid>1-s2.0-S0167931712003905-gr4.jpg</xocs:attachment-eid><xocs:ucs-locator>https://s3.amazonaws.com/prod-ucs-content-store-us-east/content/pii:S0167931712003905/gr4/DOWNSAMPLED/image/jpeg/0f6e9af9d2a77c8ebd71e47584046206/gr4.jpg</xocs:ucs-locator><xocs:ucs-locator>https://s3-eu-west-1.amazonaws.com/prod-ucs-content-store-eu-west/content/pii:S0167931712003905/gr4/DOWNSAMPLED/image/jpeg/0f6e9af9d2a77c8ebd71e47584046206/gr4.jpg</xocs:ucs-locator><xocs:file-basename>gr4</xocs:file-basename><xocs:filename>gr4.jpg</xocs:filename><xocs:extension>jpg</xocs:extension><xocs:filesize>12817</xocs:filesize><xocs:pixel-height>153</xocs:pixel-height><xocs:pixel-width>299</xocs:pixel-width><xocs:attachment-type>IMAGE-DOWNSAMPLED</xocs:attachment-type></xocs:attachment><xocs:attachment><xocs:attachment-eid>1-s2.0-S0167931712003905-gr3.jpg</xocs:attachment-eid><xocs:ucs-locator>https://s3.amazonaws.com/prod-ucs-content-store-us-east/content/pii:S0167931712003905/gr3/DOWNSAMPLED/image/jpeg/bd74195bab84f693bc088b213f065d0a/gr3.jpg</xocs:ucs-locator><xocs:ucs-locator>https://s3-eu-west-1.amazonaws.com/prod-ucs-content-store-eu-west/content/pii:S0167931712003905/gr3/DOWNSAMPLED/image/jpeg/bd74195bab84f693bc088b213f065d0a/gr3.jpg</xocs:ucs-locator><xocs:file-basename>gr3</xocs:file-basename><xocs:filename>gr3.jpg</xocs:filename><xocs:extension>jpg</xocs:extension><xocs:filesize>23276</xocs:filesize><xocs:pixel-height>236</xocs:pixel-height><xocs:pixel-width>311</xocs:pixel-width><xocs:attachment-type>IMAGE-DOWNSAMPLED</xocs:attachment-type></xocs:attachment><xocs:attachment><xocs:attachment-eid>1-s2.0-S0167931712003905-gr2.jpg</xocs:attachment-eid><xocs:ucs-locator>https://s3.amazonaws.com/prod-ucs-content-store-us-east/content/pii:S0167931712003905/gr2/DOWNSAMPLED/image/jpeg/99173b977663636975c460c9aa42df67/gr2.jpg</xocs:ucs-locator><xocs:ucs-locator>https://s3-eu-west-1.amazonaws.com/prod-ucs-content-store-eu-west/content/pii:S0167931712003905/gr2/DOWNSAMPLED/image/jpeg/99173b977663636975c460c9aa42df67/gr2.jpg</xocs:ucs-locator><xocs:file-basename>gr2</xocs:file-basename><xocs:filename>gr2.jpg</xocs:filename><xocs:extension>jpg</xocs:extension><xocs:filesize>18050</xocs:filesize><xocs:pixel-height>147</xocs:pixel-height><xocs:pixel-width>326</xocs:pixel-width><xocs:attachment-type>IMAGE-DOWNSAMPLED</xocs:attachment-type></xocs:attachment><xocs:attachment><xocs:attachment-eid>1-s2.0-S0167931712003905-gr1.jpg</xocs:attachment-eid><xocs:ucs-locator>https://s3.amazonaws.com/prod-ucs-content-store-us-east/content/pii:S0167931712003905/gr1/DOWNSAMPLED/image/jpeg/8d56c2740ff681748ed5e359a510002a/gr1.jpg</xocs:ucs-locator><xocs:ucs-locator>https://s3-eu-west-1.amazonaws.com/prod-ucs-content-store-eu-west/content/pii:S0167931712003905/gr1/DOWNSAMPLED/image/jpeg/8d56c2740ff681748ed5e359a510002a/gr1.jpg</xocs:ucs-locator><xocs:file-basename>gr1</xocs:file-basename><xocs:filename>gr1.jpg</xocs:filename><xocs:extension>jpg</xocs:extension><xocs:filesize>24427</xocs:filesize><xocs:pixel-height>320</xocs:pixel-height><xocs:pixel-width>311</xocs:pixel-width><xocs:attachment-type>IMAGE-DOWNSAMPLED</xocs:attachment-type></xocs:attachment><xocs:attachment><xocs:attachment-eid>1-s2.0-S0167931712003905-fx1.jpg</xocs:attachment-eid><xocs:ucs-locator>https://s3.amazonaws.com/prod-ucs-content-store-us-east/content/pii:S0167931712003905/fx1/DOWNSAMPLED/image/jpeg/637899fbecb90b13352db4f2cdc5512f/fx1.jpg</xocs:ucs-locator><xocs:ucs-locator>https://s3-eu-west-1.amazonaws.com/prod-ucs-content-store-eu-west/content/pii:S0167931712003905/fx1/DOWNSAMPLED/image/jpeg/637899fbecb90b13352db4f2cdc5512f/fx1.jpg</xocs:ucs-locator><xocs:file-basename>fx1</xocs:file-basename><xocs:abstract-attachment>true</xocs:abstract-attachment><xocs:filename>fx1.jpg</xocs:filename><xocs:extension>jpg</xocs:extension><xocs:filesize>20851</xocs:filesize><xocs:pixel-height>200</xocs:pixel-height><xocs:pixel-width>315</xocs:pixel-width><xocs:attachment-type>IMAGE-DOWNSAMPLED</xocs:attachment-type></xocs:attachment><xocs:attachment><xocs:attachment-eid>1-s2.0-S0167931712003905-gr4.sml</xocs:attachment-eid><xocs:ucs-locator>https://s3.amazonaws.com/prod-ucs-content-store-us-east/content/pii:S0167931712003905/gr4/THUMBNAIL/image/gif/9b9b653f7d705196a54612c9b6187bea/gr4.sml</xocs:ucs-locator><xocs:ucs-locator>https://s3-eu-west-1.amazonaws.com/prod-ucs-content-store-eu-west/content/pii:S0167931712003905/gr4/THUMBNAIL/image/gif/9b9b653f7d705196a54612c9b6187bea/gr4.sml</xocs:ucs-locator><xocs:file-basename>gr4</xocs:file-basename><xocs:filename>gr4.sml</xocs:filename><xocs:extension>sml</xocs:extension><xocs:filesize>3514</xocs:filesize><xocs:pixel-height>112</xocs:pixel-height><xocs:pixel-width>219</xocs:pixel-width><xocs:attachment-type>IMAGE-THUMBNAIL</xocs:attachment-type></xocs:attachment><xocs:attachment><xocs:attachment-eid>1-s2.0-S0167931712003905-gr3.sml</xocs:attachment-eid><xocs:ucs-locator>https://s3.amazonaws.com/prod-ucs-content-store-us-east/content/pii:S0167931712003905/gr3/THUMBNAIL/image/gif/cf9a3d168dffb9745d6de2d95b6ba088/gr3.sml</xocs:ucs-locator><xocs:ucs-locator>https://s3-eu-west-1.amazonaws.com/prod-ucs-content-store-eu-west/content/pii:S0167931712003905/gr3/THUMBNAIL/image/gif/cf9a3d168dffb9745d6de2d95b6ba088/gr3.sml</xocs:ucs-locator><xocs:file-basename>gr3</xocs:file-basename><xocs:filename>gr3.sml</xocs:filename><xocs:extension>sml</xocs:extension><xocs:filesize>8461</xocs:filesize><xocs:pixel-height>164</xocs:pixel-height><xocs:pixel-width>216</xocs:pixel-width><xocs:attachment-type>IMAGE-THUMBNAIL</xocs:attachment-type></xocs:attachment><xocs:attachment><xocs:attachment-eid>1-s2.0-S0167931712003905-gr2.sml</xocs:attachment-eid><xocs:ucs-locator>https://s3.amazonaws.com/prod-ucs-content-store-us-east/content/pii:S0167931712003905/gr2/THUMBNAIL/image/gif/2164b03fb3d0d9826e09c436f3031ecb/gr2.sml</xocs:ucs-locator><xocs:ucs-locator>https://s3-eu-west-1.amazonaws.com/prod-ucs-content-store-eu-west/content/pii:S0167931712003905/gr2/THUMBNAIL/image/gif/2164b03fb3d0d9826e09c436f3031ecb/gr2.sml</xocs:ucs-locator><xocs:file-basename>gr2</xocs:file-basename><xocs:filename>gr2.sml</xocs:filename><xocs:extension>sml</xocs:extension><xocs:filesize>6877</xocs:filesize><xocs:pixel-height>99</xocs:pixel-height><xocs:pixel-width>219</xocs:pixel-width><xocs:attachment-type>IMAGE-THUMBNAIL</xocs:attachment-type></xocs:attachment><xocs:attachment><xocs:attachment-eid>1-s2.0-S0167931712003905-gr1.sml</xocs:attachment-eid><xocs:ucs-locator>https://s3.amazonaws.com/prod-ucs-content-store-us-east/content/pii:S0167931712003905/gr1/THUMBNAIL/image/gif/6c2ae5711863791a145e607fa7f4bd2c/gr1.sml</xocs:ucs-locator><xocs:ucs-locator>https://s3-eu-west-1.amazonaws.com/prod-ucs-content-store-eu-west/content/pii:S0167931712003905/gr1/THUMBNAIL/image/gif/6c2ae5711863791a145e607fa7f4bd2c/gr1.sml</xocs:ucs-locator><xocs:file-basename>gr1</xocs:file-basename><xocs:filename>gr1.sml</xocs:filename><xocs:extension>sml</xocs:extension><xocs:filesize>9749</xocs:filesize><xocs:pixel-height>163</xocs:pixel-height><xocs:pixel-width>159</xocs:pixel-width><xocs:attachment-type>IMAGE-THUMBNAIL</xocs:attachment-type></xocs:attachment><xocs:attachment><xocs:attachment-eid>1-s2.0-S0167931712003905-fx1.sml</xocs:attachment-eid><xocs:ucs-locator>https://s3.amazonaws.com/prod-ucs-content-store-us-east/content/pii:S0167931712003905/fx1/THUMBNAIL/image/gif/91d9308f085a9099bcce39860edeee77/fx1.sml</xocs:ucs-locator><xocs:ucs-locator>https://s3-eu-west-1.amazonaws.com/prod-ucs-content-store-eu-west/content/pii:S0167931712003905/fx1/THUMBNAIL/image/gif/91d9308f085a9099bcce39860edeee77/fx1.sml</xocs:ucs-locator><xocs:file-basename>fx1</xocs:file-basename><xocs:abstract-attachment>true</xocs:abstract-attachment><xocs:filename>fx1.sml</xocs:filename><xocs:extension>sml</xocs:extension><xocs:filesize>10901</xocs:filesize><xocs:pixel-height>139</xocs:pixel-height><xocs:pixel-width>219</xocs:pixel-width><xocs:attachment-type>IMAGE-THUMBNAIL</xocs:attachment-type></xocs:attachment></xocs:attachments></xocs:attachment-metadata-doc></xocs:meta><xocs:serial-item><article xmlns="http://www.elsevier.com/xml/ja/dtd" docsubtype="fla" xml:lang="en" version="5.1"><item-info><jid>MEE</jid><aid>8592</aid><ce:pii>S0167-9317(12)00390-5</ce:pii><ce:doi>10.1016/j.mee.2012.07.108</ce:doi><ce:copyright type="full-transfer" year="2012">Elsevier B.V.</ce:copyright></item-info><ce:floats><ce:figure id="f0005"><ce:label>Fig. 1</ce:label><ce:caption><ce:simple-para id="sp0020" view="all">(a) SEM side view image of a freestanding tungsten nanowire grown by FIB-induced deposition and (b) SEM top view image of a tapered tungsten nanowire thinned by FIB after being felled by FIB at the base. The nanowire growth, felling and thinning were conducted with a 1<ce:hsp sp="0.25"/>pA ion beam.</ce:simple-para></ce:caption><ce:link locator="gr1"/></ce:figure><ce:figure id="f0010"><ce:label>Fig. 2</ce:label><ce:caption><ce:simple-para id="sp0025" view="all">(a) Transmission electron microscope (TEM) image of a tungsten nanowire with width reduced to 50<ce:hsp sp="0.25"/>nm and (b) high resolution TEM image of the wire at its edge.</ce:simple-para></ce:caption><ce:link locator="gr2"/></ce:figure><ce:figure id="f0015"><ce:label>Fig. 3</ce:label><ce:caption><ce:simple-para id="sp0030" view="all">I–V characteristics of the as-deposited wire with width of 80<ce:hsp sp="0.25"/>nm (black curve) and a thinned nanowire with width of 50<ce:hsp sp="0.25"/>nm (red curve) measured at 4.26<ce:hsp sp="0.25"/>K. In the inset is the SEM image of a four terminal configuration formed on a tungsten nanowire with width reduced to 25<ce:hsp sp="0.25"/>nm. (For interpretation of the references to colour in this figure legend, the reader is referred to the web version of this article.)</ce:simple-para></ce:caption><ce:link locator="gr3"/></ce:figure><ce:figure id="f0020"><ce:label>Fig. 4</ce:label><ce:caption><ce:simple-para id="sp0035" view="all">(a) SEM image of the as-grown vertical tungsten nanowires (330<ce:hsp sp="0.25"/>nm in width) and (b) nanowires bent to form air-bridge structure with width halved by the irradiation using a 200<ce:hsp sp="0.25"/>pA ion beam during the bending process.</ce:simple-para></ce:caption><ce:link locator="gr4"/></ce:figure></ce:floats><head><ce:title>Atomic resolution top-down nanofabrication with low-current focused-ion-beam thinning</ce:title><ce:author-group><ce:author><ce:given-name>Wuxia</ce:given-name><ce:surname>Li</ce:surname><ce:cross-ref refid="aff1"><ce:sup loc="post">a</ce:sup></ce:cross-ref><ce:cross-ref refid="aff2"><ce:sup loc="post">b</ce:sup></ce:cross-ref><ce:cross-ref refid="cor1"><ce:sup loc="post">⁎</ce:sup></ce:cross-ref><ce:e-address type="email">liwuxia@aphy.iphy.ac.cn</ce:e-address></ce:author><ce:author><ce:given-name>Ajuan</ce:given-name><ce:surname>Cui</ce:surname><ce:cross-ref refid="aff1"><ce:sup loc="post">a</ce:sup></ce:cross-ref></ce:author><ce:author><ce:given-name>Changzhi</ce:given-name><ce:surname>Gu</ce:surname><ce:cross-ref refid="aff1"><ce:sup loc="post">a</ce:sup></ce:cross-ref></ce:author><ce:author><ce:given-name>P.A.</ce:given-name><ce:surname>Warburton</ce:surname><ce:cross-ref refid="aff2"><ce:sup loc="post">b</ce:sup></ce:cross-ref></ce:author><ce:affiliation id="aff1"><ce:label>a</ce:label><ce:textfn>Beijing National Lab of Condensed Matter Physics, Institute of Physics, Chinese Academy of Sciences, Beijing 100190, China</ce:textfn></ce:affiliation><ce:affiliation id="aff2"><ce:label>b</ce:label><ce:textfn>London Centre for Nanotechnology, University College London, 17-19 Gordon Street, London WC1H 0AH, United Kingdom</ce:textfn></ce:affiliation><ce:correspondence id="cor1"><ce:label>⁎</ce:label><ce:text>Corresponding author at: Beijing National Lab of Condensed Matter Physics, Institute of Physics, Chinese Academy of Sciences, Beijing 100190, China. Tel.: +86 10 82649098; fax: +86 10 82648198.</ce:text></ce:correspondence></ce:author-group><ce:abstract class="graphical" xml:lang="en"><ce:abstract-sec><ce:section-title>Graphical abstract</ce:section-title><ce:simple-para id="sp0005" view="all"><ce:display><ce:figure id="f0025"><ce:link locator="fx1"/></ce:figure></ce:display></ce:simple-para></ce:abstract-sec><ce:abstract-sec><ce:section-title>Highlights</ce:section-title><ce:simple-para id="sp0010" view="all">► Developed a technique of size reduction to sub-ten nanometers by FIB milling. ► FIB milling is a top-down and site-specific approach with atomic resolution. ► No remarkable morphology and microstructure changes of W composite nanowires were observed after thinning. ► FIB thinning is an effective method towards size and quantum effects observation.</ce:simple-para></ce:abstract-sec></ce:abstract><ce:abstract class="author" xml:lang="en"><ce:section-title>Abstract</ce:section-title><ce:abstract-sec><ce:simple-para id="sp0045" view="all">Techniques for scalable fabrication of one-dimensional or quasi-one-dimensional nanowires are of great importance to observe quantum size effects and build quantum information devices. In this work, we developed a technique for size reduction of both lateral and freestanding tungsten composite nanostructures using focused-ion-beam (FIB) thinning. Different exposure times and ion-beam currents were used to control the final size and the thinning rate and accuracy of a group of nanowires, an individual nanowire and a portion of a nanowire by low-current site-specific milling. A transmission electron microscope image of a thinned superconducting tungsten composite nanowire with width reduced from 80<ce:hsp sp="0.25"/>nm to 50<ce:hsp sp="0.25"/>nm shows uniform shrinking along the length of the wire and high resolution image shows no obvious changes of the morphology after thinning. The variation of the superconducting critical current density upon thinning is insignificant; it is 1.7<ce:hsp sp="0.25"/>×<ce:hsp sp="0.25"/>10<ce:sup loc="post">5</ce:sup> and 1.4<ce:hsp sp="0.25"/>×<ce:hsp sp="0.25"/>10<ce:sup loc="post">5</ce:sup><ce:hsp sp="0.25"/>A/cm<ce:sup loc="post">2</ce:sup> at 4.26<ce:hsp sp="0.25"/>K for the as-deposited and wire with width reduced to 50<ce:hsp sp="0.25"/>nm, respectively. These results suggest that FIB-milling is a potential approach for controllable size reduction enabling the observation of size- and quantum effects.</ce:simple-para></ce:abstract-sec></ce:abstract><ce:keywords class="keyword"><ce:section-title>Keywords</ce:section-title><ce:keyword><ce:text>Size reduction</ce:text></ce:keyword><ce:keyword><ce:text>Atomic resolution</ce:text></ce:keyword><ce:keyword><ce:text>Focused-ion-beam</ce:text></ce:keyword><ce:keyword><ce:text>Thinning</ce:text></ce:keyword><ce:keyword><ce:text>Superconductivity</ce:text></ce:keyword></ce:keywords></head><body view="all"><ce:sections><ce:section id="s0005" view="all"><ce:label>1</ce:label><ce:section-title>Introduction</ce:section-title><ce:para id="p0005" view="all">It has been demonstrated that when the diameter of a superconducting nanowire is reduced smaller than the Ginsburg–Landau phase coherence length and the magnetic penetration depth, below or near the superconducting transition temperature, the resistance of a 1D wire is no longer zero <ce:cross-ref refid="b0005">[1]</ce:cross-ref>. In principle, a wire can fall into one of the following three different categories: (i) truly superconducting, that is approaching zero resistance in the limit of zero temperature; (ii) resistive or normal with non-zero resistance even at zero temperature; and (iii) insulating, with resistance infinitely large when the temperature approaches zero. Intuitively, it is reasonable to expect thin wires to lose their superconducting qualities as the diameter is gradually reduced. Meanwhile, freestanding nanostructures are the fundamental building blocks of three-dimensional (3D) nanodevices with multi-functionality beyond that achievable by planar devices. For instance, a 3D superconducting quantum interference device (SQUID), formed by integrating a conventional SQUID with free-space multiple pick-up loops, potentially could overcome the present planar SQUID limitation of only being able to detect the field perpendicular to the substrate; however, to realize single spin detection resolution, the size of the 3D superconducting pick-up loop must be sub-micron, necessitating nanoscale superconducting wires <ce:cross-ref refid="b0010">[2]</ce:cross-ref>.</ce:para><ce:para id="p0010" view="all">Various fabrication technologies for nanometer scale features have been developed <ce:cross-refs refid="b0015 b0020 b0025 b0030 b0035 b0040 b0045 b0050">[3–10]</ce:cross-refs>. Among them, a combination of e-beam lithography, metal evaporation and lift-off process has been widely used to top down fabricate under 20<ce:hsp sp="0.25"/>nm metal track (wires) in large scale <ce:cross-ref refid="b0035">[7]</ce:cross-ref>. However, nanowires based on materials that cannot be grown by deposition and lift-off techniques are unachievable by this method. For example, for the iron-based superconductor, Cs<ce:inf loc="post">0.8</ce:inf>(FeSe<ce:inf loc="post">0.98</ce:inf>)<ce:inf loc="post">2</ce:inf> (grown at temperatures over 1000<ce:hsp sp="0.25"/>°C, in the shape of well-formed black crystal rods a few mm in diameter <ce:cross-ref refid="b0055">[11]</ce:cross-ref>), an alternative direct and site-specific milling approach is required in order to study its superconductivity and the related size effect. FIB milling is a technique that can meet this requirement. It has attracted remarkable interest in recent years <ce:cross-refs refid="b0040 b0045 b0050">[8–10]</ce:cross-refs>. By FIB-milling, regular wide tracks or irregular micro- and nano-features can be thinned <ce:cross-ref refid="b0050">[10]</ce:cross-ref>. The advantages of FIB-milling include that it is a maskless and resistless process, applicable to most materials in any form (i.e<ce:italic>.</ce:italic> films, tracks, wires, particles and flakes).</ce:para><ce:para id="p0015" view="all">In addition it has been reported that vertical tungsten nanowires grown by FIB-induced deposition are superconducting with much enhanced superconductivity <ce:cross-refs refid="b0060 b0065 b0070">[12–14]</ce:cross-refs>, and could be used to form 3D nano-SQUIDs that potentially are able to detect the magnetic field both parallel and perpendicular to the substrate surface <ce:cross-ref refid="b0010">[2]</ce:cross-ref>. However, the size of the as-deposited 3D structures must be reduced if single-spin resolution and sensitivity are to be achieved. Thus is it of great importance to explore a reliable technique for fabricating nanometer-scale freestanding superconducting nanostructures, for better understanding of superconductivity at nanometer scale as well as towards the realization of high-performance 3D superconducting nanodevices.</ce:para><ce:para id="p0020" view="all">In this work, we demonstrate that by FIB milling, the size of a nanowire can be effectively reduced. In detail, freestanding tungsten nanowires were grown on SiO<ce:inf loc="post">2</ce:inf>/Si by FIB-CVD using a 1<ce:hsp sp="0.25"/>pA ion-beam current; then nanowires were felled by FIB milling followed by low current FIB thinning to reduce the size locally. Different exposure times and ion-beam currents were used to control the final size and the thinning rate and accuracy. Microscopy analysis indicates no significant changes of the morphology and microstructure. Temperature dependent electrical measurements shows that the superconducting critical current density at 4.26<ce:hsp sp="0.25"/>K for the as-deposited nanowire is about 1.7<ce:hsp sp="0.25"/>×<ce:hsp sp="0.25"/>10<ce:sup loc="post">5</ce:sup><ce:hsp sp="0.25"/>A/cm<ce:sup loc="post">2</ce:sup> and that of the wire with width reduced to 50<ce:hsp sp="0.25"/>nm is 1.4<ce:hsp sp="0.25"/>×<ce:hsp sp="0.25"/>10<ce:sup loc="post">5</ce:sup><ce:hsp sp="0.25"/>A/cm<ce:sup loc="post">2</ce:sup>. Additionally a 200<ce:hsp sp="0.25"/>pA ion beam current was used to irradiate vertically grown nanowires by reduced-raster scanning to form electrical contacts as well as to reduce the size of the freestanding wires simultaneously. Our results suggest that FIB-thinning is a potential approach for controllable size reduction with high resolution towards the observation of size- and quantum effects.</ce:para></ce:section><ce:section id="s0010" view="all"><ce:label>2</ce:label><ce:section-title>Experimental details</ce:section-title><ce:para id="p0025" view="all">The tungsten nanowires were grown using FIB-CVD. A commercially available FIB system utilizing a beam of 30<ce:hsp sp="0.25"/>keV singly-charged Ga<ce:sup loc="post">+</ce:sup> ions was used for all the experiments conducted in this study. Gaseous tungsten hexacarbonyl (W(CO)<ce:inf loc="post">6</ce:inf>) was injected in the vicinity of the focused beam scanned area through a nozzle. The vertically grown nanowires were then felled by lateral FIB milling through the base of the nanowires. Then the size of the nanowire was thinned by raster or/and reduced raster scanning with various ion beam exposure durations, to reduce the size of the whole wire evenly or a portion of it. The width, thickness and height of nanowires were measured by <ce:italic>in situ</ce:italic> SEM and by atomic force microscope (AFM). After thinning, nanowires were transferred onto holey carbon TEM grids by an <ce:italic>in situ</ce:italic> nano-manipulator. The chemical composition was obtained by energy dispersive X-ray spectroscopy (EDS) and electron-energy loss spectroscopy attached to the TEM.</ce:para><ce:para id="p0030" view="all">To form a four-terminal device configuration for electrical properties measurement, a larger ion beam current of 10<ce:hsp sp="0.25"/>pA was then used to deposit strips to connect the thinned wire to large Au contact pads, which had been previously formed on a 200-nm-thick SiO<ce:inf loc="post">2</ce:inf> layer on a Si substrate by conventional photolithography-based processes. Current-biased transport measurements were performed with a Quantum Design Physics Properties Measurement System (PPMS).</ce:para><ce:para id="p0035" view="all">In order to develop a technology for thinning of freestanding nanowires, we systematically investigated the optimized condition for FIB-milling size reduction as well as the general bending effect, including the influence of the ion beam current and the ion incident-angle during thinning, which has been reported elsewhere <ce:cross-ref refid="b0075">[15]</ce:cross-ref>. To thin a pair of vertical nanowires as well as to obtain a solid contact between them, a reduced-raster scan was performed so that the beam scanned in an area that covered the wire to be bent and a portion of the other wire with an ion beam current in the range 150–300<ce:hsp sp="0.25"/>pA. The stage rotation and tilting angles were also optimized based on the values of the interspacing and heights of wires to be bent.</ce:para></ce:section><ce:section id="s0015" view="all"><ce:label>3</ce:label><ce:section-title>Results and discussion</ce:section-title><ce:para id="p0040" view="all"><ce:cross-ref refid="f0005">Fig. 1</ce:cross-ref><ce:float-anchor refid="f0005"/>(a) shows a typical SEM side view image of a vertical tungsten nanowire deposited using a 1<ce:hsp sp="0.25"/>pA ion beam current; the diameter of the wire is about 80<ce:hsp sp="0.25"/>nm. <ce:cross-ref refid="f0005">Fig. 1</ce:cross-ref>(b) is the plan-view image of the wire being thinned using reduced raster scanning with a 1<ce:hsp sp="0.25"/>pA ion beam. The segment indicated by number 3 is the as-deposited portion. The tapered shape was formed by ion-beam irradiation in an area sufficient to cover segments 1 and 2 together for 4<ce:hsp sp="0.25"/>min, followed by another 2<ce:hsp sp="0.25"/>min on segment 1 alone. The horizontal field width was 16.2<ce:hsp sp="0.25"/>μm. Using a reduced raster scan, the total scanning area was set to be 4<ce:hsp sp="0.25"/>μm in width. It can be seen that the width of the wire was reduced from 80<ce:hsp sp="0.25"/>nm to 50 and then to 20<ce:hsp sp="0.25"/>nm. A milling rate of approximately 0.60<ce:hsp sp="0.25"/>μm<ce:sup loc="post">3</ce:sup>/nC can be derived accordingly. For accurate control of the size reduction, it is necessary to use a low ion-beam current and low magnification. An increased size reduction rate can be obtained with larger ion-beam currents and magnifications, though this sacrifices controllability. A high milling rate may also damage the supporting substrate. To obtain a nanowire with evenly-reduced size along the length direction, raster scanning with a field of view that barely covers the nanowire was used to avoid unnecessarily harsh thinning.</ce:para><ce:para id="p0045" view="all"><ce:cross-ref refid="f0010">Fig. 2</ce:cross-ref><ce:float-anchor refid="f0010"/> shows the transmission electron microscope image of a thinned tungsten nanowire promptly inserted into a TEM facility for structural properties examination. The bright field image in <ce:cross-ref refid="f0010">Fig. 2</ce:cross-ref>(a) shows that the width was reduced to about 50<ce:hsp sp="0.25"/>nm. An image at a higher magnification is shown in <ce:cross-ref refid="f0010">Fig. 2</ce:cross-ref>(b), confirming that the thinned nanowires do not display any long-range crystalline order – rather there are nanocrystallites with grain size on the order of 1<ce:hsp sp="0.25"/>nm, a result similar to those observed for the as-deposited nanowire <ce:cross-ref refid="b0060">[12]</ce:cross-ref>. This further indicates that low-current ion-beam milling did not bring observable change to the microstructure of the tungsten nanowires. However, the outer amorphous layer is slightly thinner compared to the as-deposited nanowire (not shown here), confirming the removal of the outer amorphous layer during thinning. The Electron-energy loss and energy dispersive X-ray spectroscopy show that the composition of the thinned nanowire is 49 at.% tungsten, 29 at.% carbon, 16 at.% gallium and 6 at.% oxygen. This composition is similar to that reported previously <ce:cross-ref refid="b0065">[13]</ce:cross-ref>, indicating that FIB thinning of the as-deposited objects leads to no obvious changes in their chemical composition.</ce:para><ce:para id="p0050" view="all">Temperature-dependent resistance and I–V transport measurements were conducted on the as-deposited nanowire and that with width thinned to 50<ce:hsp sp="0.25"/>nm. <ce:cross-ref refid="f0015">Fig. 3</ce:cross-ref><ce:float-anchor refid="f0015"/> shows the I–V curves. In the inset of <ce:cross-ref refid="f0015">Fig. 3</ce:cross-ref> is a typical four-terminal configuration formed on a thinned tungsten nanowire. Both the as-deposited and thinned nanowires show superconducting transitions above 5.0<ce:hsp sp="0.25"/>K; here <ce:italic>T<ce:inf loc="post">c</ce:inf></ce:italic> is defined as the temperature at which the resistivity falls to 50% of its value at the onset of the transition. The transition width of the 50<ce:hsp sp="0.25"/>nm wide nanowire is slightly wider than that of the as-deposited one (80<ce:hsp sp="0.25"/>nm). This observation is consistent with the previous report <ce:cross-ref refid="b0070">[14]</ce:cross-ref> that for FIB-grown tungsten wires the width of the transition increases for wires of diameter below 60<ce:hsp sp="0.25"/>nm.From the I–V curves, it can be derived that the critical current density upon thinning is insignificant, being 1.7<ce:hsp sp="0.25"/>×<ce:hsp sp="0.25"/>10<ce:sup loc="post">5</ce:sup> and 1.4<ce:hsp sp="0.25"/>×<ce:hsp sp="0.25"/>10<ce:sup loc="post">5</ce:sup><ce:hsp sp="0.25"/>A/cm<ce:sup loc="post">2</ce:sup> at 4.26<ce:hsp sp="0.25"/>K for the as-deposited and wire with width reduced to 50<ce:hsp sp="0.25"/>nm, respectively. In our previous study, it has been found that for as-deposited lateral nanowires with width 19<ce:hsp sp="0.25"/>nm, a residual resistive tail extending down to the low-temperature region exists, possibly as a consequence of a thermally activated phase slip (TAPS) process near <ce:italic>T<ce:inf loc="post">c</ce:inf></ce:italic> <ce:cross-refs refid="b0080 b0085">[16,17]</ce:cross-refs>. However, the coherence length of FIB deposited tungsten is about 6<ce:hsp sp="0.25"/>nm. Using most of the currently available commercial FIB systems, it is still a technical challenge to deposit freestanding nanowires with diameter less than 80<ce:hsp sp="0.25"/>nm, and to deposit lateral continuous thin nanowires with width and/or thickness less than 10<ce:hsp sp="0.25"/>nm. So the approach of using low-current FIB thinning to reduce the size of the as-deposited nanofeature to the physical critical values might find potential application in the research fields of quantum science as well as nanoscience and nanotechnology.</ce:para><ce:para id="p0055" view="all">To demonstrate the applicability of this technique to the thinning of freestanding nanowires, two vertically grown tungsten nanowires with heights of 7.8 and 5.5<ce:hsp sp="0.25"/>μm, spaced by 5.5<ce:hsp sp="0.25"/>μm were used. <ce:cross-ref refid="f0020">Fig. 4</ce:cross-ref><ce:float-anchor refid="f0020"/> shows the joint contact formed between these two wires with the width having been halved by using a 200<ce:hsp sp="0.25"/>pA ion-beam current. To achieve such structures, the stage was rotated by 80° so that the two wires were slightly misaligned, then reduced raster scanning was performed to irradiate the whole of the longer wire and a small section of the shorter wire as shown in <ce:cross-ref refid="f0020">Fig. 4</ce:cross-ref>. Here the stage was tilted by 45°, so that the longer wire bent towards the incident ion beam and finally made contact with the shorter one. Both wires were thinned by the ion beam scanning process. This confirms that FIB milling can be used for controllable size reduction as well as to manipulate the orientation of freestanding nanowires at the same time. We expect to conduct further experiment to integrate such structure with a planar SQUID for super-performance 3D nano-SQUID fabrication in the near future.</ce:para></ce:section><ce:section id="s0020" view="all"><ce:label>4</ce:label><ce:section-title>Conclusion</ce:section-title><ce:para id="p0060" view="all">In summary, we have developed a technique for site-specific nanowire size reduction by FIB thinning. Transmission electron microscope images of a thinned tungsten composite nanowire with width reduced from 80 to 20<ce:hsp sp="0.25"/>nm show uniform shrinking along the length of the wire and high resolution images show no obvious changes of the morphology after thinning. The critical current density of the as-deposited wire and one thinned to a width of 50<ce:hsp sp="0.25"/>nm is 1.7<ce:hsp sp="0.25"/>×<ce:hsp sp="0.25"/>10<ce:sup loc="post">5</ce:sup> and 1.4<ce:hsp sp="0.25"/>×<ce:hsp sp="0.25"/>10<ce:sup loc="post">5</ce:sup><ce:hsp sp="0.25"/>A/cm<ce:sup loc="post">2</ce:sup> at 4.26<ce:hsp sp="0.25"/>K, respectively, suggesting insignificant modulation of the electrical properties during thinning. These results suggest that FIB-milling is a potential approach for controllable size reduction with high resolution towards the observation of size- and quantum effects, as well as for construction of 3D superconducting nanodevices.</ce:para></ce:section></ce:sections><ce:acknowledgment><ce:section-title>Acknowledgments</ce:section-title><ce:para id="p0065" view="all">This work is supported by the <ce:grant-sponsor id="GS1" xlink:type="simple" xlink:role="http://www.elsevier.com/xml/linking-roles/grant-sponsor">National Natural Science Foundation of China</ce:grant-sponsor> under Grants Nos. <ce:grant-sponsor id="GS2" xlink:type="simple" xlink:role="http://www.elsevier.com/xml/linking-roles/grant-sponsor">91123004</ce:grant-sponsor>, <ce:grant-sponsor id="GS3" xlink:type="simple" xlink:role="http://www.elsevier.com/xml/linking-roles/grant-sponsor">11104334</ce:grant-sponsor>, <ce:grant-sponsor id="GS4" xlink:type="simple" xlink:role="http://www.elsevier.com/xml/linking-roles/grant-sponsor">50825206</ce:grant-sponsor>, <ce:grant-sponsor id="GS5" xlink:type="simple" xlink:role="http://www.elsevier.com/xml/linking-roles/grant-sponsor">10834012</ce:grant-sponsor>, and <ce:grant-sponsor id="GS6" xlink:type="simple" xlink:role="http://www.elsevier.com/xml/linking-roles/grant-sponsor">60801043</ce:grant-sponsor>; by the <ce:grant-sponsor id="GS7" xlink:type="simple" xlink:role="http://www.elsevier.com/xml/linking-roles/grant-sponsor">Outstanding Technical Talent Program of the Chinese Academy of Sciences</ce:grant-sponsor>; by <ce:grant-sponsor id="GS8" xlink:type="simple" xlink:role="http://www.elsevier.com/xml/linking-roles/grant-sponsor">Chinese Service Center for Scholar Exchange</ce:grant-sponsor>; by the <ce:grant-sponsor id="GS9" xlink:type="simple" xlink:role="http://www.elsevier.com/xml/linking-roles/grant-sponsor">National Basic Research Program (973) of China</ce:grant-sponsor> under Grant No. <ce:grant-number refid="GS9">2009CB930502</ce:grant-number>; by the <ce:grant-sponsor id="GS10" xlink:type="simple" xlink:role="http://www.elsevier.com/xml/linking-roles/grant-sponsor">IRC in Nanotechnology</ce:grant-sponsor>; and by <ce:grant-sponsor id="GS11" xlink:type="simple" xlink:role="http://www.elsevier.com/xml/linking-roles/grant-sponsor">EPSRC</ce:grant-sponsor> contract <ce:grant-number refid="GS11">EP/F035411/1</ce:grant-number>.</ce:para></ce:acknowledgment></body><tail view="all"><ce:bibliography id="bi0005" view="all"><ce:section-title>References</ce:section-title><ce:bibliography-sec id="bs0005"><ce:bib-reference id="b0005"><ce:label>[1]</ce:label><sb:reference><sb:contribution langtype="en"><sb:authors><sb:author><ce:given-name>A.</ce:given-name><ce:surname>Bezryadin</ce:surname></sb:author></sb:authors></sb:contribution><sb:host><sb:issue><sb:series><sb:title><sb:maintitle>J. Phys. Condens. Matter</sb:maintitle></sb:title><sb:volume-nr>20</sb:volume-nr></sb:series><sb:date>2008</sb:date></sb:issue><sb:pages><sb:first-page>043202</sb:first-page></sb:pages></sb:host></sb:reference></ce:bib-reference><ce:bib-reference id="b0010"><ce:label>[2]</ce:label><sb:reference><sb:contribution langtype="en"><sb:authors><sb:author><ce:given-name>E.J.</ce:given-name><ce:surname>Romans</ce:surname></sb:author><sb:author><ce:given-name>E.J.</ce:given-name><ce:surname>Osley</ce:surname></sb:author><sb:author><ce:given-name>L.</ce:given-name><ce:surname>Young</ce:surname></sb:author><sb:author><ce:given-name>P.A.</ce:given-name><ce:surname>Warburton</ce:surname></sb:author><sb:author><ce:given-name>W.</ce:given-name><ce:surname>Li</ce:surname></sb:author></sb:authors></sb:contribution><sb:host><sb:issue><sb:series><sb:title><sb:maintitle>Appl. Phys. Lett.</sb:maintitle></sb:title><sb:volume-nr>97</sb:volume-nr></sb:series><sb:date>2010</sb:date></sb:issue><sb:pages><sb:first-page>222506</sb:first-page></sb:pages></sb:host></sb:reference></ce:bib-reference><ce:bib-reference id="b0015"><ce:label>[3]</ce:label><sb:reference><sb:contribution langtype="en"><sb:authors><sb:author><ce:given-name>C.R.</ce:given-name><ce:surname>Martin</ce:surname></sb:author></sb:authors></sb:contribution><sb:host><sb:issue><sb:series><sb:title><sb:maintitle>Science</sb:maintitle></sb:title><sb:volume-nr>266</sb:volume-nr></sb:series><sb:date>1994</sb:date></sb:issue><sb:pages><sb:first-page>1961</sb:first-page></sb:pages></sb:host></sb:reference></ce:bib-reference><ce:bib-reference id="b0020"><ce:label>[4]</ce:label><sb:reference><sb:contribution langtype="en"><sb:authors><sb:author><ce:given-name>V.Y.</ce:given-name><ce:surname>Butko</ce:surname></sb:author><sb:author><ce:given-name>J.F.</ce:given-name><ce:surname>Ditusa</ce:surname></sb:author><sb:author><ce:given-name>P.W.</ce:given-name><ce:surname>Adams</ce:surname></sb:author></sb:authors></sb:contribution><sb:host><sb:issue><sb:series><sb:title><sb:maintitle>Phys. Rev. Lett.</sb:maintitle></sb:title><sb:volume-nr>84</sb:volume-nr></sb:series><sb:date>2000</sb:date></sb:issue><sb:pages><sb:first-page>1543</sb:first-page></sb:pages></sb:host></sb:reference></ce:bib-reference><ce:bib-reference id="b0025"><ce:label>[5]</ce:label><sb:reference><sb:contribution langtype="en"><sb:authors><sb:author><ce:given-name>G.</ce:given-name><ce:surname>Abadal</ce:surname></sb:author><sb:author><ce:given-name>F.</ce:given-name><ce:surname>Perez-Murano</ce:surname></sb:author><sb:author><ce:given-name>N.</ce:given-name><ce:surname>Barniol</ce:surname></sb:author><sb:author><ce:given-name>X.</ce:given-name><ce:surname>Aymerich</ce:surname></sb:author></sb:authors></sb:contribution><sb:host><sb:issue><sb:series><sb:title><sb:maintitle>Appl. Phys. A</sb:maintitle></sb:title><sb:volume-nr>66</sb:volume-nr></sb:series><sb:date>1998</sb:date></sb:issue><sb:pages><sb:first-page>S791</sb:first-page></sb:pages></sb:host></sb:reference></ce:bib-reference><ce:bib-reference id="b0030"><ce:label>[6]</ce:label><sb:reference><sb:contribution langtype="en"><sb:authors><sb:author><ce:given-name>A.</ce:given-name><ce:surname>Bezryadin</ce:surname></sb:author><sb:author><ce:given-name>C.N.</ce:given-name><ce:surname>Lau</ce:surname></sb:author><sb:author><ce:given-name>M.</ce:given-name><ce:surname>Tinkham</ce:surname></sb:author></sb:authors></sb:contribution><sb:host><sb:issue><sb:series><sb:title><sb:maintitle>Nature</sb:maintitle></sb:title><sb:volume-nr>404</sb:volume-nr></sb:series><sb:date>2000</sb:date></sb:issue><sb:pages><sb:first-page>971</sb:first-page></sb:pages></sb:host></sb:reference></ce:bib-reference><ce:bib-reference id="b0035"><ce:label>[7]</ce:label><sb:reference><sb:contribution langtype="en"><sb:authors><sb:author><ce:given-name>M.</ce:given-name><ce:surname>Zgirski</ce:surname></sb:author><sb:author><ce:given-name>K.Y.</ce:given-name><ce:surname>Arutyunov</ce:surname></sb:author></sb:authors></sb:contribution><sb:host><sb:issue><sb:series><sb:title><sb:maintitle>Phys. Rev. B</sb:maintitle></sb:title><sb:volume-nr>75</sb:volume-nr></sb:series><sb:date>2007</sb:date></sb:issue><sb:pages><sb:first-page>172509</sb:first-page></sb:pages></sb:host></sb:reference></ce:bib-reference><ce:bib-reference id="b0040"><ce:label>[8]</ce:label><sb:reference><sb:contribution langtype="en"><sb:authors><sb:author><ce:given-name>H.H.</ce:given-name><ce:surname>Cheng</ce:surname></sb:author><sb:author><ce:given-name>M.M.</ce:given-name><ce:surname>Alkaisi</ce:surname></sb:author><sb:author><ce:given-name>S.E.</ce:given-name><ce:surname>Wu</ce:surname></sb:author><sb:author><ce:given-name>C.P.</ce:given-name><ce:surname>Liu</ce:surname></sb:author></sb:authors></sb:contribution><sb:host><sb:issue><sb:series><sb:title><sb:maintitle>AIP Conf. Proc.</sb:maintitle></sb:title><sb:volume-nr>1151</sb:volume-nr></sb:series><sb:date>2009</sb:date></sb:issue><sb:pages><sb:first-page>48</sb:first-page></sb:pages></sb:host></sb:reference></ce:bib-reference><ce:bib-reference id="b0045"><ce:label>[9]</ce:label><sb:reference><sb:contribution langtype="en"><sb:authors><sb:author><ce:given-name>A.P.G.</ce:given-name><ce:surname>Troeman</ce:surname></sb:author><sb:author><ce:given-name>H.</ce:given-name><ce:surname>Derking</ce:surname></sb:author><sb:author><ce:given-name>B.</ce:given-name><ce:surname>Borger</ce:surname></sb:author><sb:author><ce:given-name>J.</ce:given-name><ce:surname>Pleikies</ce:surname></sb:author><sb:author><ce:given-name>D.</ce:given-name><ce:surname>Veldhius</ce:surname></sb:author><sb:author><ce:given-name>H.</ce:given-name><ce:surname>Hilgenkamp</ce:surname></sb:author></sb:authors></sb:contribution><sb:host><sb:issue><sb:series><sb:title><sb:maintitle>Nano Lett.</sb:maintitle></sb:title><sb:volume-nr>7</sb:volume-nr></sb:series><sb:date>2007</sb:date></sb:issue><sb:pages><sb:first-page>2152</sb:first-page></sb:pages></sb:host></sb:reference></ce:bib-reference><ce:bib-reference id="b0050"><ce:label>[10]</ce:label><sb:reference><sb:contribution langtype="en"><sb:authors><sb:author><ce:given-name>G.C.</ce:given-name><ce:surname>Tettamanzi</ce:surname></sb:author><sb:author><ce:given-name>C.I.</ce:given-name><ce:surname>Pakes</ce:surname></sb:author><sb:author><ce:given-name>S.K.H.</ce:given-name><ce:surname>Lam</ce:surname></sb:author><sb:author><ce:given-name>S.</ce:given-name><ce:surname>Prawer</ce:surname></sb:author></sb:authors></sb:contribution><sb:host><sb:issue><sb:series><sb:title><sb:maintitle>Supercond. Sci. Techno.</sb:maintitle></sb:title><sb:volume-nr>22</sb:volume-nr></sb:series><sb:date>2009</sb:date></sb:issue><sb:pages><sb:first-page>064006</sb:first-page></sb:pages></sb:host></sb:reference></ce:bib-reference><ce:bib-reference id="b0055"><ce:label>[11]</ce:label><sb:reference><sb:contribution langtype="en"><sb:authors><sb:author><ce:given-name>A.</ce:given-name><ce:surname>Krzton-Maziopa</ce:surname></sb:author><sb:author><ce:given-name>Z.</ce:given-name><ce:surname>Shermadini</ce:surname></sb:author><sb:author><ce:given-name>E.</ce:given-name><ce:surname>Pomjakushina</ce:surname></sb:author><sb:author><ce:given-name>V.</ce:given-name><ce:surname>Pomjakushin</ce:surname></sb:author><sb:author><ce:given-name>M.</ce:given-name><ce:surname>Bendele</ce:surname></sb:author><sb:author><ce:given-name>A.</ce:given-name><ce:surname>Amato</ce:surname></sb:author><sb:author><ce:given-name>R.</ce:given-name><ce:surname>Khasanov</ce:surname></sb:author><sb:author><ce:given-name>H.</ce:given-name><ce:surname>Luetkens</ce:surname></sb:author><sb:author><ce:given-name>K.</ce:given-name><ce:surname>Conder</ce:surname></sb:author></sb:authors></sb:contribution><sb:host><sb:issue><sb:series><sb:title><sb:maintitle>J. Phys. Condens. Matter</sb:maintitle></sb:title><sb:volume-nr>23</sb:volume-nr></sb:series><sb:date>2011</sb:date></sb:issue><sb:pages><sb:first-page>052203</sb:first-page></sb:pages></sb:host></sb:reference></ce:bib-reference><ce:bib-reference id="b0060"><ce:label>[12]</ce:label><sb:reference><sb:contribution langtype="en"><sb:authors><sb:author><ce:given-name>W.</ce:given-name><ce:surname>Li</ce:surname></sb:author><sb:author><ce:given-name>C.Z.</ce:given-name><ce:surname>Gu</ce:surname></sb:author><sb:author><ce:given-name>P.A.</ce:given-name><ce:surname>Warburton</ce:surname></sb:author></sb:authors></sb:contribution><sb:host><sb:issue><sb:series><sb:title><sb:maintitle>J. Nanosci. Nanotechnol.</sb:maintitle></sb:title><sb:volume-nr>10</sb:volume-nr></sb:series><sb:date>2010</sb:date></sb:issue><sb:pages><sb:first-page>7436</sb:first-page></sb:pages></sb:host></sb:reference></ce:bib-reference><ce:bib-reference id="b0065"><ce:label>[13]</ce:label><sb:reference><sb:contribution langtype="en"><sb:authors><sb:author><ce:given-name>W.</ce:given-name><ce:surname>Li</ce:surname></sb:author><sb:author><ce:given-name>J.C.</ce:given-name><ce:surname>Fenton</ce:surname></sb:author><sb:author><ce:given-name>P.A.</ce:given-name><ce:surname>Warburton</ce:surname></sb:author></sb:authors></sb:contribution><sb:host><sb:issue><sb:series><sb:title><sb:maintitle>IEEE Trans. Appl. Supercond.</sb:maintitle></sb:title><sb:volume-nr>19</sb:volume-nr></sb:series><sb:date>2009</sb:date></sb:issue><sb:pages><sb:first-page>2819</sb:first-page></sb:pages></sb:host></sb:reference></ce:bib-reference><ce:bib-reference id="b0070"><ce:label>[14]</ce:label><sb:reference><sb:contribution langtype="en"><sb:authors><sb:author><ce:given-name>W.</ce:given-name><ce:surname>Li</ce:surname></sb:author><sb:author><ce:given-name>J.C.</ce:given-name><ce:surname>Fenton</ce:surname></sb:author><sb:author><ce:given-name>C.Z.</ce:given-name><ce:surname>Gu</ce:surname></sb:author><sb:author><ce:given-name>P.A.</ce:given-name><ce:surname>Warburton</ce:surname></sb:author></sb:authors></sb:contribution><sb:host><sb:issue><sb:series><sb:title><sb:maintitle>Microelectron. Eng.</sb:maintitle></sb:title><sb:volume-nr>88</sb:volume-nr></sb:series><sb:date>2011</sb:date></sb:issue><sb:pages><sb:first-page>2636</sb:first-page></sb:pages></sb:host></sb:reference></ce:bib-reference><ce:bib-reference id="b0075"><ce:label>[15]</ce:label><sb:reference><sb:contribution langtype="en"><sb:authors><sb:author><ce:given-name>W.</ce:given-name><ce:surname>Li</ce:surname></sb:author><sb:author><ce:given-name>J.C.</ce:given-name><ce:surname>Fenton</ce:surname></sb:author></sb:authors></sb:contribution><sb:host><sb:issue><sb:series><sb:title><sb:maintitle>Nanotechnology</sb:maintitle></sb:title><sb:volume-nr>23</sb:volume-nr></sb:series><sb:date>2012</sb:date></sb:issue><sb:pages><sb:first-page>105301</sb:first-page></sb:pages></sb:host></sb:reference></ce:bib-reference><ce:bib-reference id="b0080"><ce:label>[16]</ce:label><sb:reference><sb:contribution langtype="en"><sb:authors><sb:author><ce:given-name>A.</ce:given-name><ce:surname>Rogachev</ce:surname></sb:author><sb:author><ce:given-name>A.</ce:given-name><ce:surname>Bezryadin</ce:surname></sb:author></sb:authors></sb:contribution><sb:host><sb:issue><sb:series><sb:title><sb:maintitle>Appl. Phys. Lett.</sb:maintitle></sb:title><sb:volume-nr>83</sb:volume-nr></sb:series><sb:date>2003</sb:date></sb:issue><sb:pages><sb:first-page>512</sb:first-page></sb:pages></sb:host></sb:reference></ce:bib-reference><ce:bib-reference id="b0085"><ce:label>[17]</ce:label><sb:reference><sb:contribution langtype="en"><sb:authors><sb:author><ce:given-name>N.</ce:given-name><ce:surname>Lau</ce:surname></sb:author><sb:author><ce:given-name>N.</ce:given-name><ce:surname>Markovic</ce:surname></sb:author><sb:author><ce:given-name>M.</ce:given-name><ce:surname>Bockrath</ce:surname></sb:author><sb:author><ce:given-name>A.</ce:given-name><ce:surname>Bezryadin</ce:surname></sb:author><sb:author><ce:given-name>M.</ce:given-name><ce:surname>Tinkham</ce:surname></sb:author></sb:authors></sb:contribution><sb:host><sb:issue><sb:series><sb:title><sb:maintitle>Phys. Rev. Lett.</sb:maintitle></sb:title><sb:volume-nr>87</sb:volume-nr></sb:series><sb:date>2001</sb:date></sb:issue><sb:pages><sb:first-page>217003</sb:first-page></sb:pages></sb:host></sb:reference></ce:bib-reference></ce:bibliography-sec></ce:bibliography></tail></article></xocs:serial-item></xocs:doc></originalText></full-text-retrieval-response>