<full-text-retrieval-response xmlns="http://www.elsevier.com/xml/svapi/article/dtd" xmlns:xsi="http://www.w3.org/2001/XMLSchema-instance" xmlns:prism="http://prismstandard.org/namespaces/basic/2.0/" xmlns:dcterms="http://purl.org/dc/terms/" xmlns:dc="http://purl.org/dc/elements/1.1/" xmlns:xocs="http://www.elsevier.com/xml/xocs/dtd" xmlns:xlink="http://www.w3.org/1999/xlink" xmlns:tb="http://www.elsevier.com/xml/common/table/dtd" xmlns:sb="http://www.elsevier.com/xml/common/struct-bib/dtd" xmlns:sa="http://www.elsevier.com/xml/common/struct-aff/dtd" xmlns:mml="http://www.w3.org/1998/Math/MathML" xmlns:ja="http://www.elsevier.com/xml/ja/dtd" xmlns:ce="http://www.elsevier.com/xml/common/dtd" xmlns:cals="http://www.elsevier.com/xml/common/cals/dtd" xmlns:bk="http://www.elsevier.com/xml/bk/dtd"><coredata><prism:url>http://api.elsevier.com/content/article/pii/S0167931711005120</prism:url><dc:identifier>doi:10.1016/j.mee.2011.05.016</dc:identifier><eid>1-s2.0-S0167931711005120</eid><prism:doi>10.1016/j.mee.2011.05.016</prism:doi><pii>S0167-9317(11)00512-0</pii><dc:title>Magnetically interacting low dimensional Ni-nanostructures within porous silicon </dc:title><prism:publicationName>Microelectronic Engineering</prism:publicationName><prism:aggregationType>Journal</prism:aggregationType><prism:issn>01679317</prism:issn><prism:volume>90</prism:volume><prism:startingPage>83</prism:startingPage><prism:endingPage>87</prism:endingPage><prism:pageRange>83-87</prism:pageRange><dc:format>text/xml</dc:format><prism:coverDate>2012-02-29</prism:coverDate><prism:coverDisplayDate>February 2012</prism:coverDisplayDate><prism:copyright>Copyright © 2011 Elsevier B.V.</prism:copyright><prism:publisher>Elsevier B.V.</prism:publisher><prism:issueName>Micro&amp;Nano 2010</prism:issueName><dc:creator>Rumpf, K.</dc:creator><dc:creator>Granitzer, P.</dc:creator><dc:creator>Hilscher, G.</dc:creator><dc:creator>Albu, M.</dc:creator><dc:creator>Poelt, P.</dc:creator><dc:description>AbstractElectrodeposition of ferromagnetic metals, a common method to fabricate magnetic nanostructures, is used for the incorporation of Ni structures into the pores of porous silicon templates. The porous silicon is fabricated in various morphologies with average pore-diameters between 40 and 95nm and concomitant pore-distances between 60 and 40nm. The metal nanostructures are deposited with different geometries as spheres, ellipsoids or wires influenced by the deposition process parameters. Furthermore small Ni-particles with diameters between 3 and 6nm can be deposited on the walls of the porous silicon template forming a metal tube. Analysis of this tube-like arrangement by transmission electron microscopy (TEM) shows that the distribution of the Ni-particles is quite narrow, which means that the distance between the particles is smaller than 10nm. Such a close arrangement of the Ni-particles assures magnetic interactions between them. Due to their size these small Ni-particles are superparamagnetic but dipolar coupling between them results in a ferromagnetic behavior of the whole system. Thus a semiconducting/ferromagnetic hybrid material with a broad range of magnetic properties can be fabricated. Furthermore this composite is an interesting candidate for silicon based applications and the compatibility with today’s process technology.</dc:description><openaccess>1</openaccess><openaccessArticle>true</openaccessArticle><openaccessType>Full</openaccessType><openArchiveArticle>false</openArchiveArticle><openaccessSponsorName>Austrian Science Fund (FWF)</openaccessSponsorName><openaccessSponsorType>FundingBody</openaccessSponsorType><openaccessUserLicense>http://creativecommons.org/licenses/by-nc-nd/3.0/</openaccessUserLicense><dcterms:subject>Porous silicon</dcterms:subject><dcterms:subject>Electrodeposition</dcterms:subject><dcterms:subject>Magnetic nanostructures</dcterms:subject><dcterms:subject>Ferromagnetism</dcterms:subject><link rel="self" href="http://api.elsevier.com/content/article/pii/S0167931711005120"/><link rel="scidir" href="http://www.sciencedirect.com/science/article/pii/S0167931711005120"/></coredata><objects><object ref="gr7b" category="standard" type="IMAGE-DOWNSAMPLED" multimediatype="JPEG image file" mimetype="image/jpeg" width="315" height="243" size="26457">http://api.elsevier.com/content/object/eid/1-s2.0-S0167931711005120-gr7b.jpg?httpAccept=%2A%2F%2A</object><object ref="gr7a" category="standard" type="IMAGE-DOWNSAMPLED" multimediatype="JPEG image file" mimetype="image/jpeg" width="356" height="254" size="26420">http://api.elsevier.com/content/object/eid/1-s2.0-S0167931711005120-gr7a.jpg?httpAccept=%2A%2F%2A</object><object ref="gr6" category="standard" type="IMAGE-DOWNSAMPLED" multimediatype="JPEG image file" mimetype="image/jpeg" width="657" height="260" size="38100">http://api.elsevier.com/content/object/eid/1-s2.0-S0167931711005120-gr6.jpg?httpAccept=%2A%2F%2A</object><object ref="gr5" category="standard" type="IMAGE-DOWNSAMPLED" multimediatype="JPEG image file" mimetype="image/jpeg" width="510" height="245" size="34959">http://api.elsevier.com/content/object/eid/1-s2.0-S0167931711005120-gr5.jpg?httpAccept=%2A%2F%2A</object><object ref="gr4" category="standard" type="IMAGE-DOWNSAMPLED" multimediatype="JPEG image file" mimetype="image/jpeg" width="315" height="243" size="22398">http://api.elsevier.com/content/object/eid/1-s2.0-S0167931711005120-gr4.jpg?httpAccept=%2A%2F%2A</object><object ref="gr3" category="standard" type="IMAGE-DOWNSAMPLED" multimediatype="JPEG image file" mimetype="image/jpeg" width="315" height="241" size="23691">http://api.elsevier.com/content/object/eid/1-s2.0-S0167931711005120-gr3.jpg?httpAccept=%2A%2F%2A</object><object ref="gr2" category="standard" type="IMAGE-DOWNSAMPLED" multimediatype="JPEG image file" mimetype="image/jpeg" width="267" height="307" size="32181">http://api.elsevier.com/content/object/eid/1-s2.0-S0167931711005120-gr2.jpg?httpAccept=%2A%2F%2A</object><object ref="gr1" category="standard" type="IMAGE-DOWNSAMPLED" multimediatype="JPEG image file" mimetype="image/jpeg" width="511" height="189" size="46928">http://api.elsevier.com/content/object/eid/1-s2.0-S0167931711005120-gr1.jpg?httpAccept=%2A%2F%2A</object><object ref="fx1" category="standard" type="IMAGE-DOWNSAMPLED" multimediatype="JPEG image file" mimetype="image/jpeg" width="500" height="178" size="40424">http://api.elsevier.com/content/object/eid/1-s2.0-S0167931711005120-fx1.jpg?httpAccept=%2A%2F%2A</object><object ref="gr7b" category="thumbnail" type="IMAGE-THUMBNAIL" multimediatype="GIF image file" mimetype="image/gif" width="213" height="164" size="4172">http://api.elsevier.com/content/object/eid/1-s2.0-S0167931711005120-gr7b.sml?httpAccept=%2A%2F%2A</object><object ref="gr7a" category="thumbnail" type="IMAGE-THUMBNAIL" multimediatype="GIF image file" mimetype="image/gif" width="219" height="156" size="3846">http://api.elsevier.com/content/object/eid/1-s2.0-S0167931711005120-gr7a.sml?httpAccept=%2A%2F%2A</object><object ref="gr6" category="thumbnail" type="IMAGE-THUMBNAIL" multimediatype="GIF image file" mimetype="image/gif" width="219" height="87" size="2535">http://api.elsevier.com/content/object/eid/1-s2.0-S0167931711005120-gr6.sml?httpAccept=%2A%2F%2A</object><object ref="gr5" category="thumbnail" type="IMAGE-THUMBNAIL" multimediatype="GIF image file" mimetype="image/gif" width="219" height="105" size="4104">http://api.elsevier.com/content/object/eid/1-s2.0-S0167931711005120-gr5.sml?httpAccept=%2A%2F%2A</object><object ref="gr4" category="thumbnail" type="IMAGE-THUMBNAIL" multimediatype="GIF image file" mimetype="image/gif" width="213" height="164" size="3553">http://api.elsevier.com/content/object/eid/1-s2.0-S0167931711005120-gr4.sml?httpAccept=%2A%2F%2A</object><object ref="gr3" category="thumbnail" type="IMAGE-THUMBNAIL" multimediatype="GIF image file" mimetype="image/gif" width="214" height="164" size="3713">http://api.elsevier.com/content/object/eid/1-s2.0-S0167931711005120-gr3.sml?httpAccept=%2A%2F%2A</object><object ref="gr2" category="thumbnail" type="IMAGE-THUMBNAIL" multimediatype="GIF image file" mimetype="image/gif" width="142" height="163" size="5904">http://api.elsevier.com/content/object/eid/1-s2.0-S0167931711005120-gr2.sml?httpAccept=%2A%2F%2A</object><object ref="gr1" category="thumbnail" type="IMAGE-THUMBNAIL" multimediatype="GIF image file" mimetype="image/gif" width="219" height="81" size="5754">http://api.elsevier.com/content/object/eid/1-s2.0-S0167931711005120-gr1.sml?httpAccept=%2A%2F%2A</object><object ref="fx1" category="thumbnail" type="IMAGE-THUMBNAIL" multimediatype="GIF image file" mimetype="image/gif" width="219" height="78" size="5274">http://api.elsevier.com/content/object/eid/1-s2.0-S0167931711005120-fx1.sml?httpAccept=%2A%2F%2A</object></objects><scopus-id>82555189828</scopus-id><scopus-eid>2-s2.0-82555189828</scopus-eid><link rel="abstract" href="http://api.elsevier.com/content/abstract/scopus_id/82555189828"/><originalText><xocs:doc xmlns:xoe="http://www.elsevier.com/xml/xoe/dtd" xsi:schemaLocation="http://www.elsevier.com/xml/xocs/dtd http://be-prod3a/schema/dtds/document/fulltext/xcr/xocs-article.xsd"><xocs:meta><xocs:content-family>serial</xocs:content-family><xocs:content-type>JL</xocs:content-type><xocs:cid>271975</xocs:cid><xocs:ssids><xocs:ssid type="alllist">291210</xocs:ssid><xocs:ssid type="subj">291716</xocs:ssid><xocs:ssid type="subj">291718</xocs:ssid><xocs:ssid type="subj">291821</xocs:ssid><xocs:ssid type="subj">291892</xocs:ssid><xocs:ssid type="subj">291893</xocs:ssid><xocs:ssid type="content">31</xocs:ssid><xocs:ssid type="oa">90</xocs:ssid></xocs:ssids><xocs:srctitle>Microelectronic Engineering</xocs:srctitle><xocs:normalized-srctitle>MICROELECTRONICENGINEERING</xocs:normalized-srctitle><xocs:orig-load-date yyyymmdd="20110519">2011-05-19</xocs:orig-load-date><xocs:available-online-date yyyymmdd="20110519">2011-05-19</xocs:available-online-date><xocs:ew-transaction-id>2014-10-15T01:14:43</xocs:ew-transaction-id><xocs:eid>1-s2.0-S0167931711005120</xocs:eid><xocs:pii-formatted>S0167-9317(11)00512-0</xocs:pii-formatted><xocs:pii-unformatted>S0167931711005120</xocs:pii-unformatted><xocs:doi>10.1016/j.mee.2011.05.016</xocs:doi><xocs:item-stage>S300</xocs:item-stage><xocs:item-version-number>S300.2</xocs:item-version-number><xocs:item-weight>FULL-TEXT</xocs:item-weight><xocs:hub-eid>1-s2.0-S0167931711X00138</xocs:hub-eid><xocs:timestamp yyyymmdd="20150514">2015-05-14T05:08:13.398076-04:00</xocs:timestamp><xocs:dco>0</xocs:dco><xocs:tomb>0</xocs:tomb><xocs:date-search-begin>20120201</xocs:date-search-begin><xocs:date-search-end>20120229</xocs:date-search-end><xocs:year-nav>2012</xocs:year-nav><xocs:indexeddate epoch="1305763200">2011-05-19T00:00:00Z</xocs:indexeddate><xocs:articleinfo>absattachment articleinfo articletitlenorm authfirstinitialnorm authfirstsurnamenorm cid cids confabbr confdate confeditor confloc contenttype copyright crossmark dateloaded dateloadedtxt datesearch datesort dateupdated dco docsubtype doctype doi eid ewtransactionid fundingbodyid hubeid indexeddate issn issnnorm itemstage itemtransactionid itemweight oauserlicense openaccess openarchive pg pgfirst pglast pii piinorm pubdateend pubdatestart pubdatetxt pubyr sectiontitle sortorder sponsoredaccesstype srctitle srctitlenorm srctype ssids alllist content oa subj subheadings suppl tomb vol vol volfirst volissue volumelist webpdf webpdfpagecount yearnav figure body acknowledge affil articletitle auth authfirstini authfull authkeywords authlast grantsponsor primabst ref specialabst</xocs:articleinfo><xocs:issns><xocs:issn-primary-formatted>0167-9317</xocs:issn-primary-formatted><xocs:issn-primary-unformatted>01679317</xocs:issn-primary-unformatted></xocs:issns><xocs:sponsored-access-type>UNLIMITED</xocs:sponsored-access-type><xocs:funding-body-id>FWF</xocs:funding-body-id><xocs:crossmark is-crossmark="0">false</xocs:crossmark><xocs:vol-first>90</xocs:vol-first><xocs:volume-list><xocs:volume>90</xocs:volume></xocs:volume-list><xocs:suppl>C</xocs:suppl><xocs:vol-iss-suppl-text>Volume 90</xocs:vol-iss-suppl-text><xocs:sort-order>27</xocs:sort-order><xocs:first-fp>83</xocs:first-fp><xocs:last-lp>87</xocs:last-lp><xocs:pages><xocs:first-page>83</xocs:first-page><xocs:last-page>87</xocs:last-page></xocs:pages><xocs:cover-date-orig><xocs:start-date>201202</xocs:start-date></xocs:cover-date-orig><xocs:cover-date-text>February 2012</xocs:cover-date-text><xocs:cover-date-start>2012-02-01</xocs:cover-date-start><xocs:cover-date-end>2012-02-29</xocs:cover-date-end><xocs:cover-date-year>2012</xocs:cover-date-year><xocs:title-editors-groups><xocs:title-editors-group><ce:title>Micro&amp;Nano 2010</ce:title><xocs:conference-info><xocs:full-name>4th International Conference on Micro-Nanoelectronics, Nanotechnologies &amp; MEMs</xocs:full-name><xocs:abbr-name>Micro&amp;Nano 2010</xocs:abbr-name><xocs:venue>NCSR Demokritos, Athens, Greece</xocs:venue><xocs:conference-date-text>12–15 December 2010</xocs:conference-date-text><xocs:date-range><xocs:start-date>20101212</xocs:start-date><xocs:end-date>20101215</xocs:end-date></xocs:date-range></xocs:conference-info><ce:editors><ce:author-group><ce:author><ce:given-name>Androula G.</ce:given-name><ce:surname>Nassiopoulou</ce:surname><ce:cross-ref refid="aff1"><ce:sup loc="post">a</ce:sup></ce:cross-ref></ce:author><ce:affiliation id="aff1"><ce:label>a</ce:label><ce:textfn>NCSR Demokritos, Institute of Microelectronics (IMEL)</ce:textfn></ce:affiliation></ce:author-group></ce:editors></xocs:title-editors-group></xocs:title-editors-groups><xocs:hub-sec><xocs:hub-sec-title>Nanowires, nanodots</xocs:hub-sec-title></xocs:hub-sec><xocs:document-type>article</xocs:document-type><xocs:document-subtype>fla</xocs:document-subtype><xocs:copyright-line>Copyright © 2011 Elsevier B.V.</xocs:copyright-line><xocs:normalized-article-title>MAGNETICALLYINTERACTINGLOWDIMENSIONALNINANOSTRUCTURESWITHINPOROUSSILICON</xocs:normalized-article-title><xocs:normalized-first-auth-surname>RUMPF</xocs:normalized-first-auth-surname><xocs:normalized-first-auth-initial>K</xocs:normalized-first-auth-initial><xocs:item-toc><xocs:item-toc-entry ref-elem="ce:sections"><xocs:item-toc-label>1</xocs:item-toc-label><xocs:item-toc-section-title>Introduction</xocs:item-toc-section-title></xocs:item-toc-entry><xocs:item-toc-entry ref-elem="ce:sections"><xocs:item-toc-label>2</xocs:item-toc-label><xocs:item-toc-section-title>Experiments</xocs:item-toc-section-title></xocs:item-toc-entry><xocs:item-toc-entry ref-elem="ce:sections"><xocs:item-toc-label>3</xocs:item-toc-label><xocs:item-toc-section-title>Discussion</xocs:item-toc-section-title></xocs:item-toc-entry><xocs:item-toc-entry ref-elem="ce:sections"><xocs:item-toc-label>4</xocs:item-toc-label><xocs:item-toc-section-title>Conclusions</xocs:item-toc-section-title></xocs:item-toc-entry><xocs:item-toc-entry ref-elem="ce:acknowledgment"><xocs:item-toc-section-title>Acknowledgements</xocs:item-toc-section-title></xocs:item-toc-entry><xocs:item-toc-entry ref-elem="ce:bibliography"><xocs:item-toc-section-title>References</xocs:item-toc-section-title></xocs:item-toc-entry></xocs:item-toc><xocs:references><xocs:ref-info refid="b0005"><xocs:ref-normalized-surname>NORDBLAD</xocs:ref-normalized-surname><xocs:ref-pub-year>2008</xocs:ref-pub-year><xocs:ref-first-fp>134011</xocs:ref-first-fp><xocs:ref-normalized-initial>P</xocs:ref-normalized-initial></xocs:ref-info><xocs:ref-info refid="b0010"><xocs:ref-normalized-surname>BRAUER</xocs:ref-normalized-surname><xocs:ref-pub-year>2009</xocs:ref-pub-year><xocs:ref-first-fp>4565</xocs:ref-first-fp><xocs:ref-normalized-initial>B</xocs:ref-normalized-initial></xocs:ref-info><xocs:ref-info refid="b0015"><xocs:ref-normalized-surname>GUSKOS</xocs:ref-normalized-surname><xocs:ref-pub-year>2006</xocs:ref-pub-year><xocs:ref-first-fp>133</xocs:ref-first-fp><xocs:ref-normalized-initial>N</xocs:ref-normalized-initial></xocs:ref-info><xocs:ref-info refid="b0020"><xocs:ref-normalized-surname>MONTEMAYOR</xocs:ref-normalized-surname><xocs:ref-pub-year>2008</xocs:ref-pub-year><xocs:ref-first-fp>1112</xocs:ref-first-fp><xocs:ref-normalized-initial>S</xocs:ref-normalized-initial></xocs:ref-info><xocs:ref-info refid="b0025"><xocs:ref-normalized-surname>LI</xocs:ref-normalized-surname><xocs:ref-pub-year>2007</xocs:ref-pub-year><xocs:ref-first-fp>1436</xocs:ref-first-fp><xocs:ref-normalized-initial>W</xocs:ref-normalized-initial></xocs:ref-info><xocs:ref-info refid="b0030"><xocs:ref-normalized-surname>FUKAMI</xocs:ref-normalized-surname><xocs:ref-pub-year>2008</xocs:ref-pub-year><xocs:ref-first-fp>D443</xocs:ref-first-fp><xocs:ref-last-lp>D448</xocs:ref-last-lp><xocs:ref-normalized-initial>K</xocs:ref-normalized-initial></xocs:ref-info><xocs:ref-info refid="b0035"><xocs:ref-normalized-surname>FANG</xocs:ref-normalized-surname><xocs:ref-pub-year>2007</xocs:ref-pub-year><xocs:ref-first-fp>D45</xocs:ref-first-fp><xocs:ref-last-lp>D49</xocs:ref-last-lp><xocs:ref-normalized-initial>C</xocs:ref-normalized-initial></xocs:ref-info><xocs:ref-info refid="b0040"><xocs:ref-normalized-surname>GRANITZER</xocs:ref-normalized-surname><xocs:ref-pub-year>2009</xocs:ref-pub-year><xocs:ref-first-fp>2222</xocs:ref-first-fp><xocs:ref-normalized-initial>P</xocs:ref-normalized-initial></xocs:ref-info><xocs:ref-info refid="b0045"><xocs:ref-normalized-surname>LEHMANN</xocs:ref-normalized-surname><xocs:ref-pub-year>1993</xocs:ref-pub-year><xocs:ref-first-fp>2836</xocs:ref-first-fp><xocs:ref-normalized-initial>V</xocs:ref-normalized-initial></xocs:ref-info><xocs:ref-info refid="b0050"><xocs:ref-normalized-surname>RUMPF</xocs:ref-normalized-surname><xocs:ref-pub-year>2010</xocs:ref-pub-year><xocs:ref-first-fp>379</xocs:ref-first-fp><xocs:ref-normalized-initial>K</xocs:ref-normalized-initial></xocs:ref-info><xocs:ref-info refid="b0055"><xocs:ref-normalized-surname>LEHMANN</xocs:ref-normalized-surname><xocs:ref-pub-year>1999</xocs:ref-pub-year><xocs:ref-first-fp>2968</xocs:ref-first-fp><xocs:ref-normalized-initial>V</xocs:ref-normalized-initial></xocs:ref-info><xocs:ref-info refid="b0060"><xocs:ref-normalized-surname>CHEN</xocs:ref-normalized-surname><xocs:ref-pub-year>2007</xocs:ref-pub-year><xocs:ref-first-fp>505703</xocs:ref-first-fp><xocs:ref-normalized-initial>Y</xocs:ref-normalized-initial></xocs:ref-info><xocs:ref-info refid="b0065"><xocs:ref-normalized-surname>SKOMSKI</xocs:ref-normalized-surname><xocs:ref-pub-year>2003</xocs:ref-pub-year><xocs:ref-first-fp>R841</xocs:ref-first-fp><xocs:ref-normalized-initial>R</xocs:ref-normalized-initial></xocs:ref-info><xocs:ref-info refid="b0070"><xocs:ref-normalized-surname>CHENG</xocs:ref-normalized-surname><xocs:ref-pub-year>2006</xocs:ref-pub-year><xocs:ref-first-fp>91</xocs:ref-first-fp><xocs:ref-normalized-initial>J</xocs:ref-normalized-initial></xocs:ref-info><xocs:ref-info refid="b0075"><xocs:ref-normalized-surname>ZHANG</xocs:ref-normalized-surname><xocs:ref-pub-year>2001</xocs:ref-pub-year><xocs:ref-first-fp>337</xocs:ref-first-fp><xocs:ref-normalized-initial>P</xocs:ref-normalized-initial></xocs:ref-info></xocs:references><xocs:refkeys><xocs:refkey3>RUMPFX2012X83</xocs:refkey3><xocs:refkey4lp>RUMPFX2012X83X87</xocs:refkey4lp><xocs:refkey4ai>RUMPFX2012X83XK</xocs:refkey4ai><xocs:refkey5>RUMPFX2012X83X87XK</xocs:refkey5></xocs:refkeys><xocs:open-access><xocs:oa-article-status is-open-access="1" is-open-archive="0">Full</xocs:oa-article-status><xocs:oa-access-effective-date>2013-07-16T20:15:32Z</xocs:oa-access-effective-date><xocs:oa-sponsor><xocs:oa-sponsor-type>FundingBody</xocs:oa-sponsor-type><xocs:oa-sponsor-name>Austrian Science Fund (FWF)</xocs:oa-sponsor-name></xocs:oa-sponsor><xocs:oa-user-license>http://creativecommons.org/licenses/by-nc-nd/3.0/</xocs:oa-user-license></xocs:open-access><xocs:attachment-metadata-doc><xocs:attachment-set-type>item</xocs:attachment-set-type><xocs:pii-formatted>S0167-9317(11)00512-0</xocs:pii-formatted><xocs:pii-unformatted>S0167931711005120</xocs:pii-unformatted><xocs:eid>1-s2.0-S0167931711005120</xocs:eid><xocs:doi>10.1016/j.mee.2011.05.016</xocs:doi><xocs:cid>271975</xocs:cid><xocs:timestamp>2014-10-15T00:33:36.457033-04:00</xocs:timestamp><xocs:cover-date-start>2012-02-01</xocs:cover-date-start><xocs:cover-date-end>2012-02-29</xocs:cover-date-end><xocs:sponsored-access-type>UNLIMITED</xocs:sponsored-access-type><xocs:funding-body-id>FWF</xocs:funding-body-id><xocs:attachments><xocs:web-pdf><xocs:attachment-eid>1-s2.0-S0167931711005120-main.pdf</xocs:attachment-eid><xocs:ucs-locator>https://s3.amazonaws.com/prod-ucs-content-store-us-east/content/pii:S0167931711005120/MAIN/application/pdf/a707d8159dfa30e8d31c22d8b320373e/main.pdf</xocs:ucs-locator><xocs:ucs-locator>https://s3-eu-west-1.amazonaws.com/prod-ucs-content-store-eu-west/content/pii:S0167931711005120/MAIN/application/pdf/a707d8159dfa30e8d31c22d8b320373e/main.pdf</xocs:ucs-locator><xocs:filename>main.pdf</xocs:filename><xocs:extension>pdf</xocs:extension><xocs:pdf-optimized>true</xocs:pdf-optimized><xocs:filesize>805347</xocs:filesize><xocs:web-pdf-purpose>MAIN</xocs:web-pdf-purpose><xocs:web-pdf-page-count>5</xocs:web-pdf-page-count><xocs:web-pdf-images><xocs:web-pdf-image><xocs:attachment-eid>1-s2.0-S0167931711005120-main_1.png</xocs:attachment-eid><xocs:ucs-locator>https://s3-eu-west-1.amazonaws.com/prod-ucs-content-store-eu-west/content/pii:S0167931711005120/PREVIEW/image/png/c02a98de17b403de3b89e62697f83761/main_1.png</xocs:ucs-locator><xocs:ucs-locator>https://s3.amazonaws.com/prod-ucs-content-store-us-east/content/pii:S0167931711005120/PREVIEW/image/png/c02a98de17b403de3b89e62697f83761/main_1.png</xocs:ucs-locator><xocs:filename>main_1.png</xocs:filename><xocs:extension>png</xocs:extension><xocs:filesize>56569</xocs:filesize><xocs:pixel-height>849</xocs:pixel-height><xocs:pixel-width>656</xocs:pixel-width><xocs:attachment-type>IMAGE-WEB-PDF</xocs:attachment-type><xocs:pdf-page-num>1</xocs:pdf-page-num></xocs:web-pdf-image></xocs:web-pdf-images></xocs:web-pdf><xocs:attachment><xocs:attachment-eid>1-s2.0-S0167931711005120-gr7b.jpg</xocs:attachment-eid><xocs:ucs-locator>https://s3.amazonaws.com/prod-ucs-content-store-us-east/content/pii:S0167931711005120/gr7b/DOWNSAMPLED/image/jpeg/d0d2a19ed0f0cbb7de226bd84382c06b/gr7b.jpg</xocs:ucs-locator><xocs:ucs-locator>https://s3-eu-west-1.amazonaws.com/prod-ucs-content-store-eu-west/content/pii:S0167931711005120/gr7b/DOWNSAMPLED/image/jpeg/d0d2a19ed0f0cbb7de226bd84382c06b/gr7b.jpg</xocs:ucs-locator><xocs:file-basename>gr7b</xocs:file-basename><xocs:filename>gr7b.jpg</xocs:filename><xocs:extension>jpg</xocs:extension><xocs:filesize>26457</xocs:filesize><xocs:pixel-height>243</xocs:pixel-height><xocs:pixel-width>315</xocs:pixel-width><xocs:attachment-type>IMAGE-DOWNSAMPLED</xocs:attachment-type></xocs:attachment><xocs:attachment><xocs:attachment-eid>1-s2.0-S0167931711005120-gr7a.jpg</xocs:attachment-eid><xocs:ucs-locator>https://s3.amazonaws.com/prod-ucs-content-store-us-east/content/pii:S0167931711005120/gr7a/DOWNSAMPLED/image/jpeg/c0c56972d5dada421c0001804472df77/gr7a.jpg</xocs:ucs-locator><xocs:ucs-locator>https://s3-eu-west-1.amazonaws.com/prod-ucs-content-store-eu-west/content/pii:S0167931711005120/gr7a/DOWNSAMPLED/image/jpeg/c0c56972d5dada421c0001804472df77/gr7a.jpg</xocs:ucs-locator><xocs:file-basename>gr7a</xocs:file-basename><xocs:filename>gr7a.jpg</xocs:filename><xocs:extension>jpg</xocs:extension><xocs:filesize>26420</xocs:filesize><xocs:pixel-height>254</xocs:pixel-height><xocs:pixel-width>356</xocs:pixel-width><xocs:attachment-type>IMAGE-DOWNSAMPLED</xocs:attachment-type></xocs:attachment><xocs:attachment><xocs:attachment-eid>1-s2.0-S0167931711005120-gr6.jpg</xocs:attachment-eid><xocs:ucs-locator>https://s3.amazonaws.com/prod-ucs-content-store-us-east/content/pii:S0167931711005120/gr6/DOWNSAMPLED/image/jpeg/205fdb5a38b000da2a702d23163d73cf/gr6.jpg</xocs:ucs-locator><xocs:ucs-locator>https://s3-eu-west-1.amazonaws.com/prod-ucs-content-store-eu-west/content/pii:S0167931711005120/gr6/DOWNSAMPLED/image/jpeg/205fdb5a38b000da2a702d23163d73cf/gr6.jpg</xocs:ucs-locator><xocs:file-basename>gr6</xocs:file-basename><xocs:filename>gr6.jpg</xocs:filename><xocs:extension>jpg</xocs:extension><xocs:filesize>38100</xocs:filesize><xocs:pixel-height>260</xocs:pixel-height><xocs:pixel-width>657</xocs:pixel-width><xocs:attachment-type>IMAGE-DOWNSAMPLED</xocs:attachment-type></xocs:attachment><xocs:attachment><xocs:attachment-eid>1-s2.0-S0167931711005120-gr5.jpg</xocs:attachment-eid><xocs:ucs-locator>https://s3.amazonaws.com/prod-ucs-content-store-us-east/content/pii:S0167931711005120/gr5/DOWNSAMPLED/image/jpeg/6f1aa2ef5deb0a7e90f6209d7f1b4a00/gr5.jpg</xocs:ucs-locator><xocs:ucs-locator>https://s3-eu-west-1.amazonaws.com/prod-ucs-content-store-eu-west/content/pii:S0167931711005120/gr5/DOWNSAMPLED/image/jpeg/6f1aa2ef5deb0a7e90f6209d7f1b4a00/gr5.jpg</xocs:ucs-locator><xocs:file-basename>gr5</xocs:file-basename><xocs:filename>gr5.jpg</xocs:filename><xocs:extension>jpg</xocs:extension><xocs:filesize>34959</xocs:filesize><xocs:pixel-height>245</xocs:pixel-height><xocs:pixel-width>510</xocs:pixel-width><xocs:attachment-type>IMAGE-DOWNSAMPLED</xocs:attachment-type></xocs:attachment><xocs:attachment><xocs:attachment-eid>1-s2.0-S0167931711005120-gr4.jpg</xocs:attachment-eid><xocs:ucs-locator>https://s3.amazonaws.com/prod-ucs-content-store-us-east/content/pii:S0167931711005120/gr4/DOWNSAMPLED/image/jpeg/7e7e391ccb73b5666188f64ea3b7f537/gr4.jpg</xocs:ucs-locator><xocs:ucs-locator>https://s3-eu-west-1.amazonaws.com/prod-ucs-content-store-eu-west/content/pii:S0167931711005120/gr4/DOWNSAMPLED/image/jpeg/7e7e391ccb73b5666188f64ea3b7f537/gr4.jpg</xocs:ucs-locator><xocs:file-basename>gr4</xocs:file-basename><xocs:filename>gr4.jpg</xocs:filename><xocs:extension>jpg</xocs:extension><xocs:filesize>22398</xocs:filesize><xocs:pixel-height>243</xocs:pixel-height><xocs:pixel-width>315</xocs:pixel-width><xocs:attachment-type>IMAGE-DOWNSAMPLED</xocs:attachment-type></xocs:attachment><xocs:attachment><xocs:attachment-eid>1-s2.0-S0167931711005120-gr3.jpg</xocs:attachment-eid><xocs:ucs-locator>https://s3.amazonaws.com/prod-ucs-content-store-us-east/content/pii:S0167931711005120/gr3/DOWNSAMPLED/image/jpeg/fd1e0dcfce87f8709db3fd4ae81d679c/gr3.jpg</xocs:ucs-locator><xocs:ucs-locator>https://s3-eu-west-1.amazonaws.com/prod-ucs-content-store-eu-west/content/pii:S0167931711005120/gr3/DOWNSAMPLED/image/jpeg/fd1e0dcfce87f8709db3fd4ae81d679c/gr3.jpg</xocs:ucs-locator><xocs:file-basename>gr3</xocs:file-basename><xocs:filename>gr3.jpg</xocs:filename><xocs:extension>jpg</xocs:extension><xocs:filesize>23691</xocs:filesize><xocs:pixel-height>241</xocs:pixel-height><xocs:pixel-width>315</xocs:pixel-width><xocs:attachment-type>IMAGE-DOWNSAMPLED</xocs:attachment-type></xocs:attachment><xocs:attachment><xocs:attachment-eid>1-s2.0-S0167931711005120-gr2.jpg</xocs:attachment-eid><xocs:ucs-locator>https://s3.amazonaws.com/prod-ucs-content-store-us-east/content/pii:S0167931711005120/gr2/DOWNSAMPLED/image/jpeg/f409674a87cadd2096f3fbe35a4e3350/gr2.jpg</xocs:ucs-locator><xocs:ucs-locator>https://s3-eu-west-1.amazonaws.com/prod-ucs-content-store-eu-west/content/pii:S0167931711005120/gr2/DOWNSAMPLED/image/jpeg/f409674a87cadd2096f3fbe35a4e3350/gr2.jpg</xocs:ucs-locator><xocs:file-basename>gr2</xocs:file-basename><xocs:filename>gr2.jpg</xocs:filename><xocs:extension>jpg</xocs:extension><xocs:filesize>32181</xocs:filesize><xocs:pixel-height>307</xocs:pixel-height><xocs:pixel-width>267</xocs:pixel-width><xocs:attachment-type>IMAGE-DOWNSAMPLED</xocs:attachment-type></xocs:attachment><xocs:attachment><xocs:attachment-eid>1-s2.0-S0167931711005120-gr1.jpg</xocs:attachment-eid><xocs:ucs-locator>https://s3.amazonaws.com/prod-ucs-content-store-us-east/content/pii:S0167931711005120/gr1/DOWNSAMPLED/image/jpeg/3794d51f93de16bdb3977045e19a12de/gr1.jpg</xocs:ucs-locator><xocs:ucs-locator>https://s3-eu-west-1.amazonaws.com/prod-ucs-content-store-eu-west/content/pii:S0167931711005120/gr1/DOWNSAMPLED/image/jpeg/3794d51f93de16bdb3977045e19a12de/gr1.jpg</xocs:ucs-locator><xocs:file-basename>gr1</xocs:file-basename><xocs:filename>gr1.jpg</xocs:filename><xocs:extension>jpg</xocs:extension><xocs:filesize>46928</xocs:filesize><xocs:pixel-height>189</xocs:pixel-height><xocs:pixel-width>511</xocs:pixel-width><xocs:attachment-type>IMAGE-DOWNSAMPLED</xocs:attachment-type></xocs:attachment><xocs:attachment><xocs:attachment-eid>1-s2.0-S0167931711005120-fx1.jpg</xocs:attachment-eid><xocs:ucs-locator>https://s3.amazonaws.com/prod-ucs-content-store-us-east/content/pii:S0167931711005120/fx1/DOWNSAMPLED/image/jpeg/93202d1e3a31a2b033aafa6c2816b70b/fx1.jpg</xocs:ucs-locator><xocs:ucs-locator>https://s3-eu-west-1.amazonaws.com/prod-ucs-content-store-eu-west/content/pii:S0167931711005120/fx1/DOWNSAMPLED/image/jpeg/93202d1e3a31a2b033aafa6c2816b70b/fx1.jpg</xocs:ucs-locator><xocs:file-basename>fx1</xocs:file-basename><xocs:abstract-attachment>true</xocs:abstract-attachment><xocs:filename>fx1.jpg</xocs:filename><xocs:extension>jpg</xocs:extension><xocs:filesize>40424</xocs:filesize><xocs:pixel-height>178</xocs:pixel-height><xocs:pixel-width>500</xocs:pixel-width><xocs:attachment-type>IMAGE-DOWNSAMPLED</xocs:attachment-type></xocs:attachment><xocs:attachment><xocs:attachment-eid>1-s2.0-S0167931711005120-gr7b.sml</xocs:attachment-eid><xocs:ucs-locator>https://s3.amazonaws.com/prod-ucs-content-store-us-east/content/pii:S0167931711005120/gr7b/THUMBNAIL/image/gif/d07df77bc1b010ea5d87956ae8cf5d71/gr7b.sml</xocs:ucs-locator><xocs:ucs-locator>https://s3-eu-west-1.amazonaws.com/prod-ucs-content-store-eu-west/content/pii:S0167931711005120/gr7b/THUMBNAIL/image/gif/d07df77bc1b010ea5d87956ae8cf5d71/gr7b.sml</xocs:ucs-locator><xocs:file-basename>gr7b</xocs:file-basename><xocs:filename>gr7b.sml</xocs:filename><xocs:extension>sml</xocs:extension><xocs:filesize>4172</xocs:filesize><xocs:pixel-height>164</xocs:pixel-height><xocs:pixel-width>213</xocs:pixel-width><xocs:attachment-type>IMAGE-THUMBNAIL</xocs:attachment-type></xocs:attachment><xocs:attachment><xocs:attachment-eid>1-s2.0-S0167931711005120-gr7a.sml</xocs:attachment-eid><xocs:ucs-locator>https://s3.amazonaws.com/prod-ucs-content-store-us-east/content/pii:S0167931711005120/gr7a/THUMBNAIL/image/gif/4cb3dd3e844388775c36504b8d2386b5/gr7a.sml</xocs:ucs-locator><xocs:ucs-locator>https://s3-eu-west-1.amazonaws.com/prod-ucs-content-store-eu-west/content/pii:S0167931711005120/gr7a/THUMBNAIL/image/gif/4cb3dd3e844388775c36504b8d2386b5/gr7a.sml</xocs:ucs-locator><xocs:file-basename>gr7a</xocs:file-basename><xocs:filename>gr7a.sml</xocs:filename><xocs:extension>sml</xocs:extension><xocs:filesize>3846</xocs:filesize><xocs:pixel-height>156</xocs:pixel-height><xocs:pixel-width>219</xocs:pixel-width><xocs:attachment-type>IMAGE-THUMBNAIL</xocs:attachment-type></xocs:attachment><xocs:attachment><xocs:attachment-eid>1-s2.0-S0167931711005120-gr6.sml</xocs:attachment-eid><xocs:ucs-locator>https://s3.amazonaws.com/prod-ucs-content-store-us-east/content/pii:S0167931711005120/gr6/THUMBNAIL/image/gif/9bb48185ab3cf17e793b510448ae278a/gr6.sml</xocs:ucs-locator><xocs:ucs-locator>https://s3-eu-west-1.amazonaws.com/prod-ucs-content-store-eu-west/content/pii:S0167931711005120/gr6/THUMBNAIL/image/gif/9bb48185ab3cf17e793b510448ae278a/gr6.sml</xocs:ucs-locator><xocs:file-basename>gr6</xocs:file-basename><xocs:filename>gr6.sml</xocs:filename><xocs:extension>sml</xocs:extension><xocs:filesize>2535</xocs:filesize><xocs:pixel-height>87</xocs:pixel-height><xocs:pixel-width>219</xocs:pixel-width><xocs:attachment-type>IMAGE-THUMBNAIL</xocs:attachment-type></xocs:attachment><xocs:attachment><xocs:attachment-eid>1-s2.0-S0167931711005120-gr5.sml</xocs:attachment-eid><xocs:ucs-locator>https://s3.amazonaws.com/prod-ucs-content-store-us-east/content/pii:S0167931711005120/gr5/THUMBNAIL/image/gif/f2f178862c8a8149c78821a7f11f0f72/gr5.sml</xocs:ucs-locator><xocs:ucs-locator>https://s3-eu-west-1.amazonaws.com/prod-ucs-content-store-eu-west/content/pii:S0167931711005120/gr5/THUMBNAIL/image/gif/f2f178862c8a8149c78821a7f11f0f72/gr5.sml</xocs:ucs-locator><xocs:file-basename>gr5</xocs:file-basename><xocs:filename>gr5.sml</xocs:filename><xocs:extension>sml</xocs:extension><xocs:filesize>4104</xocs:filesize><xocs:pixel-height>105</xocs:pixel-height><xocs:pixel-width>219</xocs:pixel-width><xocs:attachment-type>IMAGE-THUMBNAIL</xocs:attachment-type></xocs:attachment><xocs:attachment><xocs:attachment-eid>1-s2.0-S0167931711005120-gr4.sml</xocs:attachment-eid><xocs:ucs-locator>https://s3.amazonaws.com/prod-ucs-content-store-us-east/content/pii:S0167931711005120/gr4/THUMBNAIL/image/gif/7b0b93ce00df24ee83147061ea2d8007/gr4.sml</xocs:ucs-locator><xocs:ucs-locator>https://s3-eu-west-1.amazonaws.com/prod-ucs-content-store-eu-west/content/pii:S0167931711005120/gr4/THUMBNAIL/image/gif/7b0b93ce00df24ee83147061ea2d8007/gr4.sml</xocs:ucs-locator><xocs:file-basename>gr4</xocs:file-basename><xocs:filename>gr4.sml</xocs:filename><xocs:extension>sml</xocs:extension><xocs:filesize>3553</xocs:filesize><xocs:pixel-height>164</xocs:pixel-height><xocs:pixel-width>213</xocs:pixel-width><xocs:attachment-type>IMAGE-THUMBNAIL</xocs:attachment-type></xocs:attachment><xocs:attachment><xocs:attachment-eid>1-s2.0-S0167931711005120-gr3.sml</xocs:attachment-eid><xocs:ucs-locator>https://s3.amazonaws.com/prod-ucs-content-store-us-east/content/pii:S0167931711005120/gr3/THUMBNAIL/image/gif/1c1c2dd52d819979148d2653d32cb1fc/gr3.sml</xocs:ucs-locator><xocs:ucs-locator>https://s3-eu-west-1.amazonaws.com/prod-ucs-content-store-eu-west/content/pii:S0167931711005120/gr3/THUMBNAIL/image/gif/1c1c2dd52d819979148d2653d32cb1fc/gr3.sml</xocs:ucs-locator><xocs:file-basename>gr3</xocs:file-basename><xocs:filename>gr3.sml</xocs:filename><xocs:extension>sml</xocs:extension><xocs:filesize>3713</xocs:filesize><xocs:pixel-height>164</xocs:pixel-height><xocs:pixel-width>214</xocs:pixel-width><xocs:attachment-type>IMAGE-THUMBNAIL</xocs:attachment-type></xocs:attachment><xocs:attachment><xocs:attachment-eid>1-s2.0-S0167931711005120-gr2.sml</xocs:attachment-eid><xocs:ucs-locator>https://s3.amazonaws.com/prod-ucs-content-store-us-east/content/pii:S0167931711005120/gr2/THUMBNAIL/image/gif/314c98d11a5a1041a722cb487a7f8564/gr2.sml</xocs:ucs-locator><xocs:ucs-locator>https://s3-eu-west-1.amazonaws.com/prod-ucs-content-store-eu-west/content/pii:S0167931711005120/gr2/THUMBNAIL/image/gif/314c98d11a5a1041a722cb487a7f8564/gr2.sml</xocs:ucs-locator><xocs:file-basename>gr2</xocs:file-basename><xocs:filename>gr2.sml</xocs:filename><xocs:extension>sml</xocs:extension><xocs:filesize>5904</xocs:filesize><xocs:pixel-height>163</xocs:pixel-height><xocs:pixel-width>142</xocs:pixel-width><xocs:attachment-type>IMAGE-THUMBNAIL</xocs:attachment-type></xocs:attachment><xocs:attachment><xocs:attachment-eid>1-s2.0-S0167931711005120-gr1.sml</xocs:attachment-eid><xocs:ucs-locator>https://s3.amazonaws.com/prod-ucs-content-store-us-east/content/pii:S0167931711005120/gr1/THUMBNAIL/image/gif/837b84ce7ddaca43d0d71935e12b0fa9/gr1.sml</xocs:ucs-locator><xocs:ucs-locator>https://s3-eu-west-1.amazonaws.com/prod-ucs-content-store-eu-west/content/pii:S0167931711005120/gr1/THUMBNAIL/image/gif/837b84ce7ddaca43d0d71935e12b0fa9/gr1.sml</xocs:ucs-locator><xocs:file-basename>gr1</xocs:file-basename><xocs:filename>gr1.sml</xocs:filename><xocs:extension>sml</xocs:extension><xocs:filesize>5754</xocs:filesize><xocs:pixel-height>81</xocs:pixel-height><xocs:pixel-width>219</xocs:pixel-width><xocs:attachment-type>IMAGE-THUMBNAIL</xocs:attachment-type></xocs:attachment><xocs:attachment><xocs:attachment-eid>1-s2.0-S0167931711005120-fx1.sml</xocs:attachment-eid><xocs:ucs-locator>https://s3.amazonaws.com/prod-ucs-content-store-us-east/content/pii:S0167931711005120/fx1/THUMBNAIL/image/gif/7c1f0c676a714755472e8942599f6556/fx1.sml</xocs:ucs-locator><xocs:ucs-locator>https://s3-eu-west-1.amazonaws.com/prod-ucs-content-store-eu-west/content/pii:S0167931711005120/fx1/THUMBNAIL/image/gif/7c1f0c676a714755472e8942599f6556/fx1.sml</xocs:ucs-locator><xocs:file-basename>fx1</xocs:file-basename><xocs:abstract-attachment>true</xocs:abstract-attachment><xocs:filename>fx1.sml</xocs:filename><xocs:extension>sml</xocs:extension><xocs:filesize>5274</xocs:filesize><xocs:pixel-height>78</xocs:pixel-height><xocs:pixel-width>219</xocs:pixel-width><xocs:attachment-type>IMAGE-THUMBNAIL</xocs:attachment-type></xocs:attachment></xocs:attachments></xocs:attachment-metadata-doc></xocs:meta><xocs:serial-item><article xmlns="http://www.elsevier.com/xml/ja/dtd" docsubtype="fla" xml:lang="en" version="5.1"><item-info><jid>MEE</jid><aid>8113</aid><ce:pii>S0167-9317(11)00512-0</ce:pii><ce:doi>10.1016/j.mee.2011.05.016</ce:doi><ce:copyright type="full-transfer" year="2011">Elsevier B.V.</ce:copyright></item-info><ce:floats><ce:figure id="f0005"><ce:label>Fig. 1</ce:label><ce:caption><ce:simple-para id="sp010" view="all">(a) SEM-image (back scattered electrons) showing deposited Ni-particles with a maximum length of 100<ce:hsp sp="0.25"/>nm and (b) precipitated Ni-structures with a maximum elongation of 1<ce:hsp sp="0.25"/>μm within the pores.</ce:simple-para></ce:caption><ce:link locator="gr1"/></ce:figure><ce:figure id="f0010"><ce:label>Fig. 2</ce:label><ce:caption><ce:simple-para id="sp015" view="all">Ni-particles of 3–6<ce:hsp sp="0.25"/>nm in size deposited in a tube-like arrangement around the pore wall. The thickness if the tube is about 5<ce:hsp sp="0.25"/>nm and the tube diameter is about 60<ce:hsp sp="0.25"/>nm.</ce:simple-para></ce:caption><ce:link locator="gr2"/></ce:figure><ce:figure id="f0015"><ce:label>Fig. 3</ce:label><ce:caption><ce:simple-para id="sp020" view="all">Temperature dependence of the coercivities of porous silicon with deposited Ni-particles (&lt;100<ce:hsp sp="0.25"/>nm) measured in two directions of magnetization with an applied field perpendicular (squares) and parallel (triangles) to the surface. The temperature is varied between 4 and 250<ce:hsp sp="0.25"/>K.</ce:simple-para></ce:caption><ce:link locator="gr3"/></ce:figure><ce:figure id="f0020"><ce:label>Fig. 4</ce:label><ce:caption><ce:simple-para id="sp025" view="all">Coercivities of samples with elongated Ni-structures (∼1<ce:hsp sp="0.25"/>μm) deposited within the pores. H<ce:inf loc="post">C</ce:inf> decreases with increasing temperature. The coercivities are smaller if the magnetic field is applied parallel to the sample surface.</ce:simple-para></ce:caption><ce:link locator="gr4"/></ce:figure><ce:figure id="f0025"><ce:label>Fig. 5</ce:label><ce:caption><ce:simple-para id="sp030" view="all">(a) Magnetization of a specimen with Ni-particles with a distance much greater than their size, measured at <ce:italic>T</ce:italic><ce:hsp sp="0.25"/>=<ce:hsp sp="0.25"/>4<ce:hsp sp="0.25"/>K with a magnetic field applied perpendicular (full line) and parallel (dotted line) to the surface, respectively. There is no significant anisotropy, the coercivities are nearly equal (H<ce:inf loc="post">C</ce:inf><ce:hsp sp="0.25"/>=<ce:hsp sp="0.25"/>800 Oe). (b) Cross-sectional SEM-image showing the spare distribution of the Ni-particles.</ce:simple-para></ce:caption><ce:link locator="gr5"/></ce:figure><ce:figure id="f0030"><ce:label>Fig. 6</ce:label><ce:caption><ce:simple-para id="sp035" view="all">Temperature dependent magnetic remanence M<ce:inf loc="post">R</ce:inf> for porous silicon containing Ni-particles (a) and Ni-wires (b). The measurements have been performed with a magnetic fields applied perpendicular and parallel to the sample surface.</ce:simple-para></ce:caption><ce:link locator="gr6"/></ce:figure><ce:figure id="f0035"><ce:label>Fig. 7a</ce:label><ce:caption><ce:simple-para id="sp040" view="all">Temperature dependent magnetization measurements (<ce:italic>T</ce:italic> between 4 and 350<ce:hsp sp="0.25"/>K) of a porous silicon/Ni composite containing mainly elongated Ni-structures. Strong coupling and demagnetizing effects of the wire-like structures are responsible for the flat shape of the ZFC/FC curves.</ce:simple-para></ce:caption><ce:link locator="gr7a"/></ce:figure><ce:figure id="f0040"><ce:label>Fig. 7b</ce:label><ce:caption><ce:simple-para id="sp045" view="all">ZFC/FC measurements of porous silicon with deposited Ni-particles performed between <ce:italic>T</ce:italic><ce:hsp sp="0.25"/>=<ce:hsp sp="0.25"/>4<ce:hsp sp="0.25"/>K and <ce:italic>T</ce:italic><ce:hsp sp="0.25"/>=<ce:hsp sp="0.25"/>300<ce:hsp sp="0.25"/>K. The broad peak is due to a broad particle size distribution (known from TEM-images). The blocking temperature around 50<ce:hsp sp="0.25"/>K indicates dipolar coupling between the particles.</ce:simple-para></ce:caption><ce:link locator="gr7b"/></ce:figure></ce:floats><head><ce:title>Magnetically interacting low dimensional Ni-nanostructures within porous silicon</ce:title><ce:author-group><ce:author><ce:given-name>K.</ce:given-name><ce:surname>Rumpf</ce:surname><ce:cross-ref refid="aff1"><ce:sup loc="post">a</ce:sup></ce:cross-ref><ce:cross-ref refid="cor1"><ce:sup loc="post">⁎</ce:sup></ce:cross-ref><ce:e-address type="email">klemens.rumpf@uni-graz.at</ce:e-address></ce:author><ce:author><ce:given-name>P.</ce:given-name><ce:surname>Granitzer</ce:surname><ce:cross-ref refid="aff1"><ce:sup loc="post">a</ce:sup></ce:cross-ref></ce:author><ce:author><ce:given-name>G.</ce:given-name><ce:surname>Hilscher</ce:surname><ce:cross-ref refid="aff2"><ce:sup loc="post">b</ce:sup></ce:cross-ref></ce:author><ce:author><ce:given-name>M.</ce:given-name><ce:surname>Albu</ce:surname><ce:cross-ref refid="aff3"><ce:sup loc="post">c</ce:sup></ce:cross-ref></ce:author><ce:author><ce:given-name>P.</ce:given-name><ce:surname>Poelt</ce:surname><ce:cross-ref refid="aff3"><ce:sup loc="post">c</ce:sup></ce:cross-ref></ce:author><ce:affiliation id="aff1"><ce:label>a</ce:label><ce:textfn>Institute of Physics, Karl Franzens University Graz, Universitaetsplatz 5, A-8010 Graz, Austria</ce:textfn></ce:affiliation><ce:affiliation id="aff2"><ce:label>b</ce:label><ce:textfn>Institute of Solid State Physics, Vienna University of Technology, Wiedner Hauptstr. 8, 1040 Vienna, Austria</ce:textfn></ce:affiliation><ce:affiliation id="aff3"><ce:label>c</ce:label><ce:textfn>Institute for Electron Microscopy, University of Technology Graz, Steyrergasse 17, A-8010 Graz, Austria</ce:textfn></ce:affiliation><ce:correspondence id="cor1"><ce:label>⁎</ce:label><ce:text>Corresponding author.</ce:text></ce:correspondence></ce:author-group><ce:abstract class="graphical" xml:lang="en"><ce:section-title>Graphical abstract</ce:section-title><ce:abstract-sec><ce:simple-para id="sp050" view="all"/></ce:abstract-sec><ce:figure id="f0045"><ce:link locator="fx1"/></ce:figure></ce:abstract><ce:abstract class="author" xml:lang="en"><ce:section-title>Abstract</ce:section-title><ce:abstract-sec><ce:simple-para id="sp005" view="all">Electrodeposition of ferromagnetic metals, a common method to fabricate magnetic nanostructures, is used for the incorporation of Ni structures into the pores of porous silicon templates. The porous silicon is fabricated in various morphologies with average pore-diameters between 40 and 95<ce:hsp sp="0.25"/>nm and concomitant pore-distances between 60 and 40<ce:hsp sp="0.25"/>nm. The metal nanostructures are deposited with different geometries as spheres, ellipsoids or wires influenced by the deposition process parameters. Furthermore small Ni-particles with diameters between 3 and 6<ce:hsp sp="0.25"/>nm can be deposited on the walls of the porous silicon template forming a metal tube. Analysis of this tube-like arrangement by transmission electron microscopy (TEM) shows that the distribution of the Ni-particles is quite narrow, which means that the distance between the particles is smaller than 10<ce:hsp sp="0.25"/>nm. Such a close arrangement of the Ni-particles assures magnetic interactions between them. Due to their size these small Ni-particles are superparamagnetic but dipolar coupling between them results in a ferromagnetic behavior of the whole system. Thus a semiconducting/ferromagnetic hybrid material with a broad range of magnetic properties can be fabricated. Furthermore this composite is an interesting candidate for silicon based applications and the compatibility with today’s process technology.</ce:simple-para></ce:abstract-sec></ce:abstract><ce:keywords class="keyword"><ce:section-title>Keywords</ce:section-title><ce:keyword><ce:text>Porous silicon</ce:text></ce:keyword><ce:keyword><ce:text>Electrodeposition</ce:text></ce:keyword><ce:keyword><ce:text>Magnetic nanostructures</ce:text></ce:keyword><ce:keyword><ce:text>Ferromagnetism</ce:text></ce:keyword></ce:keywords></head><body view="all"><ce:sections><ce:section id="s0005" view="all"><ce:label>1</ce:label><ce:section-title>Introduction</ce:section-title><ce:para id="p0005" view="all">There is much interest in the fabrication of materials when their characteristic length scale comes into the nanometer range not only because of the miniaturized size but also because of the arising novel physical properties. The fabrication of nanostructures is often achieved by top-down or bottom-up processes in using lithographic methods but of special interest is also the self-assembly of nanostructures and nanoparticles on surfaces and in 3-dimensional arrays. Many works report on nanoparticles dispersed in a host material as another metal <ce:cross-ref refid="b0005">[1]</ce:cross-ref> or a nonmagnetic matrix <ce:cross-ref refid="b0010">[2]</ce:cross-ref>. In many cases polymers are utilized as matrix to investigate the properties of the composite as well as the interaction between the magnetic particles <ce:cross-ref refid="b0015">[3]</ce:cross-ref>. Silica is also used as host for the fabrication of a superparamagnetic composite material with particle-size dependent properties <ce:cross-ref refid="b0020">[4]</ce:cross-ref>. Metal nanostructures are often deposited within the pores of porous materials <ce:cross-refs refid="b0025 b0030 b0035">[5–7]</ce:cross-refs> to investigate the deposition process or for various applications. In the present work we report on the incorporation of various Ni nanostructures into the pores of porous silicon to achieve a magnetic/semiconducting composite. Porous silicon matrices with straight channels grown normal to the silicon surface are fabricated and within the pores ferromagnetic metal structures are electrochemically deposited. The shape and size of the deposits as well as the spatial distribution within the pores can be controlled by the electrochemical process parameters and thus samples with adjustable magnetic properties can be achieved. The combination of a semiconductor and a ferromagnetic material in one system brings together the electronic properties of silicon and the ferromagnetic behavior of the Ni nanostructures.</ce:para></ce:section><ce:section id="s0010" view="all"><ce:label>2</ce:label><ce:section-title>Experiments</ce:section-title><ce:para id="p0010" view="all">For the formation of mesoporous silicon matrices highly <ce:italic>n</ce:italic>-doped silicon is used as substrate. The pore formation is carried out by anodization in an 8<ce:hsp sp="0.25"/>wt% aqueous hydrofluoric acid solution. By varying the current density between 50 and 150<ce:hsp sp="0.25"/>mA/cm<ce:sup loc="post">2</ce:sup> matrices with pore-diameters between 35 and 100<ce:hsp sp="0.25"/>nm can be fabricated. The anodization is performed under electrical breakdown conditions and thus illumination of the backside of the samples to generate carriers is not necessary. The pores are straight and separated from each other, whereas the main growth direction is the (1<ce:hsp sp="0.25"/>0<ce:hsp sp="0.25"/>0)-direction. The pore-arrangement is self-assembled and offers a four-fold symmetry under certain conditions. Such more or less regular structures are obtained by applying a constant current density between 75 and 100<ce:hsp sp="0.25"/>mA/cm<ce:sup loc="post">2</ce:sup> <ce:cross-ref refid="b0040">[8]</ce:cross-ref>. For higher current densities the critical current density <ce:italic>J</ce:italic><ce:inf loc="post">PS</ce:inf> is reached and instead of pore formation electropolishing at the porous silicon/silicon border takes place <ce:cross-ref refid="b0045">[9]</ce:cross-ref>, whereas in the case of lower current densities the pore-diameter becomes smaller and less regular. In the case of smaller pore-diameters (&lt;35<ce:hsp sp="0.25"/>nm) the distance between the pores becomes greater than twice the thickness of the space charge region which allows the nucleation of pores in these remaining silicon walls.</ce:para><ce:para id="p0015" view="all">In a further electrochemical step within these pores a ferromagnetic metal as Ni is deposited resulting in a composite material consisting of a silicon matrix and precipitated Ni nanostructures. The deposition is performed in a pulsed way under cathodic conditions. As electrolyte an adequate metal salt solution is employed. In the case of Ni-deposition the so called Watts electrolyte (NiCl<ce:inf loc="post">2</ce:inf>, NiSO<ce:inf loc="post">4</ce:inf>) with boric acid as buffer is used. A variation of the pulse frequencies and the current density leads to modifications of the geometry and spatial distribution within the pores of the metal deposits <ce:cross-ref refid="b0050">[10]</ce:cross-ref>. Magnetic measurements are carried out by SQUID-magnetometry (SQUID magnetometer Cryogenics) up to a magnetic field of 6<ce:hsp sp="0.25"/>T and in a temperature range between 4 and 250<ce:hsp sp="0.25"/>K. The structure and composition of the nanocomposite is investigated by scanning electron microscopy (SEM) and transmission electron microscopy (TEM).</ce:para></ce:section><ce:section id="s0015" view="all"><ce:label>3</ce:label><ce:section-title>Discussion</ce:section-title><ce:para id="p0020" view="all">The magnetic/semiconducting composite which is fabricated in two electrochemical steps offers ferromagnetic properties depending on the process parameters. The morphology of the porous silicon matrices can be varied in pore-diameter, pore-distance and pore-length. A clear separation of the channels is important to assure that metal structures of neighboring pores are not connected. Thus the current density has to be adjusted that the distance between the pores does not exceed twice the thickness of the space charge region of the substrate which is around 10<ce:hsp sp="0.25"/>nm for highly doped silicon. Dendritic growth of the pores always occurs in this morphology regime which means that small side-pores (length smaller than the pore-radius) grow in (1<ce:hsp sp="0.25"/>1<ce:hsp sp="0.25"/>1)-direction additionally to the main-pores <ce:cross-ref refid="b0055">[11]</ce:cross-ref>. The precipitation of the Ni structures within the pores takes also place by self-assembly resulting in a randomly arranged but more or less homogeneously over the entire porous matrix distributed metal nanostructure array. The cross-sectional images in <ce:cross-ref refid="f0005">Fig. 1</ce:cross-ref><ce:float-anchor refid="f0005"/> show the distribution of sphere-like and elongated Ni structures within the pores. The elongation of the Ni-structures is influenced by the pulse duration of the applied current. Spherical particles are precipitated in the case of a current density of 10<ce:hsp sp="0.25"/>mA/cm<ce:sup loc="post">2</ce:sup> and a pulse frequency of 0.025<ce:hsp sp="0.25"/>Hz. Applying the same current density and increasing the pulse frequency to 0.2<ce:hsp sp="0.25"/>Hz results in Ni wires with an elongation of a few micrometers.</ce:para><ce:para id="p0025" view="all">Increasing the current density to 25<ce:hsp sp="0.25"/>mA/cm<ce:sup loc="post">2</ce:sup> and keeping the pulse frequency low small Ni particles of 3–6<ce:hsp sp="0.25"/>nm in size are deposited on the pore walls. An enhancement of the current density leads to an increase of the packing density of the particles. Densely packed particles form a tube-like arrangement (<ce:cross-ref refid="f0010">Fig. 2</ce:cross-ref><ce:float-anchor refid="f0010"/>). The thickness of the tube wall is around 5<ce:hsp sp="0.25"/>nm and the diameter corresponds to the pore-diameter which is about 60<ce:hsp sp="0.25"/>nm.</ce:para><ce:para id="p0030" view="all">The control of the geometry and distribution of the metal deposits by adjusting accurately the electrochemical parameters leads to a nanocomposite with tunable magnetic properties in a broad range. This range can be extended by choosing different materials or alloys.</ce:para><ce:para id="p0035" view="all">In general the crystal orientation of the deposited metal structures, which is also one determining part of the magnetic behavior, can be determined from XRD but also from HRTEM-images <ce:cross-ref refid="b0060">[12]</ce:cross-ref>. In the case of Ni precipitated within the pores of porous silicon top view investigations give the information that different particles do not exhibit the same crystal orientation. In investigating the cross-section of the samples and considering an elongated single Ni-structure from preliminary measurements it can be assumed that the deposits are polycrystalline.</ce:para><ce:para id="p0040" view="all">Considering the temperature dependence of the coercivity (H<ce:inf loc="post">C</ce:inf>) of porous silicon with precipitated Ni-particles (<ce:cross-ref refid="f0015">Fig. 3</ce:cross-ref>) and elongated Ni-structures (<ce:cross-ref refid="f0020">Fig. 4</ce:cross-ref>) one sees that H<ce:inf loc="post">C</ce:inf> is smaller for the elongated structures.</ce:para><ce:para id="p0045" view="all">H<ce:inf loc="post">C</ce:inf> varies in the case of Ni-particles between 580 Oe (<ce:italic>T</ce:italic><ce:hsp sp="0.25"/>=<ce:hsp sp="0.25"/>4<ce:hsp sp="0.25"/>K) and 410 Oe (<ce:italic>T</ce:italic><ce:hsp sp="0.25"/>=<ce:hsp sp="0.25"/>250<ce:hsp sp="0.25"/>K), if the magnetic field is applied perpendicular to the sample surface meaning parallel to the pores. In the case of elongated structures H<ce:inf loc="post">C</ce:inf> decreases to values between 330 Oe (<ce:italic>T</ce:italic><ce:hsp sp="0.25"/>=<ce:hsp sp="0.25"/>4<ce:hsp sp="0.25"/>K) and 200 Oe (<ce:italic>T</ce:italic><ce:hsp sp="0.25"/>=<ce:hsp sp="0.25"/>250<ce:hsp sp="0.25"/>K). If the magnetic field is applied parallel to the sample surface a further decrease of the coercivity is always observed (<ce:cross-refs refid="f0015 f0020">Figs. 3 and 4</ce:cross-refs><ce:float-anchor refid="f0015"/><ce:float-anchor refid="f0020"/>) which are mainly caused by the shape-anisotropy of the precipitated metal-structures.</ce:para><ce:para id="p0050" view="all">The different geometry of the embedded metal structures offers various anisotropic behavior. Particles which are deposited in a dense distribution (distance between the particles in the range of the particle size) seem to interact magnetically within the pores and thus samples show a higher anisotropy between the two magnetization directions than loosely packed particles. The value of the coercivity H<ce:inf loc="post">C</ce:inf> for a magnetic field applied parallel to the surface is about 23% less than for a field applied normal to the surface. In the case of elongated structures the anisotropy is similar (∼27%). The elongated structures are packed less densely than in the case of particles but the anisotropy is caused by the shape. In the case of closely packed particles they seem to form a magnetic quasi chain resulting in a shape anisotropy. An estimation of the theoretical values of elongated Ni-structures with an aspect ratio of about 20 is in good agreement with the literature <ce:cross-ref refid="b0065">[13]</ce:cross-ref>. It is assumed that particles which are deposited with a distance much greater than their size offer a weak dipolar coupling and therefore no significant magnetic anisotropy can be observed (<ce:cross-ref refid="f0025">Fig. 5</ce:cross-ref><ce:float-anchor refid="f0025"/>).</ce:para><ce:para id="p0055" view="all">Concerning the magnetic anisotropy the crystal orientation of the deposited Ni-particles is also of interest because different crystalline phases offer various magnetocrystalline anisotropies <ce:cross-refs refid="b0060 b0070">[12,14]</ce:cross-refs>. In the case of elongated structures the shape plays a dominant role which determines the magnetic anisotropy.</ce:para><ce:para id="p0060" view="all">Considering the anisotropy between easy axis (magnetic field perpendicular to the surface) and hard axis (magnetic field parallel to the surface) magnetization the differences of the coercivities are for any morphology in the same range for the whole temperature regime (between 4 and 250<ce:hsp sp="0.25"/>K) which can be seen in <ce:cross-refs refid="f0015 f0020">Figs. 3 and 4</ce:cross-refs>.</ce:para><ce:para id="p0065" view="all">Magnetic remanence M<ce:inf loc="post">R</ce:inf> versus temperature for samples containing mainly Ni-particles and such with a high amount of precipitated Ni-wires is shown in <ce:cross-ref refid="f0030">Fig. 6</ce:cross-ref><ce:float-anchor refid="f0030"/>. In both cases the remanence decreases with increasing temperature.</ce:para><ce:para id="p0070" view="all">The blocking temperature of the various systems can be determined from zero field cooled (ZFC)/field cooled (FC) measurements. Temperature dependent measurements of samples containing mainly Ni-wires do not offer a distinct peak, which in general indicates the blocking temperature T<ce:inf loc="post">B</ce:inf> but a monotonically increasing curve with increasing temperature (ZFC-branch) and a slightly increasing FC-branch with decreasing temperature <ce:cross-ref refid="b0075">[15]</ce:cross-ref>. Both indicates that the deposits of this system strongly dipolar interact. Furthermore such flat curves indicate demagnetizing effects. The splitting of the two branches is around 325<ce:hsp sp="0.25"/>K, whereas the highest values of the ZFC-branch are around 300<ce:hsp sp="0.25"/>K which results in a <ce:italic>T</ce:italic><ce:inf loc="post">B</ce:inf> in the range of the room temperature or above (<ce:cross-ref refid="f0035">Fig. 7a</ce:cross-ref><ce:float-anchor refid="f0035"/>). In the case of deposited Ni-particles the blocked state should be more distinct but due to a broad particle size distribution which is known from TEM images the peak is quite broad and <ce:italic>T</ce:italic><ce:inf loc="post">B</ce:inf> influenced by dipolar coupling offers a value of about 50<ce:hsp sp="0.25"/>K (<ce:cross-ref refid="f0040">Fig. 7b</ce:cross-ref><ce:float-anchor refid="f0040"/>).</ce:para><ce:para id="p0075" view="all">In the case of Ni-tubes covering the pore walls the magnetic behavior is comparable with the one of wire-like structures. The difference of the coercivities between the two magnetization directions is also around 30%.</ce:para><ce:para id="p0080" view="all">All in all one can say that the presented semiconductor/metal system offers ferromagnetic properties which can be tuned by the deposition parameters by varying e.g. the puls-frequency, current density and electrolyte concentration. The temperature of the electrolyte during deposition is also an important factor but it has been kept constant at room temperature during the presented experiments.</ce:para></ce:section><ce:section id="s0020" view="all"><ce:label>4</ce:label><ce:section-title>Conclusions</ce:section-title><ce:para id="p0085" view="all">A nanocomposite system consisting of a semiconducting matrix and embedded ferromagnetic nanostructures has been fabricated. The ferromagnetic characteristics as coercivity, remanence and magnetic anisotropy of the nanocomposite can be adjusted by the electrochemical parameters. Furthermore the spatial distribution of the metal structures within the pores can be varied which means that the magnetic interactions between the particles can be influenced. In the case of densely packed particles within the pores dipolar coupling between them occurs and results in quasi magnetic chains which offer a much larger magnetic anisotropy than non-interacting particles. By modifying the current density small Ni-particles (3–6<ce:hsp sp="0.25"/>nm) can be deposited. If the packing density of these particles is sufficiently close, Ni-tubes of a few nanometer in thickness are covering the pore walls. The presented nanocomposite is an interesting system for magnetic applications as magnetic sensor technology. Silicon as substrate renders this composite a good candidate for the integration in existing process technology.</ce:para></ce:section></ce:sections><ce:acknowledgment><ce:section-title>Acknowledgements</ce:section-title><ce:para id="p0090" view="all">This work is supported by the <ce:grant-sponsor id="GS1" xlink:type="simple" xlink:role="http://www.elsevier.com/xml/linking-roles/grant-sponsor">Austrian science Fund FWF</ce:grant-sponsor> under Project P21155. The authors thank M. Dienstleder from the Institute for Electron Microscopy at the University of Technology Graz, Austria for sample preparation by focused ion beam.</ce:para></ce:acknowledgment></body><tail view="all"><ce:bibliography id="bi0005" view="all"><ce:section-title>References</ce:section-title><ce:bibliography-sec id="bs0005"><ce:bib-reference id="b0005"><ce:label>[1]</ce:label><sb:reference><sb:contribution langtype="en"><sb:authors><sb:author><ce:given-name>P.</ce:given-name><ce:surname>Nordblad</ce:surname></sb:author></sb:authors></sb:contribution><sb:host><sb:issue><sb:series><sb:title><sb:maintitle>J. Phys. D Appl. Phys.</sb:maintitle></sb:title><sb:volume-nr>41</sb:volume-nr></sb:series><sb:date>2008</sb:date></sb:issue><sb:pages><sb:first-page>134011</sb:first-page></sb:pages></sb:host></sb:reference></ce:bib-reference><ce:bib-reference id="b0010"><ce:label>[2]</ce:label><sb:reference><sb:contribution langtype="en"><sb:authors><sb:author><ce:given-name>B.</ce:given-name><ce:surname>Bräuer</ce:surname></sb:author><sb:author><ce:given-name>Y.</ce:given-name><ce:surname>Vaynzof</ce:surname></sb:author><sb:author><ce:given-name>W.</ce:given-name><ce:surname>Zhao</ce:surname></sb:author><sb:author><ce:given-name>A.</ce:given-name><ce:surname>Kahn</ce:surname></sb:author><sb:author><ce:given-name>W.</ce:given-name><ce:surname>Li</ce:surname></sb:author><sb:author><ce:given-name>D.R.T.</ce:given-name><ce:surname>Zahn</ce:surname></sb:author><sb:author><ce:given-name>C. de J.</ce:given-name><ce:surname>Fernandez</ce:surname></sb:author><sb:author><ce:given-name>C.</ce:given-name><ce:surname>Sangregorio</ce:surname></sb:author><sb:author><ce:given-name>G.</ce:given-name><ce:surname>Salvan</ce:surname></sb:author></sb:authors></sb:contribution><sb:host><sb:issue><sb:series><sb:title><sb:maintitle>J. Phys. Chem. B</sb:maintitle></sb:title><sb:volume-nr>113</sb:volume-nr></sb:series><sb:date>2009</sb:date></sb:issue><sb:pages><sb:first-page>4565</sb:first-page></sb:pages></sb:host></sb:reference></ce:bib-reference><ce:bib-reference id="b0015"><ce:label>[3]</ce:label><sb:reference><sb:contribution langtype="en"><sb:authors><sb:author><ce:given-name>N.</ce:given-name><ce:surname>Guskos</ce:surname></sb:author><sb:author><ce:given-name>J.</ce:given-name><ce:surname>Typek</ce:surname></sb:author><sb:author><ce:given-name>T.</ce:given-name><ce:surname>Bodziony</ce:surname></sb:author><sb:author><ce:given-name>Z.</ce:given-name><ce:surname>Roslaniec</ce:surname></sb:author><sb:author><ce:given-name>U.</ce:given-name><ce:surname>Narkiewicz</ce:surname></sb:author><sb:author><ce:given-name>M.</ce:given-name><ce:surname>Kwiatkowska</ce:surname></sb:author><sb:author><ce:given-name>M.</ce:given-name><ce:surname>Maryniak</ce:surname></sb:author></sb:authors></sb:contribution><sb:host><sb:issue><sb:series><sb:title><sb:maintitle>Rev. Adv. Mater. Sci.</sb:maintitle></sb:title><sb:volume-nr>12</sb:volume-nr></sb:series><sb:date>2006</sb:date></sb:issue><sb:pages><sb:first-page>133</sb:first-page></sb:pages></sb:host></sb:reference></ce:bib-reference><ce:bib-reference id="b0020"><ce:label>[4]</ce:label><sb:reference><sb:contribution langtype="en"><sb:authors><sb:author><ce:given-name>S.M.</ce:given-name><ce:surname>Montemayor</ce:surname></sb:author><sb:author><ce:given-name>L.A.</ce:given-name><ce:surname>Garcia-Cerda</ce:surname></sb:author><sb:author><ce:given-name>J.R.</ce:given-name><ce:surname>Torres-Lubian</ce:surname></sb:author><sb:author><ce:given-name>O.S.</ce:given-name><ce:surname>Rodriguez-Fernandez</ce:surname></sb:author></sb:authors></sb:contribution><sb:host><sb:issue><sb:series><sb:title><sb:maintitle>Mater. Res. Bull.</sb:maintitle></sb:title><sb:volume-nr>43</sb:volume-nr></sb:series><sb:date>2008</sb:date></sb:issue><sb:pages><sb:first-page>1112</sb:first-page></sb:pages></sb:host></sb:reference></ce:bib-reference><ce:bib-reference id="b0025"><ce:label>[5]</ce:label><sb:reference><sb:contribution langtype="en"><sb:authors><sb:author><ce:given-name>W.</ce:given-name><ce:surname>Li</ce:surname></sb:author><sb:author><ce:given-name>T.H.</ce:given-name><ce:surname>Shen</ce:surname></sb:author></sb:authors></sb:contribution><sb:host><sb:issue><sb:series><sb:title><sb:maintitle>Microelectron. Eng.</sb:maintitle></sb:title><sb:volume-nr>84</sb:volume-nr></sb:series><sb:date>2007</sb:date></sb:issue><sb:pages><sb:first-page>1436</sb:first-page></sb:pages></sb:host></sb:reference></ce:bib-reference><ce:bib-reference id="b0030"><ce:label>[6]</ce:label><sb:reference><sb:contribution langtype="en"><sb:authors><sb:author><ce:given-name>K.</ce:given-name><ce:surname>Fukami</ce:surname></sb:author><sb:author><ce:given-name>K.</ce:given-name><ce:surname>Kobayashi</ce:surname></sb:author><sb:author><ce:given-name>T.</ce:given-name><ce:surname>Matsumoto</ce:surname></sb:author><sb:author><ce:given-name>Y.L.</ce:given-name><ce:surname>Kawamura</ce:surname></sb:author><sb:author><ce:given-name>T.</ce:given-name><ce:surname>Sakka</ce:surname></sb:author><sb:author><ce:given-name>Y.H.</ce:given-name><ce:surname>Ogata</ce:surname></sb:author></sb:authors></sb:contribution><sb:host><sb:issue><sb:series><sb:title><sb:maintitle>J. Electrochem. Soc.</sb:maintitle></sb:title><sb:volume-nr>155</sb:volume-nr></sb:series><sb:date>2008</sb:date></sb:issue><sb:pages><sb:first-page>D443</sb:first-page><sb:last-page>D448</sb:last-page></sb:pages></sb:host></sb:reference></ce:bib-reference><ce:bib-reference id="b0035"><ce:label>[7]</ce:label><sb:reference><sb:contribution langtype="en"><sb:authors><sb:author><ce:given-name>Ch.</ce:given-name><ce:surname>Fang</ce:surname></sb:author><sb:author><ce:given-name>E.</ce:given-name><ce:surname>Foca</ce:surname></sb:author><sb:author><ce:given-name>S.</ce:given-name><ce:surname>Xu</ce:surname></sb:author><sb:author><ce:given-name>J.</ce:given-name><ce:surname>Carstensen</ce:surname></sb:author><sb:author><ce:given-name>H.</ce:given-name><ce:surname>Föll</ce:surname></sb:author></sb:authors></sb:contribution><sb:host><sb:issue><sb:series><sb:title><sb:maintitle>J. Electrochem. Soc.</sb:maintitle></sb:title><sb:volume-nr>154</sb:volume-nr></sb:series><sb:date>2007</sb:date></sb:issue><sb:pages><sb:first-page>D45</sb:first-page><sb:last-page>D49</sb:last-page></sb:pages></sb:host></sb:reference></ce:bib-reference><ce:bib-reference id="b0040"><ce:label>[8]</ce:label><sb:reference><sb:contribution langtype="en"><sb:authors><sb:author><ce:given-name>P.</ce:given-name><ce:surname>Granitzer</ce:surname></sb:author><sb:author><ce:given-name>K.</ce:given-name><ce:surname>Rumpf</ce:surname></sb:author><sb:author><ce:given-name>P.</ce:given-name><ce:surname>Poelt</ce:surname></sb:author><sb:author><ce:given-name>M.</ce:given-name><ce:surname>Albu</ce:surname></sb:author><sb:author><ce:given-name>B.</ce:given-name><ce:surname>Chernev</ce:surname></sb:author></sb:authors></sb:contribution><sb:host><sb:issue><sb:series><sb:title><sb:maintitle>Phys. Status Solidi C</sb:maintitle></sb:title><sb:volume-nr>6</sb:volume-nr></sb:series><sb:date>2009</sb:date></sb:issue><sb:pages><sb:first-page>2222</sb:first-page></sb:pages></sb:host></sb:reference></ce:bib-reference><ce:bib-reference id="b0045"><ce:label>[9]</ce:label><sb:reference><sb:contribution langtype="en"><sb:authors><sb:author><ce:given-name>V.</ce:given-name><ce:surname>Lehmann</ce:surname></sb:author></sb:authors></sb:contribution><sb:host><sb:issue><sb:series><sb:title><sb:maintitle>J. Electrochem. Soc.</sb:maintitle></sb:title><sb:volume-nr>140</sb:volume-nr></sb:series><sb:date>1993</sb:date></sb:issue><sb:pages><sb:first-page>2836</sb:first-page></sb:pages></sb:host></sb:reference></ce:bib-reference><ce:bib-reference id="b0050"><ce:label>[10]</ce:label><sb:reference><sb:contribution langtype="en"><sb:authors><sb:author><ce:given-name>K.</ce:given-name><ce:surname>Rumpf</ce:surname></sb:author><sb:author><ce:given-name>P.</ce:given-name><ce:surname>Granitzer</ce:surname></sb:author><sb:author><ce:given-name>P.</ce:given-name><ce:surname>Pölt</ce:surname></sb:author></sb:authors></sb:contribution><sb:host><sb:issue><sb:series><sb:title><sb:maintitle>Nanoscale Res. Lett.</sb:maintitle></sb:title><sb:volume-nr>5</sb:volume-nr></sb:series><sb:date>2010</sb:date></sb:issue><sb:pages><sb:first-page>379</sb:first-page></sb:pages></sb:host></sb:reference></ce:bib-reference><ce:bib-reference id="b0055"><ce:label>[11]</ce:label><sb:reference><sb:contribution langtype="en"><sb:authors><sb:author><ce:given-name>V.</ce:given-name><ce:surname>Lehmann</ce:surname></sb:author><sb:author><ce:given-name>S.</ce:given-name><ce:surname>Rönnebeck</ce:surname></sb:author></sb:authors></sb:contribution><sb:host><sb:issue><sb:series><sb:title><sb:maintitle>J. Electrochem. Soc.</sb:maintitle></sb:title><sb:volume-nr>164</sb:volume-nr></sb:series><sb:date>1999</sb:date></sb:issue><sb:pages><sb:first-page>2968</sb:first-page></sb:pages></sb:host></sb:reference></ce:bib-reference><ce:bib-reference id="b0060"><ce:label>[12]</ce:label><sb:reference><sb:contribution langtype="en"><sb:authors><sb:author><ce:given-name>Y.</ce:given-name><ce:surname>Chen</ce:surname></sb:author><sb:author><ce:given-name>D.-L.</ce:given-name><ce:surname>Peng</ce:surname></sb:author><sb:author><ce:given-name>D.</ce:given-name><ce:surname>Lin</ce:surname></sb:author><sb:author><ce:given-name>X.</ce:given-name><ce:surname>Luo</ce:surname></sb:author></sb:authors></sb:contribution><sb:host><sb:issue><sb:series><sb:title><sb:maintitle>Nanotechnology</sb:maintitle></sb:title><sb:volume-nr>18</sb:volume-nr></sb:series><sb:date>2007</sb:date></sb:issue><sb:pages><sb:first-page>505703</sb:first-page></sb:pages></sb:host></sb:reference></ce:bib-reference><ce:bib-reference id="b0065"><ce:label>[13]</ce:label><sb:reference><sb:contribution langtype="en"><sb:authors><sb:author><ce:given-name>R.</ce:given-name><ce:surname>Skomski</ce:surname></sb:author></sb:authors></sb:contribution><sb:host><sb:issue><sb:series><sb:title><sb:maintitle>J. Phys. Condens. Matter.</sb:maintitle></sb:title><sb:volume-nr>15</sb:volume-nr></sb:series><sb:date>2003</sb:date></sb:issue><sb:pages><sb:first-page>R841</sb:first-page></sb:pages></sb:host></sb:reference></ce:bib-reference><ce:bib-reference id="b0070"><ce:label>[14]</ce:label><sb:reference><sb:contribution langtype="en"><sb:authors><sb:author><ce:given-name>J.</ce:given-name><ce:surname>Cheng</ce:surname></sb:author><sb:author><ce:given-name>X.</ce:given-name><ce:surname>Zhang</ce:surname></sb:author><sb:author><ce:given-name>Y.</ce:given-name><ce:surname>Ye</ce:surname></sb:author></sb:authors></sb:contribution><sb:host><sb:issue><sb:series><sb:title><sb:maintitle>J. Solid State Chem.</sb:maintitle></sb:title><sb:volume-nr>179</sb:volume-nr></sb:series><sb:date>2006</sb:date></sb:issue><sb:pages><sb:first-page>91</sb:first-page></sb:pages></sb:host></sb:reference></ce:bib-reference><ce:bib-reference id="b0075"><ce:label>[15]</ce:label><sb:reference><sb:contribution langtype="en"><sb:authors><sb:author><ce:given-name>P.</ce:given-name><ce:surname>Zhang</ce:surname></sb:author><sb:author><ce:given-name>F.</ce:given-name><ce:surname>Zuo</ce:surname></sb:author><sb:author><ce:given-name>F.K.</ce:given-name><ce:surname>Urban</ce:surname></sb:author><sb:author><ce:given-name>A.</ce:given-name><ce:surname>Khabari</ce:surname></sb:author><sb:author><ce:given-name>P.</ce:given-name><ce:surname>Griffiths</ce:surname></sb:author><sb:author><ce:given-name>A.</ce:given-name><ce:surname>Hosseini-Tehrani</ce:surname></sb:author></sb:authors></sb:contribution><sb:host><sb:issue><sb:series><sb:title><sb:maintitle>J. Magn. Magn. Mater.</sb:maintitle></sb:title><sb:volume-nr>225</sb:volume-nr></sb:series><sb:date>2001</sb:date></sb:issue><sb:pages><sb:first-page>337</sb:first-page></sb:pages></sb:host></sb:reference></ce:bib-reference></ce:bibliography-sec></ce:bibliography></tail></article></xocs:serial-item></xocs:doc></originalText></full-text-retrieval-response>