<xocs:doc xsi:schemaLocation="http://www.elsevier.com/xml/xocs/dtd http://schema.elsevier.com/dtds/document/fulltext/xcr/xocs-article.xsd" xmlns:xocs="http://www.elsevier.com/xml/xocs/dtd" xmlns:xs="http://www.w3.org/2001/XMLSchema" xmlns:xsi="http://www.w3.org/2001/XMLSchema-instance" xmlns="http://www.elsevier.com/xml/ja/dtd" xmlns:ja="http://www.elsevier.com/xml/ja/dtd" xmlns:mml="http://www.w3.org/1998/Math/MathML" xmlns:tb="http://www.elsevier.com/xml/common/table/dtd" xmlns:sb="http://www.elsevier.com/xml/common/struct-bib/dtd" xmlns:ce="http://www.elsevier.com/xml/common/dtd" xmlns:xlink="http://www.w3.org/1999/xlink" xmlns:cals="http://www.elsevier.com/xml/common/cals/dtd"><xocs:meta><xocs:content-family>serial</xocs:content-family><xocs:content-type>JL</xocs:content-type><xocs:cid>271571</xocs:cid><xocs:ssids><xocs:ssid type="alllist">291210</xocs:ssid><xocs:ssid type="subj">291689</xocs:ssid><xocs:ssid type="subj">291719</xocs:ssid><xocs:ssid type="subj">291892</xocs:ssid><xocs:ssid type="content">31</xocs:ssid><xocs:ssid type="oa">90</xocs:ssid></xocs:ssids><xocs:srctitle>Materials Chemistry and Physics</xocs:srctitle><xocs:normalized-srctitle>MATERIALSCHEMISTRYPHYSICS</xocs:normalized-srctitle><xocs:orig-load-date yyyymmdd="20150225">2015-02-25</xocs:orig-load-date><xocs:ew-transaction-id>2015-03-04T02:16:21</xocs:ew-transaction-id><xocs:eid>1-s2.0-S0254058415001212</xocs:eid><xocs:pii-formatted>S0254-0584(15)00121-2</xocs:pii-formatted><xocs:pii-unformatted>S0254058415001212</xocs:pii-unformatted><xocs:doi>10.1016/j.matchemphys.2015.02.026</xocs:doi><xocs:item-stage>S300</xocs:item-stage><xocs:item-version-number>S300.1</xocs:item-version-number><xocs:item-weight>FULL-TEXT</xocs:item-weight><xocs:hub-eid>1-s2.0-S0254058415X00046</xocs:hub-eid><xocs:timestamp>2015-04-29T09:18:38.578206-04:00</xocs:timestamp><xocs:dco>0</xocs:dco><xocs:tomb>0</xocs:tomb><xocs:date-search-begin>20150401</xocs:date-search-begin><xocs:year-nav>2015</xocs:year-nav><xocs:indexeddate epoch="1424827900">2015-02-25T01:31:40.629705Z</xocs:indexeddate><xocs:articleinfo>articleinfo articletitlenorm authfirstinitialnorm authfirstsurnamenorm cid cids contenttype copyright crossmark dateloaded dateloadedtxt datesearch datesort dateupdated dco docsubtype doctype doi eid ewtransactionid fundingbodyid hubeid indexeddate issn issnnorm itemstage itemtransactionid itemweight oauserlicense openaccess openarchive pg pgfirst pglast pii piinorm pubdatestart pubdatetxt pubyr sectiontitle sortorder sponsoredaccesstype srctitle srctitlenorm srctype ssids alllist content oa subj subheadings suppl tomb volfirst volissue volumelist webpdf webpdfpagecount yearnav figure table body acknowledge affil articletitle auth authfirstini authfull authkeywords authlast grantsponsor grantsponsorid highlightsabst primabst ref</xocs:articleinfo><xocs:issns><xocs:issn-primary-formatted>0254-0584</xocs:issn-primary-formatted><xocs:issn-primary-unformatted>02540584</xocs:issn-primary-unformatted></xocs:issns><xocs:sponsored-access-type>UNLIMITED</xocs:sponsored-access-type><xocs:funding-body-id>UKPP</xocs:funding-body-id><xocs:crossmark is-crossmark="1">true</xocs:crossmark><xocs:vol-first>155</xocs:vol-first><xocs:volume-list><xocs:volume>155</xocs:volume></xocs:volume-list><xocs:suppl>C</xocs:suppl><xocs:vol-iss-suppl-text>Volume 155</xocs:vol-iss-suppl-text><xocs:sort-order>28</xocs:sort-order><xocs:first-fp>205</xocs:first-fp><xocs:last-lp>210</xocs:last-lp><xocs:pages><xocs:first-page>205</xocs:first-page><xocs:last-page>210</xocs:last-page></xocs:pages><xocs:cover-date-orig><xocs:start-date>20150401</xocs:start-date></xocs:cover-date-orig><xocs:cover-date-text>1 April 2015</xocs:cover-date-text><xocs:cover-date-start>2015-04-01</xocs:cover-date-start><xocs:cover-date-year>2015</xocs:cover-date-year><xocs:hub-sec><xocs:hub-sec-title>Articles</xocs:hub-sec-title></xocs:hub-sec><xocs:document-type>article</xocs:document-type><xocs:document-subtype>fla</xocs:document-subtype><xocs:copyright-line>Copyright © 2015 The Authors. Published by Elsevier B.V.</xocs:copyright-line><xocs:normalized-article-title>INVESTIGATIONUSECAZRO3AFACECOATMATERIALININVESTMENTCASTINGTIALALLOYS</xocs:normalized-article-title><xocs:normalized-first-auth-surname>YUAN</xocs:normalized-first-auth-surname><xocs:normalized-first-auth-initial>C</xocs:normalized-first-auth-initial><xocs:item-toc><xocs:item-toc-entry ref-elem="ce:sections"><xocs:item-toc-label>1</xocs:item-toc-label><xocs:item-toc-section-title>Introduction</xocs:item-toc-section-title></xocs:item-toc-entry><xocs:item-toc-entry ref-elem="ce:sections"><xocs:item-toc-label>2</xocs:item-toc-label><xocs:item-toc-section-title>Experimental techniques</xocs:item-toc-section-title><xocs:item-toc-entry ref-elem="ce:sections"><xocs:item-toc-label>2.1</xocs:item-toc-label><xocs:item-toc-section-title>Sample preparation</xocs:item-toc-section-title></xocs:item-toc-entry><xocs:item-toc-entry ref-elem="ce:sections"><xocs:item-toc-label>2.2</xocs:item-toc-label><xocs:item-toc-section-title>Sample characterizations</xocs:item-toc-section-title></xocs:item-toc-entry></xocs:item-toc-entry><xocs:item-toc-entry ref-elem="ce:sections"><xocs:item-toc-label>3</xocs:item-toc-label><xocs:item-toc-section-title>Results</xocs:item-toc-section-title><xocs:item-toc-entry ref-elem="ce:sections"><xocs:item-toc-label>3.1</xocs:item-toc-label><xocs:item-toc-section-title>Isothermal sintering of ceramic shells</xocs:item-toc-section-title></xocs:item-toc-entry><xocs:item-toc-entry ref-elem="ce:sections"><xocs:item-toc-label>3.2</xocs:item-toc-label><xocs:item-toc-section-title>Flash sintering of ceramic shells</xocs:item-toc-section-title></xocs:item-toc-entry><xocs:item-toc-entry ref-elem="ce:sections"><xocs:item-toc-label>3.3</xocs:item-toc-label><xocs:item-toc-section-title>The interaction between TiAl and the shell moulds</xocs:item-toc-section-title></xocs:item-toc-entry></xocs:item-toc-entry><xocs:item-toc-entry ref-elem="ce:sections"><xocs:item-toc-label>4</xocs:item-toc-label><xocs:item-toc-section-title>Discussion</xocs:item-toc-section-title><xocs:item-toc-entry ref-elem="ce:sections"><xocs:item-toc-label>4.1</xocs:item-toc-label><xocs:item-toc-section-title>The interaction between filler particles and stucco in the facecoat</xocs:item-toc-section-title></xocs:item-toc-entry><xocs:item-toc-entry ref-elem="ce:sections"><xocs:item-toc-label>4.2</xocs:item-toc-label><xocs:item-toc-section-title>The interaction between the facecoat and TiAl alloy</xocs:item-toc-section-title></xocs:item-toc-entry></xocs:item-toc-entry><xocs:item-toc-entry ref-elem="ce:sections"><xocs:item-toc-label>5</xocs:item-toc-label><xocs:item-toc-section-title>Conclusions</xocs:item-toc-section-title></xocs:item-toc-entry><xocs:item-toc-entry ref-elem="ce:acknowledgment"><xocs:item-toc-section-title>Acknowledgement</xocs:item-toc-section-title></xocs:item-toc-entry><xocs:item-toc-entry ref-elem="ce:bibliography"><xocs:item-toc-section-title>References</xocs:item-toc-section-title></xocs:item-toc-entry></xocs:item-toc><xocs:references><xocs:ref-info refid="sref1"><xocs:ref-normalized-surname>XINHUA</xocs:ref-normalized-surname><xocs:ref-pub-year>2006</xocs:ref-pub-year><xocs:ref-first-fp>1114</xocs:ref-first-fp><xocs:ref-last-lp>1122</xocs:ref-last-lp><xocs:ref-normalized-initial>W</xocs:ref-normalized-initial></xocs:ref-info><xocs:ref-info refid="sref2"><xocs:ref-normalized-surname>NAN</xocs:ref-normalized-surname><xocs:ref-pub-year>2007</xocs:ref-pub-year><xocs:ref-first-fp>112</xocs:ref-first-fp><xocs:ref-last-lp>115</xocs:ref-last-lp><xocs:ref-normalized-initial>H</xocs:ref-normalized-initial></xocs:ref-info><xocs:ref-info refid="sref3"><xocs:ref-normalized-surname>LAMIRAND</xocs:ref-normalized-surname><xocs:ref-pub-year>2006</xocs:ref-pub-year><xocs:ref-first-fp>2369</xocs:ref-first-fp><xocs:ref-last-lp>2378</xocs:ref-last-lp><xocs:ref-normalized-initial>M</xocs:ref-normalized-initial></xocs:ref-info><xocs:ref-info refid="sref4"><xocs:ref-normalized-surname>SUNG</xocs:ref-normalized-surname><xocs:ref-pub-year>2005</xocs:ref-pub-year><xocs:ref-first-fp>173</xocs:ref-first-fp><xocs:ref-last-lp>177</xocs:ref-last-lp><xocs:ref-normalized-initial>S</xocs:ref-normalized-initial></xocs:ref-info><xocs:ref-info refid="sref5"><xocs:ref-normalized-surname>CHOI</xocs:ref-normalized-surname><xocs:ref-pub-year>2013</xocs:ref-pub-year><xocs:ref-first-fp>439</xocs:ref-first-fp><xocs:ref-last-lp>444</xocs:ref-last-lp><xocs:ref-normalized-initial>B</xocs:ref-normalized-initial></xocs:ref-info><xocs:ref-info refid="sref6"><xocs:ref-normalized-surname>JIA</xocs:ref-normalized-surname><xocs:ref-pub-year>2006</xocs:ref-pub-year><xocs:ref-first-fp>3045</xocs:ref-first-fp><xocs:ref-last-lp>3049</xocs:ref-last-lp><xocs:ref-normalized-initial>Q</xocs:ref-normalized-initial></xocs:ref-info><xocs:ref-info refid="sref7"><xocs:ref-normalized-surname>JIA</xocs:ref-normalized-surname><xocs:ref-pub-year>2004</xocs:ref-pub-year><xocs:ref-first-fp>23</xocs:ref-first-fp><xocs:ref-last-lp>28</xocs:ref-last-lp><xocs:ref-normalized-initial>Q</xocs:ref-normalized-initial></xocs:ref-info><xocs:ref-info refid="sref8"><xocs:ref-normalized-surname>BARBOSA</xocs:ref-normalized-surname><xocs:ref-pub-year>2006</xocs:ref-pub-year><xocs:ref-first-fp>331</xocs:ref-first-fp><xocs:ref-last-lp>338</xocs:ref-last-lp><xocs:ref-normalized-initial>J</xocs:ref-normalized-initial></xocs:ref-info><xocs:ref-info refid="sref9"><xocs:ref-normalized-surname>BARBOSA</xocs:ref-normalized-surname><xocs:ref-pub-year>2007</xocs:ref-pub-year><xocs:ref-first-fp>945</xocs:ref-first-fp><xocs:ref-last-lp>955</xocs:ref-last-lp><xocs:ref-normalized-initial>J</xocs:ref-normalized-initial></xocs:ref-info><xocs:ref-info refid="sref10"><xocs:ref-normalized-surname>CUI</xocs:ref-normalized-surname><xocs:ref-pub-year>2010</xocs:ref-pub-year><xocs:ref-first-fp>1190</xocs:ref-first-fp><xocs:ref-last-lp>1196</xocs:ref-last-lp><xocs:ref-normalized-initial>R</xocs:ref-normalized-initial></xocs:ref-info><xocs:ref-info refid="oref1"/><xocs:ref-info refid="sref11"><xocs:ref-normalized-surname>KARTAVYKH</xocs:ref-normalized-surname><xocs:ref-pub-year>2010</xocs:ref-pub-year><xocs:ref-first-fp>347</xocs:ref-first-fp><xocs:ref-last-lp>350</xocs:ref-last-lp><xocs:ref-normalized-initial>A</xocs:ref-normalized-initial></xocs:ref-info><xocs:ref-info refid="sref12"><xocs:ref-normalized-surname>KARTAVYKH</xocs:ref-normalized-surname><xocs:ref-pub-year>2009</xocs:ref-pub-year><xocs:ref-first-fp>300</xocs:ref-first-fp><xocs:ref-last-lp>304</xocs:ref-last-lp><xocs:ref-normalized-initial>A</xocs:ref-normalized-initial></xocs:ref-info><xocs:ref-info refid="sref13"><xocs:ref-normalized-surname>KIM</xocs:ref-normalized-surname><xocs:ref-pub-year>2001</xocs:ref-pub-year><xocs:ref-first-fp>251</xocs:ref-first-fp><xocs:ref-last-lp>260</xocs:ref-last-lp><xocs:ref-normalized-initial>S</xocs:ref-normalized-initial><xocs:ref-normalized-srctitle>LIGHTWEIGHTALLOYSFORAEROSPACEAPPLICATION</xocs:ref-normalized-srctitle><xocs:ref-normalized-article-title>INVESTMENTCASTINGTITANIUMALLOYSCAOCRUCIBLECAZRO3MOLD</xocs:ref-normalized-article-title></xocs:ref-info><xocs:ref-info refid="sref14"><xocs:ref-normalized-surname>KIM</xocs:ref-normalized-surname><xocs:ref-pub-year>2004</xocs:ref-pub-year><xocs:ref-first-fp>745</xocs:ref-first-fp><xocs:ref-last-lp>750</xocs:ref-last-lp><xocs:ref-normalized-initial>M</xocs:ref-normalized-initial></xocs:ref-info><xocs:ref-info refid="sref15"><xocs:ref-normalized-surname>LI</xocs:ref-normalized-surname><xocs:ref-pub-year>2010</xocs:ref-pub-year><xocs:ref-first-fp>136</xocs:ref-first-fp><xocs:ref-last-lp>140</xocs:ref-last-lp><xocs:ref-normalized-initial>C</xocs:ref-normalized-initial></xocs:ref-info><xocs:ref-info refid="oref2"/><xocs:ref-info refid="sref16"><xocs:ref-normalized-surname>CHENG</xocs:ref-normalized-surname><xocs:ref-pub-year>2013</xocs:ref-pub-year><xocs:ref-first-fp>888</xocs:ref-first-fp><xocs:ref-last-lp>898</xocs:ref-last-lp><xocs:ref-normalized-initial>X</xocs:ref-normalized-initial></xocs:ref-info><xocs:ref-info refid="sref17"><xocs:ref-normalized-surname>YUAN</xocs:ref-normalized-surname><xocs:ref-pub-year>2013</xocs:ref-pub-year><xocs:ref-first-fp>30</xocs:ref-first-fp><xocs:ref-last-lp>35</xocs:ref-last-lp><xocs:ref-normalized-initial>C</xocs:ref-normalized-initial></xocs:ref-info><xocs:ref-info refid="sref18"><xocs:ref-normalized-surname>MURAKAMI</xocs:ref-normalized-surname><xocs:ref-pub-year>2000</xocs:ref-pub-year><xocs:ref-first-fp>25</xocs:ref-first-fp><xocs:ref-last-lp>33</xocs:ref-last-lp><xocs:ref-normalized-initial>T</xocs:ref-normalized-initial></xocs:ref-info><xocs:ref-info refid="sref19"><xocs:ref-normalized-surname>CHENG</xocs:ref-normalized-surname><xocs:ref-pub-year>2012</xocs:ref-pub-year><xocs:ref-first-fp>61</xocs:ref-first-fp><xocs:ref-last-lp>69</xocs:ref-last-lp><xocs:ref-normalized-initial>X</xocs:ref-normalized-initial></xocs:ref-info><xocs:ref-info refid="sref20"><xocs:ref-normalized-surname>CHEN</xocs:ref-normalized-surname><xocs:ref-pub-year>1992</xocs:ref-pub-year><xocs:ref-first-fp>45</xocs:ref-first-fp><xocs:ref-last-lp>49</xocs:ref-last-lp><xocs:ref-normalized-initial>X</xocs:ref-normalized-initial></xocs:ref-info><xocs:ref-info refid="sref21"><xocs:ref-normalized-surname>YANG</xocs:ref-normalized-surname><xocs:ref-pub-year>2000</xocs:ref-pub-year><xocs:ref-first-fp>296</xocs:ref-first-fp><xocs:ref-last-lp>301</xocs:ref-last-lp><xocs:ref-normalized-initial>R</xocs:ref-normalized-initial></xocs:ref-info><xocs:ref-info refid="sref22"><xocs:ref-pub-year>2006</xocs:ref-pub-year><xocs:ref-first-fp>1</xocs:ref-first-fp><xocs:ref-last-lp>14</xocs:ref-last-lp><xocs:ref-normalized-srctitle>LIGHTMETALSYSTEMSPART4ALTIZRALUMINIUMTITANIUMZIRCONIUM</xocs:ref-normalized-srctitle></xocs:ref-info><xocs:ref-info refid="sref23"><xocs:ref-normalized-surname>KOTVAL</xocs:ref-normalized-surname><xocs:ref-pub-year>1972</xocs:ref-pub-year><xocs:ref-first-fp>1308</xocs:ref-first-fp><xocs:ref-last-lp>1311</xocs:ref-last-lp><xocs:ref-normalized-initial>P</xocs:ref-normalized-initial></xocs:ref-info><xocs:ref-info refid="sref24"><xocs:ref-normalized-surname>YUAN</xocs:ref-normalized-surname><xocs:ref-pub-year>2012</xocs:ref-pub-year><xocs:ref-first-fp>4041</xocs:ref-first-fp><xocs:ref-last-lp>4049</xocs:ref-last-lp><xocs:ref-normalized-initial>C</xocs:ref-normalized-initial></xocs:ref-info><xocs:ref-info refid="sref25"><xocs:ref-normalized-surname>GOMES</xocs:ref-normalized-surname><xocs:ref-pub-year>2008</xocs:ref-pub-year><xocs:ref-first-fp>1292</xocs:ref-first-fp><xocs:ref-last-lp>1297</xocs:ref-last-lp><xocs:ref-normalized-initial>F</xocs:ref-normalized-initial></xocs:ref-info></xocs:references><xocs:attachment-metadata-doc><xocs:attachment-set-type>item</xocs:attachment-set-type><xocs:pii-formatted>S0254-0584(15)00121-2</xocs:pii-formatted><xocs:pii-unformatted>S0254058415001212</xocs:pii-unformatted><xocs:eid>1-s2.0-S0254058415001212</xocs:eid><xocs:doi>10.1016/j.matchemphys.2015.02.026</xocs:doi><xocs:cid>271571</xocs:cid><xocs:timestamp>2015-03-03T22:01:06.554928-05:00</xocs:timestamp><xocs:path>/271571/1-s2.0-S0254058415X00046/1-s2.0-S0254058415001212/</xocs:path><xocs:cover-date-start>2015-04-01</xocs:cover-date-start><xocs:sponsored-access-type>UNLIMITED</xocs:sponsored-access-type><xocs:funding-body-id>UKPP</xocs:funding-body-id><xocs:attachments><xocs:web-pdf><xocs:attachment-eid>1-s2.0-S0254058415001212-main.pdf</xocs:attachment-eid><xocs:filename>main.pdf</xocs:filename><xocs:extension>pdf</xocs:extension><xocs:pdf-optimized>true</xocs:pdf-optimized><xocs:filesize>1807027</xocs:filesize><xocs:web-pdf-purpose>MAIN</xocs:web-pdf-purpose><xocs:web-pdf-page-count>6</xocs:web-pdf-page-count><xocs:web-pdf-images><xocs:web-pdf-image><xocs:attachment-eid>1-s2.0-S0254058415001212-main_1.png</xocs:attachment-eid><xocs:filename>main_1.png</xocs:filename><xocs:extension>png</xocs:extension><xocs:filesize>114521</xocs:filesize><xocs:pixel-height>849</xocs:pixel-height><xocs:pixel-width>656</xocs:pixel-width><xocs:attachment-type>IMAGE-WEB-PDF</xocs:attachment-type><xocs:pdf-page-num>1</xocs:pdf-page-num></xocs:web-pdf-image></xocs:web-pdf-images></xocs:web-pdf><xocs:attachment><xocs:attachment-eid>1-s2.0-S0254058415001212-gr4.jpg</xocs:attachment-eid><xocs:file-basename>gr4</xocs:file-basename><xocs:filename>gr4.jpg</xocs:filename><xocs:extension>jpg</xocs:extension><xocs:filesize>53276</xocs:filesize><xocs:pixel-height>497</xocs:pixel-height><xocs:pixel-width>556</xocs:pixel-width><xocs:attachment-type>IMAGE-DOWNSAMPLED</xocs:attachment-type></xocs:attachment><xocs:attachment><xocs:attachment-eid>1-s2.0-S0254058415001212-gr1.jpg</xocs:attachment-eid><xocs:file-basename>gr1</xocs:file-basename><xocs:filename>gr1.jpg</xocs:filename><xocs:extension>jpg</xocs:extension><xocs:filesize>120290</xocs:filesize><xocs:pixel-height>443</xocs:pixel-height><xocs:pixel-width>556</xocs:pixel-width><xocs:attachment-type>IMAGE-DOWNSAMPLED</xocs:attachment-type></xocs:attachment><xocs:attachment><xocs:attachment-eid>1-s2.0-S0254058415001212-gr2.jpg</xocs:attachment-eid><xocs:file-basename>gr2</xocs:file-basename><xocs:filename>gr2.jpg</xocs:filename><xocs:extension>jpg</xocs:extension><xocs:filesize>103998</xocs:filesize><xocs:pixel-height>448</xocs:pixel-height><xocs:pixel-width>556</xocs:pixel-width><xocs:attachment-type>IMAGE-DOWNSAMPLED</xocs:attachment-type></xocs:attachment><xocs:attachment><xocs:attachment-eid>1-s2.0-S0254058415001212-gr3.jpg</xocs:attachment-eid><xocs:file-basename>gr3</xocs:file-basename><xocs:filename>gr3.jpg</xocs:filename><xocs:extension>jpg</xocs:extension><xocs:filesize>73617</xocs:filesize><xocs:pixel-height>447</xocs:pixel-height><xocs:pixel-width>556</xocs:pixel-width><xocs:attachment-type>IMAGE-DOWNSAMPLED</xocs:attachment-type></xocs:attachment><xocs:attachment><xocs:attachment-eid>1-s2.0-S0254058415001212-gr5.jpg</xocs:attachment-eid><xocs:file-basename>gr5</xocs:file-basename><xocs:filename>gr5.jpg</xocs:filename><xocs:extension>jpg</xocs:extension><xocs:filesize>30181</xocs:filesize><xocs:pixel-height>267</xocs:pixel-height><xocs:pixel-width>556</xocs:pixel-width><xocs:attachment-type>IMAGE-DOWNSAMPLED</xocs:attachment-type></xocs:attachment><xocs:attachment><xocs:attachment-eid>1-s2.0-S0254058415001212-gr4.sml</xocs:attachment-eid><xocs:file-basename>gr4</xocs:file-basename><xocs:filename>gr4.sml</xocs:filename><xocs:extension>sml</xocs:extension><xocs:filesize>11899</xocs:filesize><xocs:pixel-height>164</xocs:pixel-height><xocs:pixel-width>183</xocs:pixel-width><xocs:attachment-type>IMAGE-THUMBNAIL</xocs:attachment-type></xocs:attachment><xocs:attachment><xocs:attachment-eid>1-s2.0-S0254058415001212-gr1.sml</xocs:attachment-eid><xocs:file-basename>gr1</xocs:file-basename><xocs:filename>gr1.sml</xocs:filename><xocs:extension>sml</xocs:extension><xocs:filesize>13836</xocs:filesize><xocs:pixel-height>164</xocs:pixel-height><xocs:pixel-width>206</xocs:pixel-width><xocs:attachment-type>IMAGE-THUMBNAIL</xocs:attachment-type></xocs:attachment><xocs:attachment><xocs:attachment-eid>1-s2.0-S0254058415001212-gr2.sml</xocs:attachment-eid><xocs:file-basename>gr2</xocs:file-basename><xocs:filename>gr2.sml</xocs:filename><xocs:extension>sml</xocs:extension><xocs:filesize>12177</xocs:filesize><xocs:pixel-height>164</xocs:pixel-height><xocs:pixel-width>204</xocs:pixel-width><xocs:attachment-type>IMAGE-THUMBNAIL</xocs:attachment-type></xocs:attachment><xocs:attachment><xocs:attachment-eid>1-s2.0-S0254058415001212-gr3.sml</xocs:attachment-eid><xocs:file-basename>gr3</xocs:file-basename><xocs:filename>gr3.sml</xocs:filename><xocs:extension>sml</xocs:extension><xocs:filesize>9041</xocs:filesize><xocs:pixel-height>164</xocs:pixel-height><xocs:pixel-width>204</xocs:pixel-width><xocs:attachment-type>IMAGE-THUMBNAIL</xocs:attachment-type></xocs:attachment><xocs:attachment><xocs:attachment-eid>1-s2.0-S0254058415001212-gr5.sml</xocs:attachment-eid><xocs:file-basename>gr5</xocs:file-basename><xocs:filename>gr5.sml</xocs:filename><xocs:extension>sml</xocs:extension><xocs:filesize>5168</xocs:filesize><xocs:pixel-height>105</xocs:pixel-height><xocs:pixel-width>219</xocs:pixel-width><xocs:attachment-type>IMAGE-THUMBNAIL</xocs:attachment-type></xocs:attachment></xocs:attachments></xocs:attachment-metadata-doc><xocs:refkeys><xocs:refkey3>YUANX2015X205</xocs:refkey3><xocs:refkey4lp>YUANX2015X205X210</xocs:refkey4lp><xocs:refkey4ai>YUANX2015X205XC</xocs:refkey4ai><xocs:refkey5>YUANX2015X205X210XC</xocs:refkey5></xocs:refkeys><xocs:open-access><xocs:oa-article-status is-open-access="1" is-open-archive="0">Full</xocs:oa-article-status><xocs:oa-access-effective-date>2015-02-23T11:06:41Z</xocs:oa-access-effective-date><xocs:oa-sponsor><xocs:oa-sponsor-type>FundingBody</xocs:oa-sponsor-type></xocs:oa-sponsor><xocs:oa-user-license>http://creativecommons.org/licenses/by/4.0/</xocs:oa-user-license></xocs:open-access></xocs:meta><xocs:serial-item><article docsubtype="fla" version="5.2" xml:lang="en" xmlns:sa="http://www.elsevier.com/xml/common/struct-aff/dtd"><item-info><jid>MAC</jid><aid>17947</aid><ce:pii>S0254-0584(15)00121-2</ce:pii><ce:doi>10.1016/j.matchemphys.2015.02.026</ce:doi><ce:copyright type="other" year="2015">The Authors</ce:copyright></item-info><ce:floats><ce:figure id="fig1"><ce:label>Fig. 1</ce:label><ce:caption id="cap0010"><ce:simple-para id="fspara0010" view="all">The microstructures of different mould systems after firing at 1000 °C for 1 h, (a) &amp; (b) the stucco and facecoat particles interface, (c) the cross section image of CA mould, using alumina as stucco material and (d) the cross section images of the CZ mould, using zirconia as stucco material.</ce:simple-para></ce:caption><ce:link locator="gr1"/></ce:figure><ce:figure id="fig2"><ce:label>Fig. 2</ce:label><ce:caption id="cap0015"><ce:simple-para id="fspara0015" view="all">The microstructures of different mould systems after firing at 1650 °C for 60 s (a) CZ mould using zirconia as the facecoat stucco, (b) Higher magnification BEI of CZ mould containing grey fused spherical CaZrO<ce:inf loc="post">3</ce:inf> grains and bright ZrO<ce:inf loc="post">2</ce:inf> particles, (c) mould CA using alumina as the facecoat stucco, (d) Higher magnification BEI of CA mould containing bright phase A and grey phase B.</ce:simple-para></ce:caption><ce:link locator="gr2"/></ce:figure><ce:figure id="fig3"><ce:label>Fig. 3</ce:label><ce:caption id="cap0020"><ce:simple-para id="fspara0020" view="all">The microstructures of the sessile drop metals tested at 1650 °C for 60 s (a) with mould using Al<ce:inf loc="post">2</ce:inf>O<ce:inf loc="post">3</ce:inf> as stucco in the facecoat, (b) with mould using ZrO<ce:inf loc="post">2</ce:inf> as stucco in the facecoat (c) interaction products in metal (d) the higher magnification image of the interaction product.</ce:simple-para></ce:caption><ce:link locator="gr3"/></ce:figure><ce:figure id="fig4"><ce:label>Fig. 4</ce:label><ce:caption id="cap0025"><ce:simple-para id="fspara0025" view="all">Showing (a) the TEM image of the interaction product, (b) the diffraction pattern of phase C and (c) the EDS analysis of phase C.</ce:simple-para></ce:caption><ce:link locator="gr4"/></ce:figure><ce:figure id="fig5"><ce:label>Fig. 5</ce:label><ce:caption id="cap0030"><ce:simple-para id="fspara0030" view="all">Showing (a) the TEM image of the interaction products and (b) the diffraction pattern of phase D.</ce:simple-para></ce:caption><ce:link locator="gr5"/></ce:figure><ce:table id="tbl1" frame="topbot" colsep="0" rowsep="0" xmlns="http://www.elsevier.com/xml/common/cals/dtd"><ce:label>Table 1</ce:label><ce:caption id="cap0035"><ce:simple-para id="tspara0010" view="all">Details of composition of the mould system.</ce:simple-para></ce:caption><tgroup cols="5"><colspec colnum="1" colname="col1" colwidth="9*"/><colspec colnum="2" colname="col2" colwidth="15*"/><colspec colnum="3" colname="col3" colwidth="12*"/><colspec colnum="4" colname="col4" colwidth="30*"/><colspec colnum="5" colname="col5" colwidth="28*"/><thead><row rowsep="1" valign="top"><entry xmlns="http://www.elsevier.com/xml/common/dtd">Mould code</entry><entry xmlns="http://www.elsevier.com/xml/common/dtd">Slurry type</entry><entry xmlns="http://www.elsevier.com/xml/common/dtd">Binder</entry><entry xmlns="http://www.elsevier.com/xml/common/dtd">Filler</entry><entry xmlns="http://www.elsevier.com/xml/common/dtd">Stucco</entry></row></thead><tbody><row valign="top"><entry morerows="1" xmlns="http://www.elsevier.com/xml/common/dtd">CA</entry><entry xmlns="http://www.elsevier.com/xml/common/dtd">Primary</entry><entry xmlns="http://www.elsevier.com/xml/common/dtd">Colloidal ZrO<inf loc="post">2</inf> sol</entry><entry xmlns="http://www.elsevier.com/xml/common/dtd">ZrCaO<inf loc="post">3</inf> -325 mesh</entry><entry xmlns="http://www.elsevier.com/xml/common/dtd">Al<inf loc="post">2</inf>O<inf loc="post">3</inf> -80 mesh</entry></row><row valign="top"><entry xmlns="http://www.elsevier.com/xml/common/dtd">Secondary</entry><entry xmlns="http://www.elsevier.com/xml/common/dtd">Colloidal SiO<inf loc="post">2</inf> sol</entry><entry xmlns="http://www.elsevier.com/xml/common/dtd">Fused silica -200 mesh; Molochite -200 mesh</entry><entry xmlns="http://www.elsevier.com/xml/common/dtd">Alumino-silicate -30/80 and -16/30 mesh</entry></row><row valign="top"><entry morerows="1" xmlns="http://www.elsevier.com/xml/common/dtd">CZ</entry><entry xmlns="http://www.elsevier.com/xml/common/dtd">Primary</entry><entry xmlns="http://www.elsevier.com/xml/common/dtd">Colloidal ZrO<inf loc="post">2</inf> sol</entry><entry xmlns="http://www.elsevier.com/xml/common/dtd">ZrCaO<inf loc="post">3</inf> -325 mesh</entry><entry xmlns="http://www.elsevier.com/xml/common/dtd">Zirconia -50/100 mesh</entry></row><row valign="top"><entry xmlns="http://www.elsevier.com/xml/common/dtd">Secondary</entry><entry xmlns="http://www.elsevier.com/xml/common/dtd">Colloidal SiO<inf loc="post">2</inf> sol</entry><entry xmlns="http://www.elsevier.com/xml/common/dtd">Fused silica -200 mesh; Molochite -200 mesh</entry><entry xmlns="http://www.elsevier.com/xml/common/dtd">Alumino-silicate -30/80 and -16/30 mesh</entry></row></tbody></tgroup></ce:table><ce:table id="tbl2" frame="topbot" colsep="0" rowsep="0" xmlns="http://www.elsevier.com/xml/common/cals/dtd"><ce:label>Table 2</ce:label><ce:caption id="cap0040"><ce:simple-para id="tspara0015" view="all">The EDS analysis results of phase A and B in <ce:cross-ref refid="fig2" id="crosref0220">Fig. 2</ce:cross-ref>(d) (at%).</ce:simple-para></ce:caption><tgroup cols="6"><colspec colnum="1" colname="col1" colwidth="18*"/><colspec colnum="2" colname="col2" colwidth="17*"/><colspec colnum="3" colname="col3" colwidth="17*"/><colspec colnum="4" colname="col4" colwidth="17*"/><colspec colnum="5" colname="col5" colwidth="16*"/><colspec colnum="6" colname="col6" colwidth="6*"/><thead><row rowsep="1" valign="top"><entry xmlns="http://www.elsevier.com/xml/common/dtd">Phase</entry><entry xmlns="http://www.elsevier.com/xml/common/dtd">Ca</entry><entry xmlns="http://www.elsevier.com/xml/common/dtd">Zr</entry><entry xmlns="http://www.elsevier.com/xml/common/dtd">Al</entry><entry xmlns="http://www.elsevier.com/xml/common/dtd">Si</entry><entry xmlns="http://www.elsevier.com/xml/common/dtd">O</entry></row></thead><tbody><row valign="top"><entry xmlns="http://www.elsevier.com/xml/common/dtd">A</entry><entry align="char" char="." xmlns="http://www.elsevier.com/xml/common/dtd">6.23</entry><entry align="char" char="." xmlns="http://www.elsevier.com/xml/common/dtd">44.93</entry><entry align="char" char="." xmlns="http://www.elsevier.com/xml/common/dtd">0.82</entry><entry xmlns="http://www.elsevier.com/xml/common/dtd">–</entry><entry align="char" char="." xmlns="http://www.elsevier.com/xml/common/dtd">48.02</entry></row><row valign="top"><entry xmlns="http://www.elsevier.com/xml/common/dtd">B</entry><entry align="char" char="." xmlns="http://www.elsevier.com/xml/common/dtd">13.95</entry><entry xmlns="http://www.elsevier.com/xml/common/dtd">–</entry><entry align="char" char="." xmlns="http://www.elsevier.com/xml/common/dtd">27.99</entry><entry align="char" char="." xmlns="http://www.elsevier.com/xml/common/dtd">1.52</entry><entry align="char" char="." xmlns="http://www.elsevier.com/xml/common/dtd">56.54</entry></row></tbody></tgroup></ce:table></ce:floats><head><ce:title id="title0010">Investigation into the use of CaZrO<ce:inf loc="post">3</ce:inf> as a facecoat material in the investment casting of TiAl alloys</ce:title><ce:author-group id="augrp0010"><ce:author id="au1"><ce:given-name>C.</ce:given-name><ce:surname>Yuan</ce:surname><ce:cross-ref refid="aff1" id="crosref0010"><ce:sup loc="post">a</ce:sup></ce:cross-ref><ce:cross-ref refid="cor1" id="crosref0015"><ce:sup loc="post">∗</ce:sup></ce:cross-ref><ce:e-address type="email" id="eadd0010">c.yuan@bham.ac.uk</ce:e-address></ce:author><ce:author id="au2"><ce:given-name>X.</ce:given-name><ce:surname>Cheng</ce:surname><ce:cross-ref refid="aff1" id="crosref0020"><ce:sup loc="post">a</ce:sup></ce:cross-ref><ce:cross-ref refid="aff2" id="crosref0025"><ce:sup loc="post">b</ce:sup></ce:cross-ref></ce:author><ce:author id="au3"><ce:given-name>P.A.</ce:given-name><ce:surname>Withey</ce:surname><ce:cross-ref refid="aff1" id="crosref0030"><ce:sup loc="post">a</ce:sup></ce:cross-ref><ce:cross-ref refid="aff3" id="crosref0035"><ce:sup loc="post">c</ce:sup></ce:cross-ref></ce:author><ce:affiliation id="aff1"><ce:label>a</ce:label><ce:textfn>School of Metallurgy and Materials, The University of Birmingham, B152TT, United Kingdom</ce:textfn><sa:affiliation><sa:organization>School of Metallurgy and Materials</sa:organization><sa:organization>The University of Birmingham</sa:organization><sa:postal-code>B152TT</sa:postal-code><sa:country>United Kingdom</sa:country></sa:affiliation></ce:affiliation><ce:affiliation id="aff2"><ce:label>b</ce:label><ce:textfn>School of Material Science and Engineering, Beihang University, No, 37 Xueyuan Street, Haidian District, Beijing 100191, China</ce:textfn><sa:affiliation><sa:organization>School of Material Science and Engineering</sa:organization><sa:organization>Beihang University</sa:organization><sa:address-line>No, 37 Xueyuan Street</sa:address-line><sa:address-line>Haidian District</sa:address-line><sa:city>Beijing</sa:city><sa:postal-code>100191</sa:postal-code><sa:country>China</sa:country></sa:affiliation></ce:affiliation><ce:affiliation id="aff3"><ce:label>c</ce:label><ce:textfn>Rolls-Royce plc., United Kingdom</ce:textfn><sa:affiliation><sa:organization>Rolls-Royce plc.</sa:organization><sa:country>United Kingdom</sa:country></sa:affiliation></ce:affiliation><ce:correspondence id="cor1"><ce:label>∗</ce:label><ce:text>Corresponding author.</ce:text></ce:correspondence></ce:author-group><ce:date-received day="8" month="7" year="2014"/><ce:date-revised day="20" month="11" year="2014"/><ce:date-accepted day="20" month="2" year="2015"/><ce:abstract xml:lang="en" id="abs0010" view="all" class="author"><ce:section-title id="sectitle0010">Abstract</ce:section-title><ce:abstract-sec id="abssec0010" view="all"><ce:simple-para id="abspara0010" view="all">Research was carried out to determine the interactions between the filler and stucco materials in CaZrO<ce:inf loc="post">3</ce:inf> based facecoats during shell firing as well as between the facecoat and a TiAl alloy during the casting process. A ‘flash re-melting’ technique, which gives a similar heating profile to the actual investment casting process, was used to study the phase transformations in the shell moulds. The chemical inertness of the facecoat was then investigated using a sessile drop test using a Ti–45Al–2Nb–2Mn–0.2TiB alloy. In this study, the facecoat compositions and the interaction products between metal and shells were characterized using x-ray diffraction, scanning electron microscopy (SEM) and transmission electron microscopy (TEM). A severe interaction was found between CaZrO<ce:inf loc="post">3</ce:inf> filler and Al<ce:inf loc="post">2</ce:inf>O<ce:inf loc="post">3</ce:inf> stucco, which rapidly damaged the shell surface. As well as oxygen, zirconium and silicon ions from the shell moulds were also observed to penetrate into the TiAl metal to form (Ti, Zr)<ce:inf loc="post">5</ce:inf>(Al, Si)<ce:inf loc="post">3</ce:inf> phases in the metal/shell interfacial areas.</ce:simple-para></ce:abstract-sec></ce:abstract><ce:abstract class="author-highlights" xml:lang="en" id="abs0015" view="all"><ce:section-title id="sectitle0015">Highlights</ce:section-title><ce:abstract-sec id="abssec0015" view="all"><ce:simple-para id="abspara0015" view="all"><ce:list id="ulist0010"><ce:list-item id="u0010"><ce:label>•</ce:label><ce:para id="p0010" view="all">To determine the interactions between CaZrO<ce:inf loc="post">3</ce:inf> filler and stucco materials during shell firing.</ce:para></ce:list-item><ce:list-item id="u0015"><ce:label>•</ce:label><ce:para id="p0015" view="all">To study the reaction between the CaZrO<ce:inf loc="post">3</ce:inf> facecoat and TiAl alloy during casting.</ce:para></ce:list-item><ce:list-item id="u0020"><ce:label>•</ce:label><ce:para id="p0020" view="all">The Al<ce:inf loc="post">2</ce:inf>O<ce:inf loc="post">3</ce:inf> stucco can react with CaZrO<ce:inf loc="post">3</ce:inf> filler to form (Zr, Ca)O<ce:inf loc="post">2</ce:inf> and CaAl<ce:inf loc="post">x</ce:inf>O<ce:inf loc="post">y</ce:inf> at 1650 °C.</ce:para></ce:list-item><ce:list-item id="u0025"><ce:label>•</ce:label><ce:para id="p0025" view="all">O, Zr and Si ions from the ceramic moulds were observed to penetrate into the TiAl metal.</ce:para></ce:list-item><ce:list-item id="u0030"><ce:label>•</ce:label><ce:para id="p0030" view="all">The reaction products include (Ti, Zr)<ce:inf loc="post">5</ce:inf>(Al, Si)<ce:inf loc="post">3</ce:inf> and ZrAl<ce:inf loc="post">2</ce:inf> phase with high Ti ions solid solution.</ce:para></ce:list-item></ce:list></ce:simple-para></ce:abstract-sec></ce:abstract><ce:keywords xml:lang="en" id="kwrds0010" view="all" class="keyword"><ce:section-title id="sectitle0020">Keywords</ce:section-title><ce:keyword id="kwrd0010"><ce:text>Alloys</ce:text></ce:keyword><ce:keyword id="kwrd0015"><ce:text>Ceramics</ce:text></ce:keyword><ce:keyword id="kwrd0020"><ce:text>Oxides</ce:text></ce:keyword><ce:keyword id="kwrd0025"><ce:text>EDS</ce:text></ce:keyword><ce:keyword id="kwrd0030"><ce:text>TEM</ce:text></ce:keyword></ce:keywords></head><body view="all"><ce:sections><ce:section id="sec1" role="introduction" view="all"><ce:label>1</ce:label><ce:section-title id="sectitle0025">Introduction</ce:section-title><ce:para id="p0035" view="all">Gamma titanium aluminides are a family of low density, high performance alloys with the potential to replace current Ni-base superalloys used in the production of aero-engine components. Investment casting is one of the most economical methods to produce titanium and titanium aluminide alloy products, increasing the components' integrity and mechanical properties, whilst reducing material waste and machining cost <ce:cross-ref refid="bib1" id="crosref0040">[1]</ce:cross-ref>. Titanium aluminides are difficult to process mainly due to the low fluidity of the TiAl alloy around its melting temperature <ce:cross-ref refid="bib2" id="crosref0045">[2]</ce:cross-ref>. Due to the high affinity of elements such as oxygen, nitrogen etc., titanium and its alloys can easily interact with mould materials during the investment casting process, resulting in an interaction hardened layer being generated at the metal surface <ce:cross-refs refid="bib3 bib4" id="crosrefs0010">[3,4]</ce:cross-refs>. This hardened layer contains a large amount of dissolved oxygen, and it is very brittle and susceptible to crack generation and propagation <ce:cross-ref refid="bib5" id="crosref0050">[5]</ce:cross-ref>.</ce:para><ce:para id="p0040" view="all">The research <ce:cross-refs refid="bib6 bib7 bib8" id="crosrefs0015">[6–8]</ce:cross-refs> shows that facecoat materials such as ZrO<ce:inf loc="post">2</ce:inf> and Al<ce:inf loc="post">2</ce:inf>O<ce:inf loc="post">3</ce:inf> have acceptable chemical inertness with interaction layer thicknesses around 200–300 μm. When using Y<ce:inf loc="post">2</ce:inf>O<ce:inf loc="post">3</ce:inf> as a facecoat material, the interaction layer thickness was greatly reduced to around 10 μm <ce:cross-refs refid="bib8 bib9 bib10" id="crosrefs0020">[8–10]</ce:cross-refs>, therefore, it has been used in the investment casting of these reactive alloys since the 1990s <ce:cross-ref refid="bib11" id="crosref0055">[11]</ce:cross-ref>. Although yttria has excellent chemical inertness, it has a number of drawbacks in a production environment; combining high material cost, short slurry life and poor sintering properties. Some alternative, cheaper facecoat materials based on nitride compounds such as AlN and BN have been studied <ce:cross-refs refid="bib12 bib13" id="crosrefs0025">[12,13]</ce:cross-refs> but the poor chemical inertness of these materials made them unsuitable for use in TiAl alloy casting.</ce:para><ce:para id="p0045" view="all">From 2001 to 2004, Kim et al. <ce:cross-refs refid="bib14 bib15" id="crosrefs0030">[14,15]</ce:cross-refs> demonstrated the use of CaZrO<ce:inf loc="post">3</ce:inf> based facecoat materials to cast Ti alloys. The results showed that the CaZrO<ce:inf loc="post">3</ce:inf> facecoat had comparable chemical inertness to ZrO<ce:inf loc="post">2</ce:inf>, with a hardened layer thickness around 200 μm, at a lower cost than yttria based systems. He also reported that the order of chemical inertness of various facecoats as Al<ce:inf loc="post">2</ce:inf>O<ce:inf loc="post">3</ce:inf><ce:hsp sp="0.2"/>&lt;<ce:hsp sp="0.2"/>ZrO<ce:inf loc="post">2</ce:inf><ce:hsp sp="0.2"/>&lt;<ce:hsp sp="0.2"/>CaO &lt; CaZrO<ce:inf loc="post">3</ce:inf> when casting Ti64. Hence CaZrO<ce:inf loc="post">3</ce:inf> is a potential facecoat material for casting titanium and its alloys. Later, Li <ce:cross-ref refid="bib16" id="crosref0060">[16]</ce:cross-ref> developed a CaZrO<ce:inf loc="post">3</ce:inf> crucible by sintering a ZrO<ce:inf loc="post">2</ce:inf> and CaO powders (CaO: ZrO<ce:inf loc="post">2</ce:inf> = 1:1). In Li's study, an approximate 350 μm interaction layer thickness was detected at the Ti–6Al–4V (Ti64) alloy surface with some oxides apparent. In 2012, a study was proposed to use CaZrO<ce:inf loc="post">3</ce:inf> as filler material in the facecoat to cast titanium alloys <ce:cross-ref refid="bib17" id="crosref0065">[17]</ce:cross-ref>.</ce:para><ce:para id="p0050" view="all">However, most of the studies referenced above were based on the analysis of the chemical inertness of CaZrO<ce:inf loc="post">3</ce:inf> against Ti64 or pure titanium alloys. Due to increased interest in titanium aluminide alloys in the aerospace industry, this study initiated to enhance the understanding of the chemical inertness of CaZrO<ce:inf loc="post">3</ce:inf> as a facecoat material against molten TiAl alloys. Both Al<ce:inf loc="post">2</ce:inf>O<ce:inf loc="post">3</ce:inf> and ZrO<ce:inf loc="post">2</ce:inf> were used as stucco materials, and the interaction between stucco, filler and backup coats were characterized using SEM and EDS. The reactions between alloy and mould were investigated using a sessile drop method <ce:cross-ref refid="bib18" id="crosref0070">[18]</ce:cross-ref>, and the interaction phases at the metal mould interface areas were identified using transmission electron microscopy (TEM).</ce:para></ce:section><ce:section id="sec2" view="all"><ce:label>2</ce:label><ce:section-title id="sectitle0030">Experimental techniques</ce:section-title><ce:section id="sec2.1" view="all"><ce:label>2.1</ce:label><ce:section-title id="sectitle0035">Sample preparation</ce:section-title><ce:para id="p0055" view="all">The details of the individual primary and secondary shell mould layer constituents are listed in <ce:cross-ref refid="tbl1" id="crosref0075">Table 1</ce:cross-ref><ce:float-anchor refid="tbl1"/>. The moulds were made by first investing the wax pattern with the primary slurry which consisted of a colloidal ZrO<ce:inf loc="post">2</ce:inf> binder (Remet, Ti-coat), CaZrO<ce:inf loc="post">3</ce:inf> filler (ABSCO, -325mesh), liquid polymer (EVO STIK, PVA), wetting agent (Remet, Victawet 12) and anti-foam (Remet, Burst RSD-10). Either Al<ce:inf loc="post">2</ce:inf>O<ce:inf loc="post">3</ce:inf> (Cermatco, Al20) or monoclinic ZrO<ce:inf loc="post">2</ce:inf> stucco (UCM 30/60 mesh) was then applied to form the primary facecoat. This coat was dried at a temperature of 21 °C, 50% relative humidity and 0.2 m/s air speed for 24 h. Six backup coats were then applied. An alumino-silicate stucco (IMERYS, Molochite 30/80 mesh) was applied as the secondary stucco in layer 2 and three. A coarser alumino-silicate stucco (IMERYS, Molochite 16/30 mesh) was applied as secondary stucco in layers 4 to 7. Each secondary coat was dried at a temperature of 21 °C, 50% relative humidity and 3 m/s air speed for 90 min. Finally a seal coat of secondary slurry was applied and dried at a temperature of 21 °C, 50% relative humidity and 3 m/s air speed for 24 h. The wax inside the ceramic mould was then removed by steam autoclaving at 8 bar pressure for 5 min, followed by a controlled de-pressurization cycle at 1 bar/minute using a Quicklock Boilerclave™ (Leeds and Bradford Boiler Company Ltd., UK).</ce:para><ce:para id="p0060" view="all">The shells were firstly isothermally sintered at 1000 °C for one hour and then they were placed into a ‘flash re-melt’ sessile drop test machine <ce:cross-ref refid="bib18" id="crosref0080">[18]</ce:cross-ref>. During this test, shells were first pushed into a furnace at 1650 °C for 60<ce:hsp sp="0.25"/>s and pulled back to room temperature. Then, shells with metal placed on the top (facecoat) surface were tested under the same conditions, allowing the molten metal to interact with the ceramic shell. The titanium aluminide alloy used in this experiment was a Ti–45Al–2Mn–2Nb–0.2TiB (at%) alloy.</ce:para></ce:section><ce:section id="sec2.2" view="all"><ce:label>2.2</ce:label><ce:section-title id="sectitle0040">Sample characterizations</ce:section-title><ce:para id="p0065" view="all">Ceramic shells were cut after the firing and reaction tests, allowing the cross section of the mould to be examined. Samples were then mounted and polished for microstructural analysis. The cooled metal drops were also cut in half vertically, mounted and polished for microstructural observation using scanning electron microscopy (SEM) (Jeol-7000 series), and the metal/shell interfacial compositions were characterized using energy dispersive x-ray analysis, EDS. A focused ion beam scanning electron microscope (FIB-SEM) was later used to prepare the sample, and the interaction phases were identified using transmission electron microscope (TEM) (Jeol-2100 series).</ce:para></ce:section></ce:section><ce:section id="sec3" role="results" view="all"><ce:label>3</ce:label><ce:section-title id="sectitle0045">Results</ce:section-title><ce:section id="sec3.1" view="all"><ce:label>3.1</ce:label><ce:section-title id="sectitle0050">Isothermal sintering of ceramic shells</ce:section-title><ce:para id="p0070" view="all">The microstructures of the test pieces, after sintering at 1000 °C, are shown in <ce:cross-ref refid="fig1" id="crosref0085">Fig. 1</ce:cross-ref><ce:float-anchor refid="fig1"/>. An inhomogeneous structure was found in the moulds fired at 1000 °C with distinguishable original filler particles. The filler particles in the facecoat have varied shapes and the average filler particle sizes are around 10 μm. There are no ‘necks’ formed between filler particles after firing at 1000 °C. <ce:cross-ref refid="fig1" id="crosref0090">Fig. 1</ce:cross-ref>(b)–(d) illustrate the microstructures of mould cross section. The lower layer in the figures is the facecoat and the upper darker layers are the backup coats. The facecoat has an average thickness around 600–700 μm with the average stucco particle size around 200 μm, and no interaction was observed between the filler powders and stuccos. Some cracks appeared in the facecoat layer when using ZrO<ce:inf loc="post">2</ce:inf> as the stucco, which could be related to the change in the crystal structure of ZrO<ce:inf loc="post">2</ce:inf> material during shell firing <ce:cross-ref refid="bib19" id="crosref0095">[19]</ce:cross-ref>.</ce:para></ce:section><ce:section id="sec3.2" view="all"><ce:label>3.2</ce:label><ce:section-title id="sectitle0055">Flash sintering of ceramic shells</ce:section-title><ce:para id="p0075" view="all">After being pre-fired at 1000 °C for one hour, moulds were then put into a furnace at 1650 °C for 60<ce:hsp sp="0.25"/>s, which represents the casting conditions in the investment casting process. The microstructure of the mould was examined, as shown as in <ce:cross-ref refid="fig2" id="crosref0100">Fig. 2</ce:cross-ref><ce:float-anchor refid="fig2"/>. It can be seen from <ce:cross-ref refid="fig2" id="crosref0105">Fig. 2</ce:cross-ref>(a) that after flash sintering at 1650 °C for only 60 s, a significant sintering process took place in the facecoat, showing the fused spherical CaZrO<ce:inf loc="post">3</ce:inf> grains within a more homogeneous structure. EDS analysis of the bright inclusions identified the particles to be ZrO<ce:inf loc="post">2</ce:inf>, which is likely to originate from the binder materials. Also, as some ZrO<ce:inf loc="post">2</ce:inf> particles are similar in size to filler material, the formation of ZrO<ce:inf loc="post">2</ce:inf> particles may be due to the decomposition of CaZrO<ce:inf loc="post">3</ce:inf> filler in the facecoat. No significant interaction was found between the ZrO<ce:inf loc="post">2</ce:inf> stucco and facecoat materials after flash firing at 1650 °C for 60<ce:hsp sp="0.25"/>s, as shown as in <ce:cross-ref refid="fig2" id="crosref0110">Fig. 2</ce:cross-ref>(a) and (b). However, a severe interaction was observed between the Al<ce:inf loc="post">2</ce:inf>O<ce:inf loc="post">3</ce:inf> stucco and the CaZrO<ce:inf loc="post">3</ce:inf> facecoat, leading to the dissolution of filler and stucco materials between the facecoat and backup coats, as shown as in <ce:cross-ref refid="fig2" id="crosref0115">Fig. 2</ce:cross-ref>(c) and (d). The large dark Al<ce:inf loc="post">2</ce:inf>O<ce:inf loc="post">3</ce:inf> stucco particles are surrounded by grey and white phases, which are labelled as phase A and B in the higher magnification image 2(d). The EDS analyses of both phases A and B are listed in <ce:cross-ref refid="tbl2" id="crosref0120">Table 2</ce:cross-ref><ce:float-anchor refid="tbl2"/>, revealing that phase A is a Zr and O rich phase, and phase B, with grey contrast, is a phase rich in Ca, Al and O. These results indicated that, during flash firing, the Al<ce:inf loc="post">2</ce:inf>O<ce:inf loc="post">3</ce:inf> stucco interacted with CaZrO<ce:inf loc="post">3</ce:inf> in the facecoat, causing the outwards diffusion of Ca<ce:sup loc="post">2+</ce:sup> ions and enrichment of Zr<ce:sup loc="post">4+</ce:sup> ions in the fused CaZrO<ce:inf loc="post">3</ce:inf> filler particles. According to the CaO–Al<ce:inf loc="post">2</ce:inf>O<ce:inf loc="post">3</ce:inf>–ZrO<ce:inf loc="post">2</ce:inf> phase diagram <ce:cross-ref refid="bib20" id="crosref0125">[20]</ce:cross-ref>, at 1873 K (1600 °C) CaZrO<ce:inf loc="post">3</ce:inf> could interact with Al<ce:inf loc="post">2</ce:inf>O<ce:inf loc="post">3</ce:inf> to form a ZrO<ce:inf loc="post">2</ce:inf> phase with CaO solid solution, and CaAl<ce:inf loc="post">x</ce:inf>O<ce:inf loc="post">y</ce:inf> phases, which is similar to the experimental observations.</ce:para></ce:section><ce:section id="sec3.3" view="all"><ce:label>3.3</ce:label><ce:section-title id="sectitle0060">The interaction between TiAl and the shell moulds</ce:section-title><ce:para id="p0080" view="all">After the flash re-melt test, the metal/shell interfacial microstructures are shown in <ce:cross-ref refid="fig3" id="crosref0130">Fig. 3</ce:cross-ref><ce:float-anchor refid="fig3"/>. Severe interactions were observed between TiAl alloy and CA and CZ moulds. With the CA mould, which has alumina as the facecoat stucco, an obvious hexagonal six-fold dendritic structure was observed across the complete sessile drop (3 mm height), and this structure is likely to have resulted from the high amount of oxygen as a solid solute in the metal <ce:cross-ref refid="bib21" id="crosref0135">[21]</ce:cross-ref>. New bright phases were also found randomly distributed at the grain boundaries as shown as in <ce:cross-ref refid="fig3" id="crosref0140">Fig. 3</ce:cross-ref>(a). Compared to mould CA, using the mould CZ, which has ZrO<ce:inf loc="post">2</ce:inf> as facecoat stucco, more interaction products were formed at the grain boundaries, as shown as in <ce:cross-ref refid="fig3" id="crosref0145">Fig. 3</ce:cross-ref>(b), but no significant six-fold dendritic structure was observed. The higher magnification image of the bright phase in <ce:cross-ref refid="fig3" id="crosref0150">Fig. 3</ce:cross-ref>(d) shows that a second phase may also be present within its structure.</ce:para><ce:para id="p0085" view="all">TEM techniques were used to identify the interaction products at the grain boundaries and the results are illustrated in <ce:cross-refs refid="fig4 fig5" id="crosrefs0035">Figs. 4 and 5</ce:cross-refs><ce:float-anchor refid="fig4"/><ce:float-anchor refid="fig5"/>. The TiAl metal matrix consisted of a typical lamellar (α<ce:inf loc="post">2</ce:inf> + γ) microstructure, and the EDS analysis results revealed that bright phases C, <ce:cross-ref refid="fig4" id="crosref0155">Fig. 4</ce:cross-ref>(a), contained The TiAl metal matrix consisted of a typical lamellar (α<ce:inf loc="post">2</ce:inf> + γ) microstructure, and the EDS analysis results revealed that bright phases C, <ce:cross-ref refid="fig4" id="crosref0160">Fig. 4</ce:cross-ref>(a), contained 45.26 at% of Ti, 17.46 at% of Zr, 22.65 at% of Al and 14.63 at% of Si concentrations. The diffraction pattern of this phase shows that it has a complex hexagonal D8 structure, similar to the phase Ti<ce:inf loc="post">5</ce:inf>Si<ce:inf loc="post">3</ce:inf>. The study carried out by Chen <ce:cross-ref refid="bib22" id="crosref0225">[22]</ce:cross-ref> indicated that Zr has high solubility in TiAl alloy and it is able to dissolve around 11 at% in γ phase, and more than 25 at% in α<ce:inf loc="post">2</ce:inf> phase <ce:cross-refs refid="bib23 bib24" id="crosrefs0040">[23, 24]</ce:cross-refs>. Meanwhile, the study carried out by Kotval <ce:cross-ref refid="bib25" id="crosref0170">[25]</ce:cross-ref> and Cheng <ce:cross-ref refid="bib23" id="crosref0175">[23]</ce:cross-ref> indicated that Al ions can dissolve in Ti<ce:inf loc="post">5</ce:inf>Si<ce:inf loc="post">3</ce:inf> as Ti<ce:inf loc="post">5</ce:inf>(Al, Si)<ce:inf loc="post">3</ce:inf> phase. Hence the possible composition of phase C shown is a (Ti, Zr)<ce:inf loc="post">5</ce:inf>(Si, Al)<ce:inf loc="post">3</ce:inf> phase. The formation of (Ti, Zr)<ce:inf loc="post">5</ce:inf>(Si, Al)<ce:inf loc="post">3</ce:inf> phases at the TiAl alloy grain boundaries can be related to the reaction between the TiAl with the ZrO<ce:inf loc="post">2</ce:inf> present in the facecoat of both types of shell moulds.</ce:para><ce:para id="p0090" view="all">Besides phase C, another phase (phase D) was found to be present together with phase C, as shown as in <ce:cross-ref refid="fig5" id="crosref0180">Fig. 5</ce:cross-ref>. The EDS analysis shows that the phase D contains 53.53 at% Al, 42.35 at% Ti, and 4.12 at% Zr. The diffraction pattern of phase D has same crystal structures as phase ZrAl<ce:inf loc="post">2</ce:inf> which was also revealed by Jia <ce:cross-ref refid="bib7" id="crosref0185">[7]</ce:cross-ref>. The composition of phase D is likely to be ZrAl<ce:inf loc="post">2</ce:inf> phase with high Ti ions solid solution.</ce:para></ce:section></ce:section><ce:section id="sec4" role="discussion" view="all"><ce:label>4</ce:label><ce:section-title id="sectitle0065">Discussion</ce:section-title><ce:section id="sec4.1" view="all"><ce:label>4.1</ce:label><ce:section-title id="sectitle0070">The interaction between filler particles and stucco in the facecoat</ce:section-title><ce:para id="p0095" view="all">The stability and the inertness of the CaZrO<ce:inf loc="post">3</ce:inf> facecoats were investigated during the mould firing and casting process, using both Al<ce:inf loc="post">2</ce:inf>O<ce:inf loc="post">3</ce:inf> and ZrO<ce:inf loc="post">2</ce:inf> as facecoat stuccos. No interaction was observed between the CaZrO<ce:inf loc="post">3</ce:inf> filler and stuccos when moulds were sintered at 1000 °C for both mould systems. When moulds were heated to 1650 °C for 60<ce:hsp sp="0.25"/>s, a severe interaction was observed between the CaZrO<ce:inf loc="post">3</ce:inf> filler and Al<ce:inf loc="post">2</ce:inf>O<ce:inf loc="post">3</ce:inf> stucco. The interaction causes the degradation and dissolution of the Al<ce:inf loc="post">2</ce:inf>O<ce:inf loc="post">3</ce:inf> stucco which penetrated from facecoat into the backup coats. In the surrounding areas of the Al<ce:inf loc="post">2</ce:inf>O<ce:inf loc="post">3</ce:inf> stucco, the composition of facecoat were changed from CaZrO<ce:inf loc="post">3</ce:inf> and Al<ce:inf loc="post">2</ce:inf>O<ce:inf loc="post">3</ce:inf> to a mix of (Zr,Ca)O<ce:inf loc="post">2</ce:inf> and CaAl<ce:inf loc="post">x</ce:inf>O<ce:inf loc="post">y</ce:inf> materials. The reaction can be seen represented as:<ce:display><ce:formula id="fd1"><ce:label>(1)</ce:label><ce:chem>CaZrO<ce:inf loc="post">3</ce:inf><ce:hsp sp="0.2"/>+<ce:hsp sp="0.2"/>Al<ce:inf loc="post">2</ce:inf>O<ce:inf loc="post">3</ce:inf><ce:hsp sp="0.2"/>→<ce:hsp sp="0.2"/>(Zr,Ca)O<ce:inf loc="post">2</ce:inf> + CaAl<ce:inf loc="post">x</ce:inf>O<ce:inf loc="post">y</ce:inf></ce:chem></ce:formula></ce:display></ce:para><ce:para id="p0100" view="all">No reaction was observed in the facecoat system using ZrO<ce:inf loc="post">2</ce:inf> as the stucco material, although the cycling of mould temperatures caused crystal structure changes in the ZrO<ce:inf loc="post">2</ce:inf> stucco, resulting in cracks generated in facecoat associated with the volume change in this stucco <ce:cross-ref refid="bib19" id="crosref0190">[19]</ce:cross-ref>. This work shows that, during the high temperature casting process, the inertness of facecoat materials is not only dependent on the composition of facecoat, but also related to interaction products between the fillers and stuccos.</ce:para></ce:section><ce:section id="sec4.2" view="all"><ce:label>4.2</ce:label><ce:section-title id="sectitle0075">The interaction between the facecoat and TiAl alloy</ce:section-title><ce:para id="p0105" view="all">As previously known, the reactivity of the facecoat and TiAl alloy was dependent on the Gibbs free energy changes during the interaction. According to the free energy calculations <ce:cross-ref refid="bib17" id="crosref0195">[17]</ce:cross-ref>, the CaZrO<ce:inf loc="post">3</ce:inf> facecoat thermodynamic inertness lies between CaO and ZrO<ce:inf loc="post">2</ce:inf> materials. However, due to the reaction between the filler stucco materials, the actual interactions between the facecoat and molten TiAl were more complicated than previously understood.</ce:para><ce:para id="p0110" view="all">The use of Al<ce:inf loc="post">2</ce:inf>O<ce:inf loc="post">3</ce:inf> as the stucco material can cause an interaction to take place between the filler and stucco, resulting in the formation of phases (Zr, Ca)O<ce:inf loc="post">2</ce:inf> and CaAl<ce:inf loc="post">x</ce:inf>O<ce:inf loc="post">y</ce:inf> at the mould surface, directly in contact with the metal. During flash re-melting, molten TiAl interacted with (Zr, Ca)O<ce:inf loc="post">2</ce:inf> and CaAl<ce:inf loc="post">x</ce:inf>O<ce:inf loc="post">y</ce:inf> which formed a solid-solution with Si penetrating through from the backup coats <ce:cross-ref refid="bib26" id="crosref0200">[26]</ce:cross-ref>. Zr ions from the facecoat and Si from backup coats penetrated into the metal and reacted with TiAl to form a Ti<ce:inf loc="post">5</ce:inf>Si<ce:inf loc="post">3</ce:inf> with a Zr solid solute <ce:cross-refs refid="bib24 bib25" id="crosrefs0045">[24,25]</ce:cross-refs>. The reaction between Ti and Si is presented in equation <ce:cross-ref refid="fd2" id="crosref0205">(2)</ce:cross-ref>:<ce:display><ce:formula id="fd2"><ce:label>(2)</ce:label><ce:chem>5Ti<ce:hsp sp="0.2"/>+<ce:hsp sp="0.2"/>3Si<ce:hsp sp="0.2"/>→<ce:hsp sp="0.2"/>Ti<ce:inf loc="post">5</ce:inf>Si<ce:inf loc="post">3</ce:inf></ce:chem></ce:formula></ce:display></ce:para><ce:para id="p0115" view="all">Besides forming a silicide phase, Zr ions also form possible combined (Ti, Zr)<ce:inf loc="post">5</ce:inf>(Si, Al)<ce:inf loc="post">3</ce:inf> phase and ZrAl<ce:inf loc="post">2</ce:inf> phase with a high Ti ions solid solution, which were also revealed in this work. Meanwhile, the obvious six-fold dendritic microstructure in the sessile drop microstructures illustrated that the oxygen from the facecoat also penetrated into metal during testing using mould applied with Al<ce:inf loc="post">2</ce:inf>O<ce:inf loc="post">3</ce:inf> as the stucco. The inertness of CaZrO<ce:inf loc="post">3</ce:inf> was reduced by the reaction with Al<ce:inf loc="post">2</ce:inf>O<ce:inf loc="post">3</ce:inf>, forming phases (Zr,Ca)O<ce:inf loc="post">2</ce:inf> and CaAl<ce:inf loc="post">x</ce:inf>O<ce:inf loc="post">y</ce:inf>. Using ZrO<ce:inf loc="post">2</ce:inf> as the stucco did not cause the filler/stucco interaction. But the cracks in facecoat due to the volume change of ZrO<ce:inf loc="post">2</ce:inf> stucco did accelerate the penetration of Si from backup coat to the surface, producing more Si bearing interaction phases during metal/shell interaction. No Ca ions were detected at the metal interfacial areas, and the Ca ions could only be detected in the facecoat, similar to the results reported by Gomes <ce:cross-ref refid="bib27" id="crosref0210">[27]</ce:cross-ref>.</ce:para></ce:section></ce:section><ce:section id="sec5" role="conclusion" view="all"><ce:label>5</ce:label><ce:section-title id="sectitle0080">Conclusions</ce:section-title><ce:para id="p0120" view="all">In this experiment, a CaZrO<ce:inf loc="post">3</ce:inf> based material was used as the facecoat material to investment cast a TiAl alloy. According to these results some conclusions can be summarized as follow:</ce:para><ce:para id="p0125" view="all">The Al<ce:inf loc="post">2</ce:inf>O<ce:inf loc="post">3</ce:inf> stucco can react with CaZrO<ce:inf loc="post">3</ce:inf> filler to form (Zr, Ca)O<ce:inf loc="post">2</ce:inf> and CaAl<ce:inf loc="post">x</ce:inf>O<ce:inf loc="post">y</ce:inf> at temperatures around 1650 °C. No interaction was observed when using ZrO<ce:inf loc="post">2</ce:inf> as the stucco material except for some cracks appearing in the facecoat due to the volume change of ZrO<ce:inf loc="post">2</ce:inf> material during thermal processing. When evaluating the inertness of the facecoat material, the interaction products in the facecoat surface need to be taken into account at casting temperatures. The reaction between CaZrO<ce:inf loc="post">3</ce:inf> filler and Al<ce:inf loc="post">2</ce:inf>O<ce:inf loc="post">3</ce:inf> stucco led to six-fold dendritic microstructures appearing in the TiAl alloy due to oxygen penetration from the facecoat. Besides oxygen, Si and Zr ions from the facecoat also penetrated into the TiAl alloy to form (Ti, Zr)<ce:inf loc="post">5</ce:inf>(Si, Al)<ce:inf loc="post">3</ce:inf> and ZrAl<ce:inf loc="post">2</ce:inf> phase with high Ti ions solid solution. No Ca ions were detected in metal/shell interfacial area in this experiment.</ce:para></ce:section></ce:sections><ce:acknowledgment id="ack0010" view="all"><ce:section-title id="sectitle0090">Acknowledgement</ce:section-title><ce:para id="p0135" view="all">The authors would like to thank <ce:grant-sponsor id="gs1" sponsor-id="http://dx.doi.org/10.13039/501100000266" xlink:type="simple" xlink:role="http://www.elsevier.com/xml/linking-roles/grant-sponsor">EPSRC</ce:grant-sponsor> for financial support to this project. All the Research Fellows and Technicians in the Casting Group in the School of Metallurgy and Materials are gratefully acknowledged for their practical support.</ce:para></ce:acknowledgment></body><tail view="all"><ce:bibliography id="cebib0010" view="all"><ce:section-title id="sectitle0095">References</ce:section-title><ce:bibliography-sec id="cebibsec0010" view="all"><ce:bib-reference id="bib1"><ce:label>[1]</ce:label><sb:reference id="sref1"><sb:contribution langtype="en"><sb:authors><sb:author><ce:given-name>W.</ce:given-name><ce:surname>Xinhua</ce:surname></sb:author></sb:authors><sb:title><sb:maintitle>Review of alloy and process development of TiAl alloys</sb:maintitle></sb:title></sb:contribution><sb:host><sb:issue><sb:series><sb:title><sb:maintitle>Intermetallics</sb:maintitle></sb:title><sb:volume-nr>14</sb:volume-nr></sb:series><sb:date>2006</sb:date></sb:issue><sb:pages><sb:first-page>1114</sb:first-page><sb:last-page>1122</sb:last-page></sb:pages></sb:host></sb:reference></ce:bib-reference><ce:bib-reference id="bib2"><ce:label>[2]</ce:label><sb:reference id="sref2"><sb:contribution langtype="en"><sb:authors><sb:author><ce:given-name>H.</ce:given-name><ce:surname>Nan</ce:surname></sb:author><sb:author><ce:given-name>D.</ce:given-name><ce:surname>Huang</ce:surname></sb:author><sb:author><ce:given-name>Z.X.</ce:given-name><ce:surname>Li</ce:surname></sb:author><sb:author><ce:given-name>J.Q.</ce:given-name><ce:surname>Zhao</ce:surname></sb:author></sb:authors><sb:title><sb:maintitle>Research on investment casting of TiAl alloy agitator treated by HIP and HT</sb:maintitle></sb:title></sb:contribution><sb:host><sb:issue><sb:series><sb:title><sb:maintitle>China Foundry</sb:maintitle></sb:title><sb:volume-nr>4</sb:volume-nr></sb:series><sb:date>2007</sb:date></sb:issue><sb:pages><sb:first-page>112</sb:first-page><sb:last-page>115</sb:last-page></sb:pages></sb:host></sb:reference></ce:bib-reference><ce:bib-reference id="bib3"><ce:label>[3]</ce:label><sb:reference id="sref3"><sb:contribution langtype="en"><sb:authors><sb:author><ce:given-name>M.</ce:given-name><ce:surname>Lamirand</ce:surname></sb:author><sb:author><ce:given-name>J.</ce:given-name><ce:surname>Bonnentien</ce:surname></sb:author><sb:author><ce:given-name>S.</ce:given-name><ce:surname>Guérin</ce:surname></sb:author><sb:author><ce:given-name>G.</ce:given-name><ce:surname>Ferrière</ce:surname></sb:author><sb:author><ce:given-name>J.</ce:given-name><ce:surname>Chevalier</ce:surname></sb:author></sb:authors><sb:title><sb:maintitle>Effects of interstitial oxygen on microstructure and mechanical properties of Ti-48Al-2Cr-2Nb with fully lamellar and duplex microstructures</sb:maintitle></sb:title></sb:contribution><sb:host><sb:issue><sb:series><sb:title><sb:maintitle>Metall. Mater. Trans. A</sb:maintitle></sb:title><sb:volume-nr>37</sb:volume-nr></sb:series><sb:date>2006</sb:date></sb:issue><sb:pages><sb:first-page>2369</sb:first-page><sb:last-page>2378</sb:last-page></sb:pages></sb:host></sb:reference></ce:bib-reference><ce:bib-reference id="bib4"><ce:label>[4]</ce:label><sb:reference id="sref4"><sb:contribution langtype="en"><sb:authors><sb:author><ce:given-name>S.Y.</ce:given-name><ce:surname>Sung</ce:surname></sb:author><sb:author><ce:given-name>Y.J.</ce:given-name><ce:surname>Kim</ce:surname></sb:author></sb:authors><sb:title><sb:maintitle>Alpha-case formation mechanism on titanium investment castings</sb:maintitle></sb:title></sb:contribution><sb:host><sb:issue><sb:series><sb:title><sb:maintitle>Mater. Sci. Eng. A</sb:maintitle></sb:title><sb:volume-nr>405</sb:volume-nr></sb:series><sb:date>2005</sb:date></sb:issue><sb:pages><sb:first-page>173</sb:first-page><sb:last-page>177</sb:last-page></sb:pages></sb:host></sb:reference></ce:bib-reference><ce:bib-reference id="bib5"><ce:label>[5]</ce:label><sb:reference id="sref5"><sb:contribution langtype="en"><sb:authors><sb:author><ce:given-name>B.J.</ce:given-name><ce:surname>Choi</ce:surname></sb:author><sb:author><ce:given-name>Y.J.</ce:given-name><ce:surname>Kim</ce:surname></sb:author></sb:authors><sb:title><sb:maintitle>Effect of reacted compounds in Al<ce:inf loc="post">2</ce:inf>O<ce:inf loc="post">3</ce:inf>+Ti investment mold on alpha-case formation for Ti casting</sb:maintitle></sb:title></sb:contribution><sb:host><sb:issue><sb:series><sb:title><sb:maintitle>Met. Mater. Int.</sb:maintitle></sb:title><sb:volume-nr>19</sb:volume-nr></sb:series><sb:date>2013</sb:date></sb:issue><sb:pages><sb:first-page>439</sb:first-page><sb:last-page>444</sb:last-page></sb:pages></sb:host></sb:reference></ce:bib-reference><ce:bib-reference id="bib6"><ce:label>[6]</ce:label><sb:reference id="sref6"><sb:contribution langtype="en"><sb:authors><sb:author><ce:given-name>Q.</ce:given-name><ce:surname>Jia</ce:surname></sb:author><sb:author><ce:given-name>Y.Y.</ce:given-name><ce:surname>Cui</ce:surname></sb:author><sb:author><ce:given-name>R.</ce:given-name><ce:surname>Yang</ce:surname></sb:author></sb:authors><sb:title><sb:maintitle>A study of two refractories as mould materials for investment casting TiAl based alloys</sb:maintitle></sb:title></sb:contribution><sb:host><sb:issue><sb:series><sb:title><sb:maintitle>J. Mater. Sci.</sb:maintitle></sb:title><sb:volume-nr>41</sb:volume-nr></sb:series><sb:date>2006</sb:date></sb:issue><sb:pages><sb:first-page>3045</sb:first-page><sb:last-page>3049</sb:last-page></sb:pages></sb:host></sb:reference></ce:bib-reference><ce:bib-reference id="bib7"><ce:label>[7]</ce:label><sb:reference id="sref7"><sb:contribution langtype="en"><sb:authors><sb:author><ce:given-name>Q.</ce:given-name><ce:surname>Jia</ce:surname></sb:author><sb:author><ce:given-name>Y.Y.</ce:given-name><ce:surname>Cui</ce:surname></sb:author><sb:author><ce:given-name>R.</ce:given-name><ce:surname>Yang</ce:surname></sb:author></sb:authors><sb:title><sb:maintitle>Intensified interfacial reactions between gamma titanium aluminide and CaO stabilised ZrO<ce:inf loc="post">2</ce:inf></sb:maintitle></sb:title></sb:contribution><sb:host><sb:issue><sb:series><sb:title><sb:maintitle>Int. J. Cast Metals Res.</sb:maintitle></sb:title><sb:volume-nr>17</sb:volume-nr></sb:series><sb:date>2004</sb:date></sb:issue><sb:pages><sb:first-page>23</sb:first-page><sb:last-page>28</sb:last-page></sb:pages></sb:host></sb:reference></ce:bib-reference><ce:bib-reference id="bib8"><ce:label>[8]</ce:label><sb:reference id="sref8"><sb:contribution langtype="en"><sb:authors><sb:author><ce:given-name>J.</ce:given-name><ce:surname>Barbosa</ce:surname></sb:author><sb:author><ce:given-name>H.</ce:given-name><ce:surname>Puga</ce:surname></sb:author><sb:author><ce:given-name>C.S.</ce:given-name><ce:surname>Ribeiro</ce:surname></sb:author><sb:author><ce:given-name>O.M.N.D.</ce:given-name><ce:surname>Teodoro</ce:surname></sb:author><sb:author><ce:given-name>A.C.</ce:given-name><ce:surname>Monteiro</ce:surname></sb:author></sb:authors><sb:title><sb:maintitle>Characterisation of metal/mould interface on investment casting of γ-TiAl</sb:maintitle></sb:title></sb:contribution><sb:host><sb:issue><sb:series><sb:title><sb:maintitle>Int. J. Cast Metals Res.</sb:maintitle></sb:title><sb:volume-nr>19</sb:volume-nr></sb:series><sb:date>2006</sb:date></sb:issue><sb:pages><sb:first-page>331</sb:first-page><sb:last-page>338</sb:last-page></sb:pages></sb:host></sb:reference></ce:bib-reference><ce:bib-reference id="bib9"><ce:label>[9]</ce:label><sb:reference id="sref9"><sb:contribution langtype="en"><sb:authors><sb:author><ce:given-name>J.</ce:given-name><ce:surname>Barbosa</ce:surname></sb:author><sb:author><ce:given-name>C.S.</ce:given-name><ce:surname>Ribeiro</ce:surname></sb:author><sb:author><ce:given-name>A.C.</ce:given-name><ce:surname>Monteiro</ce:surname></sb:author></sb:authors><sb:title><sb:maintitle>Influence of superheating on casting of γ-TiAl</sb:maintitle></sb:title></sb:contribution><sb:host><sb:issue><sb:series><sb:title><sb:maintitle>Intermetallics</sb:maintitle></sb:title><sb:volume-nr>15</sb:volume-nr></sb:series><sb:date>2007</sb:date></sb:issue><sb:pages><sb:first-page>945</sb:first-page><sb:last-page>955</sb:last-page></sb:pages></sb:host></sb:reference></ce:bib-reference><ce:bib-reference id="bib10"><ce:label>[10]</ce:label><sb:reference id="sref10"><sb:contribution langtype="en"><sb:authors><sb:author><ce:given-name>R.</ce:given-name><ce:surname>Cui</ce:surname></sb:author><sb:author><ce:given-name>M.</ce:given-name><ce:surname>Gao</ce:surname></sb:author><sb:author><ce:given-name>H.</ce:given-name><ce:surname>Zhang</ce:surname></sb:author><sb:author><ce:given-name>S.</ce:given-name><ce:surname>Gong</ce:surname></sb:author></sb:authors><sb:title><sb:maintitle>Interactions between TiAl alloys and yttria refractory material in casting process</sb:maintitle></sb:title></sb:contribution><sb:host><sb:issue><sb:series><sb:title><sb:maintitle>J. Mater. Proc. Technol.</sb:maintitle></sb:title><sb:volume-nr>210</sb:volume-nr></sb:series><sb:date>2010</sb:date></sb:issue><sb:pages><sb:first-page>1190</sb:first-page><sb:last-page>1196</sb:last-page></sb:pages></sb:host></sb:reference></ce:bib-reference><ce:bib-reference id="bib11"><ce:label>[11]</ce:label><ce:other-ref id="oref1"><ce:textref>R. Horton, Method of casting a reactive metal against a surface formed from an improved slurry containing yttria, US Patent No. 5221336 A, 1993.</ce:textref></ce:other-ref></ce:bib-reference><ce:bib-reference id="bib12"><ce:label>[12]</ce:label><sb:reference id="sref11"><sb:contribution langtype="en"><sb:authors><sb:author><ce:given-name>A.V.</ce:given-name><ce:surname>Kartavykh</ce:surname></sb:author><sb:author><ce:given-name>V.V.</ce:given-name><ce:surname>Tcherdyntsev</ce:surname></sb:author><sb:author><ce:given-name>J.</ce:given-name><ce:surname>Zollinger</ce:surname></sb:author></sb:authors><sb:title><sb:maintitle>TiAl–Nb melt interaction with pyrolytic boron nitride crucibles</sb:maintitle></sb:title></sb:contribution><sb:host><sb:issue><sb:series><sb:title><sb:maintitle>Mater. Chem. Phys.</sb:maintitle></sb:title><sb:volume-nr>119</sb:volume-nr></sb:series><sb:date>2010</sb:date></sb:issue><sb:pages><sb:first-page>347</sb:first-page><sb:last-page>350</sb:last-page></sb:pages></sb:host></sb:reference></ce:bib-reference><ce:bib-reference id="bib13"><ce:label>[13]</ce:label><sb:reference id="sref12"><sb:contribution langtype="en"><sb:authors><sb:author><ce:given-name>A.V.</ce:given-name><ce:surname>Kartavykh</ce:surname></sb:author><sb:author><ce:given-name>V.V.</ce:given-name><ce:surname>Tcherdyntsev</ce:surname></sb:author><sb:author><ce:given-name>J.</ce:given-name><ce:surname>Zollinger</ce:surname></sb:author></sb:authors><sb:title><sb:maintitle>TiAl–Nb melt interaction with AlN refractory crucibles</sb:maintitle></sb:title></sb:contribution><sb:host><sb:issue><sb:series><sb:title><sb:maintitle>Mater. Chem. Phys.</sb:maintitle></sb:title><sb:volume-nr>116</sb:volume-nr></sb:series><sb:date>2009</sb:date></sb:issue><sb:pages><sb:first-page>300</sb:first-page><sb:last-page>304</sb:last-page></sb:pages></sb:host></sb:reference></ce:bib-reference><ce:bib-reference id="bib14"><ce:label>[14]</ce:label><sb:reference id="sref13"><sb:contribution langtype="en"><sb:authors><sb:author><ce:given-name>S.K.</ce:given-name><ce:surname>Kim</ce:surname></sb:author><sb:author><ce:given-name>T.K.</ce:given-name><ce:surname>Kim</ce:surname></sb:author><sb:author><ce:given-name>M.G.</ce:given-name><ce:surname>Kim</ce:surname></sb:author><sb:author><ce:given-name>T.W.</ce:given-name><ce:surname>Hong</ce:surname></sb:author><sb:author><ce:given-name>Y.J.</ce:given-name><ce:surname>Kim</ce:surname></sb:author></sb:authors><sb:title><sb:maintitle>Investment casting of titanium alloys with CaO crucible and CaZrO<ce:inf loc="post">3</ce:inf> mold</sb:maintitle></sb:title></sb:contribution><sb:host><sb:edited-book><sb:title><sb:maintitle>Lightweight Alloys for Aerospace Application</sb:maintitle></sb:title><sb:date>2001</sb:date><sb:publisher><sb:name>John Wiley &amp; Sons, Inc.</sb:name></sb:publisher></sb:edited-book><sb:pages><sb:first-page>251</sb:first-page><sb:last-page>260</sb:last-page></sb:pages></sb:host></sb:reference></ce:bib-reference><ce:bib-reference id="bib15"><ce:label>[15]</ce:label><sb:reference id="sref14"><sb:contribution langtype="en"><sb:authors><sb:author><ce:given-name>M.G.</ce:given-name><ce:surname>Kim</ce:surname></sb:author><sb:author><ce:given-name>S.K.</ce:given-name><ce:surname>Kim</ce:surname></sb:author><sb:author><ce:given-name>Y.J.</ce:given-name><ce:surname>Kim</ce:surname></sb:author></sb:authors><sb:title><sb:maintitle>Effect of mold material and binder on metal-mold interfacial reaction for investment castings of titanium alloys</sb:maintitle></sb:title></sb:contribution><sb:host><sb:issue><sb:series><sb:title><sb:maintitle>Mater. Trans.</sb:maintitle></sb:title><sb:volume-nr>43</sb:volume-nr></sb:series><sb:date>2004</sb:date></sb:issue><sb:pages><sb:first-page>745</sb:first-page><sb:last-page>750</sb:last-page></sb:pages></sb:host></sb:reference></ce:bib-reference><ce:bib-reference id="bib16"><ce:label>[16]</ce:label><sb:reference id="sref15"><sb:contribution langtype="en"><sb:authors><sb:author><ce:given-name>C.H.</ce:given-name><ce:surname>Li</ce:surname></sb:author><sb:author><ce:given-name>Y.H.</ce:given-name><ce:surname>Gao</ce:surname></sb:author><sb:author><ce:given-name>W.Z.D.</ce:given-name><ce:surname>Xiong</ce:surname></sb:author><sb:author><ce:given-name>G.</ce:given-name><ce:surname>Lu</ce:surname></sb:author><sb:author><ce:given-name>Z.M.</ce:given-name><ce:surname>Ren</ce:surname></sb:author><sb:author><ce:given-name>K.</ce:given-name><ce:surname>Deng</ce:surname></sb:author></sb:authors></sb:contribution><sb:host><sb:issue><sb:series><sb:title><sb:maintitle>Adv. Sci. Technol.</sb:maintitle></sb:title><sb:volume-nr>70</sb:volume-nr></sb:series><sb:date>2010</sb:date></sb:issue><sb:pages><sb:first-page>136</sb:first-page><sb:last-page>140</sb:last-page></sb:pages></sb:host></sb:reference></ce:bib-reference><ce:bib-reference id="bib17"><ce:label>[17]</ce:label><ce:other-ref id="oref2"><ce:textref>C.H. Li, F.F. Zhou, X.G. Lu, K.L. Zhu, L.N. Chen, D. Zhang, W.Y. He, J.P. He, CaZrO<ce:inf loc="post">3</ce:inf> mold shell used for titanium and titanium alloy precision casting and preparation method, CN Patent No. 103071764 A, [Filed in Nov 2012].</ce:textref></ce:other-ref></ce:bib-reference><ce:bib-reference id="bib18"><ce:label>[18]</ce:label><sb:reference id="sref16"><sb:contribution langtype="en"><sb:authors><sb:author><ce:given-name>X.</ce:given-name><ce:surname>Cheng</ce:surname></sb:author><sb:author><ce:given-name>C.</ce:given-name><ce:surname>Yuan</ce:surname></sb:author><sb:author><ce:given-name>N.R.</ce:given-name><ce:surname>Green</ce:surname></sb:author><sb:author><ce:given-name>P.A.</ce:given-name><ce:surname>Withey</ce:surname></sb:author></sb:authors><sb:title><sb:maintitle>Evaluation of the inertness of investment casting molds using both sessile drop and centrifugal casting methods</sb:maintitle></sb:title></sb:contribution><sb:host><sb:issue><sb:series><sb:title><sb:maintitle>Metall. Mater. Trans. A</sb:maintitle></sb:title><sb:volume-nr>44A</sb:volume-nr></sb:series><sb:date>2013</sb:date></sb:issue><sb:pages><sb:first-page>888</sb:first-page><sb:last-page>898</sb:last-page></sb:pages></sb:host></sb:reference></ce:bib-reference><ce:bib-reference id="bib19"><ce:label>[19]</ce:label><sb:reference id="sref17"><sb:contribution langtype="en"><sb:authors><sb:author><ce:given-name>C.</ce:given-name><ce:surname>Yuan</ce:surname></sb:author><sb:author><ce:given-name>P.A.</ce:given-name><ce:surname>Withey</ce:surname></sb:author><sb:author><ce:given-name>S.</ce:given-name><ce:surname>Blackburn</ce:surname></sb:author></sb:authors><sb:title><sb:maintitle>Effect of the incorporation of a zirconia layer upon the physical and mechanical properties of an investment casting ceramic shell</sb:maintitle></sb:title></sb:contribution><sb:host><sb:issue><sb:series><sb:title><sb:maintitle>Mater. Sci. Technol.</sb:maintitle></sb:title><sb:volume-nr>29</sb:volume-nr></sb:series><sb:date>2013</sb:date></sb:issue><sb:pages><sb:first-page>30</sb:first-page><sb:last-page>35</sb:last-page></sb:pages></sb:host></sb:reference></ce:bib-reference><ce:bib-reference id="bib20"><ce:label>[20]</ce:label><sb:reference id="sref18"><sb:contribution langtype="en"><sb:authors><sb:author><ce:given-name>T.</ce:given-name><ce:surname>Murakami</ce:surname></sb:author><sb:author><ce:given-name>H.</ce:given-name><ce:surname>Fukuyama</ce:surname></sb:author><sb:author><ce:given-name>K.</ce:given-name><ce:surname>Nagata</ce:surname></sb:author><sb:author><ce:given-name>M.</ce:given-name><ce:surname>Susa</ce:surname></sb:author><sb:author><ce:given-name>T.</ce:given-name><ce:surname>Kishida</ce:surname></sb:author></sb:authors><sb:title><sb:maintitle>Phase diagram for the system CaO-Al<ce:inf loc="post">2</ce:inf>O<ce:inf loc="post">3</ce:inf>-ZrO<ce:inf loc="post">2</ce:inf></sb:maintitle></sb:title></sb:contribution><sb:host><sb:issue><sb:series><sb:title><sb:maintitle>Metall. Mater. Trans. B</sb:maintitle></sb:title><sb:volume-nr>31</sb:volume-nr></sb:series><sb:date>2000</sb:date></sb:issue><sb:pages><sb:first-page>25</sb:first-page><sb:last-page>33</sb:last-page></sb:pages></sb:host></sb:reference></ce:bib-reference><ce:bib-reference id="bib21"><ce:label>[21]</ce:label><sb:reference id="sref19"><sb:contribution langtype="en"><sb:authors><sb:author><ce:given-name>X.</ce:given-name><ce:surname>Cheng</ce:surname></sb:author><sb:author><ce:given-name>X.D.</ce:given-name><ce:surname>Sun</ce:surname></sb:author><sb:author><ce:given-name>C.</ce:given-name><ce:surname>Yuan</ce:surname></sb:author><sb:author><ce:given-name>N.R.</ce:given-name><ce:surname>Green</ce:surname></sb:author><sb:author><ce:given-name>P.A.</ce:given-name><ce:surname>Withey</ce:surname></sb:author></sb:authors><sb:title><sb:maintitle>An investigation of a TiAlO based refractory slurry face coat system for the investment casting of TieAl alloys</sb:maintitle></sb:title></sb:contribution><sb:host><sb:issue><sb:series><sb:title><sb:maintitle>Intermetallics</sb:maintitle></sb:title><sb:volume-nr>29</sb:volume-nr></sb:series><sb:date>2012</sb:date></sb:issue><sb:pages><sb:first-page>61</sb:first-page><sb:last-page>69</sb:last-page></sb:pages></sb:host></sb:reference></ce:bib-reference><ce:bib-reference id="bib22"><ce:label>[22]</ce:label><sb:reference id="sref20"><sb:contribution langtype="en"><sb:authors><sb:author><ce:given-name>X.F.</ce:given-name><ce:surname>Chen</ce:surname></sb:author><sb:author><ce:given-name>R.D.</ce:given-name><ce:surname>Reviere</ce:surname></sb:author><sb:author><ce:given-name>B.F.</ce:given-name><ce:surname>Oliver</ce:surname></sb:author><sb:author><ce:given-name>C.R.</ce:given-name><ce:surname>Brooks</ce:surname></sb:author></sb:authors><sb:title><sb:maintitle>The site location of Zr atoms dissolved in TiAl</sb:maintitle></sb:title></sb:contribution><sb:host><sb:issue><sb:series><sb:title><sb:maintitle>Scripta Metallurgica Materialia</sb:maintitle></sb:title><sb:volume-nr>27</sb:volume-nr></sb:series><sb:date>1992</sb:date></sb:issue><sb:pages><sb:first-page>45</sb:first-page><sb:last-page>49</sb:last-page></sb:pages></sb:host></sb:reference></ce:bib-reference><ce:bib-reference id="bib23"><ce:label>[23]</ce:label><sb:reference id="sref21"><sb:contribution langtype="en"><sb:authors><sb:author><ce:given-name>R.</ce:given-name><ce:surname>Yang</ce:surname></sb:author><sb:author><ce:given-name>Y.L.</ce:given-name><ce:surname>Hao</ce:surname></sb:author><sb:author><ce:given-name>Y.</ce:given-name><ce:surname>Song</ce:surname></sb:author><sb:author><ce:given-name>Z.X.</ce:given-name><ce:surname>Guo</ce:surname></sb:author></sb:authors><sb:title><sb:maintitle>Site occupancy of alloying additions in Ti aluminides and its application to phase equilibrium evaluation</sb:maintitle></sb:title></sb:contribution><sb:host><sb:issue><sb:series><sb:title><sb:maintitle>Z. für Met.</sb:maintitle></sb:title><sb:volume-nr>91</sb:volume-nr></sb:series><sb:date>2000</sb:date></sb:issue><sb:pages><sb:first-page>296</sb:first-page><sb:last-page>301</sb:last-page></sb:pages></sb:host></sb:reference></ce:bib-reference><ce:bib-reference id="bib24"><ce:label>[24]</ce:label><sb:reference id="sref22"><sb:host><sb:edited-book><sb:editors><sb:editor><ce:given-name>G.</ce:given-name><ce:surname>Effenberg</ce:surname></sb:editor><sb:editor><ce:given-name>S.</ce:given-name><ce:surname>Ilyenko</ce:surname></sb:editor></sb:editors><sb:title><sb:maintitle>Light Metal Systems. Part 4, Al-Ti-Zr (Aluminium – Titanium – Zirconium)</sb:maintitle></sb:title><sb:date>2006</sb:date><sb:publisher><sb:name>Springer Berlin Heidelberg</sb:name></sb:publisher></sb:edited-book><sb:pages><sb:first-page>1</sb:first-page><sb:last-page>14</sb:last-page></sb:pages></sb:host></sb:reference></ce:bib-reference><ce:bib-reference id="bib25"><ce:label>[25]</ce:label><sb:reference id="sref23"><sb:contribution langtype="en"><sb:authors><sb:author><ce:given-name>P.S.</ce:given-name><ce:surname>Kotval</ce:surname></sb:author><sb:author><ce:given-name>R.W.</ce:given-name><ce:surname>Calder</ce:surname></sb:author></sb:authors><sb:title><sb:maintitle>In situ identification of the silicide phase in super-α titanium alloys</sb:maintitle></sb:title></sb:contribution><sb:host><sb:issue><sb:series><sb:title><sb:maintitle>Metall. Trans.</sb:maintitle></sb:title><sb:volume-nr>3</sb:volume-nr></sb:series><sb:date>1972</sb:date></sb:issue><sb:pages><sb:first-page>1308</sb:first-page><sb:last-page>1311</sb:last-page></sb:pages></sb:host></sb:reference></ce:bib-reference><ce:bib-reference id="bib26"><ce:label>[26]</ce:label><sb:reference id="sref24"><sb:contribution langtype="en"><sb:authors><sb:author><ce:given-name>C.</ce:given-name><ce:surname>Yuan</ce:surname></sb:author><sb:author><ce:given-name>D.</ce:given-name><ce:surname>Compton</ce:surname></sb:author><sb:author><ce:given-name>X.</ce:given-name><ce:surname>Cheng</ce:surname></sb:author><sb:author><ce:given-name>N.</ce:given-name><ce:surname>Green</ce:surname></sb:author><sb:author><ce:given-name>P.A.</ce:given-name><ce:surname>Withey</ce:surname></sb:author></sb:authors><sb:title><sb:maintitle>Investigation into the use of CaZrO<ce:inf loc="post">3</ce:inf> as a facecoat material in the investment casting of TiAl alloys</sb:maintitle></sb:title></sb:contribution><sb:host><sb:issue><sb:series><sb:title><sb:maintitle>J. Eur. Ceram. Soc.</sb:maintitle></sb:title><sb:volume-nr>32</sb:volume-nr></sb:series><sb:date>2012</sb:date></sb:issue><sb:pages><sb:first-page>4041</sb:first-page><sb:last-page>4049</sb:last-page></sb:pages></sb:host></sb:reference></ce:bib-reference><ce:bib-reference id="bib27"><ce:label>[27]</ce:label><sb:reference id="sref25"><sb:contribution langtype="en"><sb:authors><sb:author><ce:given-name>F.</ce:given-name><ce:surname>Gomes</ce:surname></sb:author><sb:author><ce:given-name>B.</ce:given-name><ce:surname>Joaquim</ce:surname></sb:author><sb:author><ce:given-name>C.S.</ce:given-name><ce:surname>Ribeiro</ce:surname></sb:author></sb:authors><sb:title><sb:maintitle>Induction melting of g-TiAl in CaO crucibles</sb:maintitle></sb:title></sb:contribution><sb:host><sb:issue><sb:series><sb:title><sb:maintitle>Intermetallics</sb:maintitle></sb:title><sb:volume-nr>16</sb:volume-nr></sb:series><sb:date>2008</sb:date></sb:issue><sb:pages><sb:first-page>1292</sb:first-page><sb:last-page>1297</sb:last-page></sb:pages></sb:host></sb:reference></ce:bib-reference></ce:bibliography-sec></ce:bibliography></tail></article></xocs:serial-item></xocs:doc>