<xocs:doc xsi:schemaLocation="http://www.elsevier.com/xml/xocs/dtd http://schema.elsevier.com/dtds/document/fulltext/xcr/xocs-article.xsd" xmlns:xocs="http://www.elsevier.com/xml/xocs/dtd" xmlns:xs="http://www.w3.org/2001/XMLSchema" xmlns:xsi="http://www.w3.org/2001/XMLSchema-instance" xmlns="http://www.elsevier.com/xml/ja/dtd" xmlns:ja="http://www.elsevier.com/xml/ja/dtd" xmlns:mml="http://www.w3.org/1998/Math/MathML" xmlns:tb="http://www.elsevier.com/xml/common/table/dtd" xmlns:sb="http://www.elsevier.com/xml/common/struct-bib/dtd" xmlns:ce="http://www.elsevier.com/xml/common/dtd" xmlns:xlink="http://www.w3.org/1999/xlink" xmlns:cals="http://www.elsevier.com/xml/common/cals/dtd"><xocs:meta><xocs:content-family>serial</xocs:content-family><xocs:content-type>JL</xocs:content-type><xocs:cid>271571</xocs:cid><xocs:ssids><xocs:ssid type="alllist">291210</xocs:ssid><xocs:ssid type="subj">291689</xocs:ssid><xocs:ssid type="subj">291719</xocs:ssid><xocs:ssid type="subj">291892</xocs:ssid><xocs:ssid type="content">31</xocs:ssid><xocs:ssid type="oa">90</xocs:ssid></xocs:ssids><xocs:srctitle>Materials Chemistry and Physics</xocs:srctitle><xocs:normalized-srctitle>MATERIALSCHEMISTRYPHYSICS</xocs:normalized-srctitle><xocs:orig-load-date yyyymmdd="20150606">2015-06-06</xocs:orig-load-date><xocs:available-online-date yyyymmdd="20150606">2015-06-06</xocs:available-online-date><xocs:vor-load-date yyyymmdd="20150731">2015-07-31</xocs:vor-load-date><xocs:vor-available-online-date yyyymmdd="20150731">2015-07-31</xocs:vor-available-online-date><xocs:ew-transaction-id>2015-07-31T04:44:38</xocs:ew-transaction-id><xocs:eid>1-s2.0-S025405841530136X</xocs:eid><xocs:pii-formatted>S0254-0584(15)30136-X</xocs:pii-formatted><xocs:pii-unformatted>S025405841530136X</xocs:pii-unformatted><xocs:doi>10.1016/j.matchemphys.2015.05.076</xocs:doi><xocs:item-stage>S300</xocs:item-stage><xocs:item-version-number>S300.1</xocs:item-version-number><xocs:item-weight>FULL-TEXT</xocs:item-weight><xocs:hub-eid>1-s2.0-S0254058415X00113</xocs:hub-eid><xocs:timestamp yyyymmdd="20150731">2015-07-31T06:20:13.013189-04:00</xocs:timestamp><xocs:dco>0</xocs:dco><xocs:tomb>0</xocs:tomb><xocs:date-search-begin>20150715</xocs:date-search-begin><xocs:year-nav>2015</xocs:year-nav><xocs:indexeddate epoch="1433617268">2015-06-06T19:01:08.208122Z</xocs:indexeddate><xocs:articleinfo>articleinfo articletitlenorm authfirstinitialnorm authfirstsurnamenorm cid cids contenttype copyright crossmark dateloaded dateloadedtxt datesearch datesort dateupdated dco docsubtype doctype doi eid ewtransactionid fundingbodyid hubeid indexeddate issn issnnorm itemstage itemtransactionid itemweight oauserlicense openaccess openarchive pg pgfirst pglast pii piinorm pubdatestart pubdatetxt pubyr sectiontitle sortorder sponsoredaccesstype srctitle srctitlenorm srctype ssids alllist content oa subj subheadings suppl tomb volfirst volissue volumelist webpdf webpdfpagecount yearnav figure table body mmlmath acknowledge affil articletitle auth authfirstini authfull authkeywords authlast grantnumber grantsponsor highlightsabst primabst ref</xocs:articleinfo><xocs:issns><xocs:issn-primary-formatted>0254-0584</xocs:issn-primary-formatted><xocs:issn-primary-unformatted>02540584</xocs:issn-primary-unformatted></xocs:issns><xocs:sponsored-access-type>UNLIMITED</xocs:sponsored-access-type><xocs:funding-body-id>EPSRC</xocs:funding-body-id><xocs:crossmark is-crossmark="1">true</xocs:crossmark><xocs:vol-first>162</xocs:vol-first><xocs:volume-list><xocs:volume>162</xocs:volume></xocs:volume-list><xocs:suppl>C</xocs:suppl><xocs:vol-iss-suppl-text>Volume 162</xocs:vol-iss-suppl-text><xocs:sort-order>47</xocs:sort-order><xocs:first-fp>340</xocs:first-fp><xocs:last-lp>345</xocs:last-lp><xocs:pages><xocs:first-page>340</xocs:first-page><xocs:last-page>345</xocs:last-page></xocs:pages><xocs:cover-date-orig><xocs:start-date>20150715</xocs:start-date></xocs:cover-date-orig><xocs:cover-date-text>15 July 2015</xocs:cover-date-text><xocs:cover-date-start>2015-07-15</xocs:cover-date-start><xocs:cover-date-year>2015</xocs:cover-date-year><xocs:hub-sec><xocs:hub-sec-title>Materials Science Communication</xocs:hub-sec-title></xocs:hub-sec><xocs:document-type>article</xocs:document-type><xocs:document-subtype>fla</xocs:document-subtype><xocs:copyright-line>Copyright © 2015 The Authors. Published by Elsevier B.V.</xocs:copyright-line><xocs:normalized-article-title>EFFECTNBBASEDCOMPOUNDSMICROSTRUCTUREAL12SIALLOY</xocs:normalized-article-title><xocs:normalized-first-auth-surname>BOLZONI</xocs:normalized-first-auth-surname><xocs:normalized-first-auth-initial>L</xocs:normalized-first-auth-initial><xocs:item-toc><xocs:item-toc-entry ref-elem="ce:sections"><xocs:item-toc-label>1</xocs:item-toc-label><xocs:item-toc-section-title>Introduction</xocs:item-toc-section-title></xocs:item-toc-entry><xocs:item-toc-entry ref-elem="ce:sections"><xocs:item-toc-label>2</xocs:item-toc-label><xocs:item-toc-section-title>Experimental procedure</xocs:item-toc-section-title></xocs:item-toc-entry><xocs:item-toc-entry ref-elem="ce:sections"><xocs:item-toc-label>3</xocs:item-toc-label><xocs:item-toc-section-title>Results and discussion</xocs:item-toc-section-title></xocs:item-toc-entry><xocs:item-toc-entry ref-elem="ce:sections"><xocs:item-toc-label>4</xocs:item-toc-label><xocs:item-toc-section-title>Conclusions</xocs:item-toc-section-title></xocs:item-toc-entry><xocs:item-toc-entry ref-elem="ce:acknowledgment"><xocs:item-toc-section-title>Acknowledgements</xocs:item-toc-section-title></xocs:item-toc-entry><xocs:item-toc-entry ref-elem="ce:bibliography"><xocs:item-toc-section-title>References</xocs:item-toc-section-title></xocs:item-toc-entry></xocs:item-toc><xocs:references><xocs:ref-info refid="sref1"><xocs:ref-normalized-surname>ROOY</xocs:ref-normalized-surname><xocs:ref-pub-year>1988</xocs:ref-pub-year><xocs:ref-normalized-initial>E</xocs:ref-normalized-initial><xocs:ref-normalized-srctitle>ALUMINUMALUMINUMALLOYSCASTINGS</xocs:ref-normalized-srctitle></xocs:ref-info><xocs:ref-info refid="sref2"><xocs:ref-normalized-surname>SIGWORTH</xocs:ref-normalized-surname><xocs:ref-pub-year>1984</xocs:ref-pub-year><xocs:ref-first-fp>277</xocs:ref-first-fp><xocs:ref-last-lp>282</xocs:ref-last-lp><xocs:ref-normalized-initial>G</xocs:ref-normalized-initial></xocs:ref-info><xocs:ref-info refid="sref3"><xocs:ref-normalized-surname>SIGWORTH</xocs:ref-normalized-surname><xocs:ref-pub-year>1985</xocs:ref-pub-year><xocs:ref-first-fp>907</xocs:ref-first-fp><xocs:ref-last-lp>912</xocs:ref-last-lp><xocs:ref-normalized-initial>G</xocs:ref-normalized-initial></xocs:ref-info><xocs:ref-info refid="sref4"><xocs:ref-normalized-surname>GUZOWSKI</xocs:ref-normalized-surname><xocs:ref-pub-year>1987</xocs:ref-pub-year><xocs:ref-first-fp>603</xocs:ref-first-fp><xocs:ref-last-lp>619</xocs:ref-last-lp><xocs:ref-normalized-initial>M</xocs:ref-normalized-initial></xocs:ref-info><xocs:ref-info refid="sref5"><xocs:ref-normalized-surname>EASTON</xocs:ref-normalized-surname><xocs:ref-pub-year>1999</xocs:ref-pub-year><xocs:ref-first-fp>1613</xocs:ref-first-fp><xocs:ref-last-lp>1623</xocs:ref-last-lp><xocs:ref-normalized-initial>M</xocs:ref-normalized-initial></xocs:ref-info><xocs:ref-info refid="sref6"><xocs:ref-normalized-surname>JONES</xocs:ref-normalized-surname><xocs:ref-pub-year>1976</xocs:ref-pub-year><xocs:ref-first-fp>223</xocs:ref-first-fp><xocs:ref-last-lp>234</xocs:ref-last-lp><xocs:ref-normalized-initial>G</xocs:ref-normalized-initial></xocs:ref-info><xocs:ref-info refid="sref7"><xocs:ref-normalized-surname>STJOHN</xocs:ref-normalized-surname><xocs:ref-pub-year>1977</xocs:ref-pub-year><xocs:ref-first-fp>160</xocs:ref-first-fp><xocs:ref-last-lp>166</xocs:ref-last-lp><xocs:ref-normalized-initial>D</xocs:ref-normalized-initial></xocs:ref-info><xocs:ref-info refid="sref8"><xocs:ref-normalized-surname>EASTON</xocs:ref-normalized-surname><xocs:ref-pub-year>2005</xocs:ref-pub-year><xocs:ref-first-fp>1911</xocs:ref-first-fp><xocs:ref-last-lp>1920</xocs:ref-last-lp><xocs:ref-normalized-initial>M</xocs:ref-normalized-initial></xocs:ref-info><xocs:ref-info refid="sref9"><xocs:ref-normalized-surname>SRITHARAN</xocs:ref-normalized-surname><xocs:ref-pub-year>1997</xocs:ref-pub-year><xocs:ref-first-fp>585</xocs:ref-first-fp><xocs:ref-last-lp>589</xocs:ref-last-lp><xocs:ref-normalized-initial>T</xocs:ref-normalized-initial></xocs:ref-info><xocs:ref-info refid="sref10"><xocs:ref-normalized-surname>BINNEY</xocs:ref-normalized-surname><xocs:ref-pub-year>2003</xocs:ref-pub-year><xocs:ref-first-fp>917</xocs:ref-first-fp><xocs:ref-last-lp>922</xocs:ref-last-lp><xocs:ref-normalized-initial>M</xocs:ref-normalized-initial></xocs:ref-info><xocs:ref-info refid="sref11"><xocs:ref-normalized-surname>NOWAK</xocs:ref-normalized-surname><xocs:ref-pub-year>2015</xocs:ref-pub-year><xocs:ref-first-fp>366</xocs:ref-first-fp><xocs:ref-last-lp>375</xocs:ref-last-lp><xocs:ref-normalized-initial>M</xocs:ref-normalized-initial></xocs:ref-info><xocs:ref-info refid="sref12"><xocs:ref-normalized-surname>BOLZONI</xocs:ref-normalized-surname><xocs:ref-pub-year>2015</xocs:ref-pub-year><xocs:ref-first-fp>376</xocs:ref-first-fp><xocs:ref-last-lp>383</xocs:ref-last-lp><xocs:ref-normalized-initial>L</xocs:ref-normalized-initial></xocs:ref-info><xocs:ref-info refid="sref13"><xocs:ref-normalized-surname>ASMINTERNATIONAL</xocs:ref-normalized-surname><xocs:ref-pub-year>1992</xocs:ref-pub-year><xocs:ref-normalized-srctitle>ALLOYPHASEDIAGRAMS</xocs:ref-normalized-srctitle><xocs:ref-normalized-article-title>ASMHANDBOOK</xocs:ref-normalized-article-title></xocs:ref-info><xocs:ref-info refid="sref14"><xocs:ref-normalized-surname>ZHAO</xocs:ref-normalized-surname><xocs:ref-pub-year>2004</xocs:ref-pub-year><xocs:ref-first-fp>21</xocs:ref-first-fp><xocs:ref-last-lp>27</xocs:ref-last-lp><xocs:ref-normalized-initial>J</xocs:ref-normalized-initial></xocs:ref-info><xocs:ref-info refid="sref15"><xocs:ref-normalized-surname>TAYLOR</xocs:ref-normalized-surname><xocs:ref-pub-year>2004</xocs:ref-pub-year><xocs:ref-first-fp>148</xocs:ref-first-fp><xocs:ref-last-lp>157</xocs:ref-last-lp><xocs:ref-normalized-initial>J</xocs:ref-normalized-initial><xocs:ref-normalized-srctitle>35THAUSTRALIANFOUNDRYINSTITUTENATIONALCONFERENCE</xocs:ref-normalized-srctitle><xocs:ref-normalized-article-title>EFFECTIRONINALSICASTINGALLOYS</xocs:ref-normalized-article-title></xocs:ref-info><xocs:ref-info refid="sref16"><xocs:ref-normalized-surname>BOLZONI</xocs:ref-normalized-surname><xocs:ref-pub-year>2015</xocs:ref-pub-year><xocs:ref-first-fp>79</xocs:ref-first-fp><xocs:ref-last-lp>82</xocs:ref-last-lp><xocs:ref-normalized-initial>L</xocs:ref-normalized-initial></xocs:ref-info><xocs:ref-info refid="sref17"><xocs:ref-normalized-surname>NOWAK</xocs:ref-normalized-surname><xocs:ref-pub-year>2015</xocs:ref-pub-year><xocs:ref-first-fp>40</xocs:ref-first-fp><xocs:ref-last-lp>46</xocs:ref-last-lp><xocs:ref-normalized-initial>M</xocs:ref-normalized-initial></xocs:ref-info><xocs:ref-info refid="sref18"><xocs:ref-normalized-surname>SPITTLE</xocs:ref-normalized-surname><xocs:ref-pub-year>2008</xocs:ref-pub-year><xocs:ref-first-fp>308</xocs:ref-first-fp><xocs:ref-last-lp>314</xocs:ref-last-lp><xocs:ref-normalized-initial>J</xocs:ref-normalized-initial></xocs:ref-info><xocs:ref-info refid="sref19"><xocs:ref-normalized-surname>BOLZONI</xocs:ref-normalized-surname><xocs:ref-pub-year>2015</xocs:ref-pub-year><xocs:ref-first-fp>219</xocs:ref-first-fp><xocs:ref-last-lp>223</xocs:ref-last-lp><xocs:ref-normalized-initial>L</xocs:ref-normalized-initial></xocs:ref-info><xocs:ref-info refid="sref20"><xocs:ref-normalized-surname>KEARNS</xocs:ref-normalized-surname><xocs:ref-pub-year>1996</xocs:ref-pub-year><xocs:ref-first-fp>713</xocs:ref-first-fp><xocs:ref-last-lp>720</xocs:ref-last-lp><xocs:ref-normalized-initial>M</xocs:ref-normalized-initial></xocs:ref-info><xocs:ref-info refid="sref21"><xocs:ref-normalized-surname>BUNN</xocs:ref-normalized-surname><xocs:ref-pub-year>1999</xocs:ref-pub-year><xocs:ref-first-fp>1115</xocs:ref-first-fp><xocs:ref-last-lp>1123</xocs:ref-last-lp><xocs:ref-normalized-initial>A</xocs:ref-normalized-initial></xocs:ref-info><xocs:ref-info refid="sref22"><xocs:ref-normalized-surname>BIROL</xocs:ref-normalized-surname><xocs:ref-pub-year>2012</xocs:ref-pub-year><xocs:ref-first-fp>150</xocs:ref-first-fp><xocs:ref-last-lp>153</xocs:ref-last-lp><xocs:ref-normalized-initial>Y</xocs:ref-normalized-initial></xocs:ref-info><xocs:ref-info refid="sref23"><xocs:ref-normalized-surname>GREER</xocs:ref-normalized-surname><xocs:ref-pub-year>2003</xocs:ref-pub-year><xocs:ref-first-fp>81</xocs:ref-first-fp><xocs:ref-last-lp>91</xocs:ref-last-lp><xocs:ref-normalized-initial>A</xocs:ref-normalized-initial></xocs:ref-info></xocs:references><xocs:attachment-metadata-doc><xocs:attachment-set-type>item</xocs:attachment-set-type><xocs:pii-formatted>S0254-0584(15)30136-X</xocs:pii-formatted><xocs:pii-unformatted>S025405841530136X</xocs:pii-unformatted><xocs:eid>1-s2.0-S025405841530136X</xocs:eid><xocs:doi>10.1016/j.matchemphys.2015.05.076</xocs:doi><xocs:cid>271571</xocs:cid><xocs:timestamp>2015-07-31T06:20:13.013189-04:00</xocs:timestamp><xocs:path>/271571/1-s2.0-S0254058415X00113/1-s2.0-S025405841530136X/</xocs:path><xocs:cover-date-start>2015-07-15</xocs:cover-date-start><xocs:sponsored-access-type>UNLIMITED</xocs:sponsored-access-type><xocs:funding-body-id>EPSRC</xocs:funding-body-id><xocs:attachments><xocs:web-pdf><xocs:attachment-eid>1-s2.0-S025405841530136X-main.pdf</xocs:attachment-eid><xocs:filename>main.pdf</xocs:filename><xocs:extension>pdf</xocs:extension><xocs:pdf-optimized>true</xocs:pdf-optimized><xocs:filesize>2177008</xocs:filesize><xocs:web-pdf-purpose>MAIN</xocs:web-pdf-purpose><xocs:web-pdf-page-count>6</xocs:web-pdf-page-count><xocs:web-pdf-images><xocs:web-pdf-image><xocs:attachment-eid>1-s2.0-S025405841530136X-main_1.png</xocs:attachment-eid><xocs:filename>main_1.png</xocs:filename><xocs:extension>png</xocs:extension><xocs:filesize>117406</xocs:filesize><xocs:pixel-height>849</xocs:pixel-height><xocs:pixel-width>656</xocs:pixel-width><xocs:attachment-type>IMAGE-WEB-PDF</xocs:attachment-type><xocs:pdf-page-num>1</xocs:pdf-page-num></xocs:web-pdf-image></xocs:web-pdf-images></xocs:web-pdf><xocs:attachment><xocs:attachment-eid>1-s2.0-S025405841530136X-si2.gif</xocs:attachment-eid><xocs:file-basename>si2</xocs:file-basename><xocs:filename>si2.gif</xocs:filename><xocs:extension>gif</xocs:extension><xocs:filesize>1142</xocs:filesize><xocs:pixel-height>15</xocs:pixel-height><xocs:pixel-width>396</xocs:pixel-width><xocs:attachment-type>ALTIMG</xocs:attachment-type></xocs:attachment><xocs:attachment><xocs:attachment-eid>1-s2.0-S025405841530136X-si4.gif</xocs:attachment-eid><xocs:file-basename>si4</xocs:file-basename><xocs:filename>si4.gif</xocs:filename><xocs:extension>gif</xocs:extension><xocs:filesize>687</xocs:filesize><xocs:pixel-height>37</xocs:pixel-height><xocs:pixel-width>133</xocs:pixel-width><xocs:attachment-type>ALTIMG</xocs:attachment-type></xocs:attachment><xocs:attachment><xocs:attachment-eid>1-s2.0-S025405841530136X-si3.gif</xocs:attachment-eid><xocs:file-basename>si3</xocs:file-basename><xocs:filename>si3.gif</xocs:filename><xocs:extension>gif</xocs:extension><xocs:filesize>461</xocs:filesize><xocs:pixel-height>16</xocs:pixel-height><xocs:pixel-width>106</xocs:pixel-width><xocs:attachment-type>ALTIMG</xocs:attachment-type></xocs:attachment><xocs:attachment><xocs:attachment-eid>1-s2.0-S025405841530136X-si1.gif</xocs:attachment-eid><xocs:file-basename>si1</xocs:file-basename><xocs:filename>si1.gif</xocs:filename><xocs:extension>gif</xocs:extension><xocs:filesize>356</xocs:filesize><xocs:pixel-height>34</xocs:pixel-height><xocs:pixel-width>62</xocs:pixel-width><xocs:attachment-type>ALTIMG</xocs:attachment-type></xocs:attachment><xocs:attachment><xocs:attachment-eid>1-s2.0-S025405841530136X-si6.gif</xocs:attachment-eid><xocs:file-basename>si6</xocs:file-basename><xocs:filename>si6.gif</xocs:filename><xocs:extension>gif</xocs:extension><xocs:filesize>1095</xocs:filesize><xocs:pixel-height>35</xocs:pixel-height><xocs:pixel-width>233</xocs:pixel-width><xocs:attachment-type>ALTIMG</xocs:attachment-type></xocs:attachment><xocs:attachment><xocs:attachment-eid>1-s2.0-S025405841530136X-si5.gif</xocs:attachment-eid><xocs:file-basename>si5</xocs:file-basename><xocs:filename>si5.gif</xocs:filename><xocs:extension>gif</xocs:extension><xocs:filesize>477</xocs:filesize><xocs:pixel-height>18</xocs:pixel-height><xocs:pixel-width>110</xocs:pixel-width><xocs:attachment-type>ALTIMG</xocs:attachment-type></xocs:attachment><xocs:attachment><xocs:attachment-eid>1-s2.0-S025405841530136X-gr4.jpg</xocs:attachment-eid><xocs:file-basename>gr4</xocs:file-basename><xocs:filename>gr4.jpg</xocs:filename><xocs:extension>jpg</xocs:extension><xocs:filesize>26475</xocs:filesize><xocs:pixel-height>196</xocs:pixel-height><xocs:pixel-width>355</xocs:pixel-width><xocs:attachment-type>IMAGE-DOWNSAMPLED</xocs:attachment-type></xocs:attachment><xocs:attachment><xocs:attachment-eid>1-s2.0-S025405841530136X-gr1.jpg</xocs:attachment-eid><xocs:file-basename>gr1</xocs:file-basename><xocs:filename>gr1.jpg</xocs:filename><xocs:extension>jpg</xocs:extension><xocs:filesize>104654</xocs:filesize><xocs:pixel-height>671</xocs:pixel-height><xocs:pixel-width>355</xocs:pixel-width><xocs:attachment-type>IMAGE-DOWNSAMPLED</xocs:attachment-type></xocs:attachment><xocs:attachment><xocs:attachment-eid>1-s2.0-S025405841530136X-gr2.jpg</xocs:attachment-eid><xocs:file-basename>gr2</xocs:file-basename><xocs:filename>gr2.jpg</xocs:filename><xocs:extension>jpg</xocs:extension><xocs:filesize>88570</xocs:filesize><xocs:pixel-height>1022</xocs:pixel-height><xocs:pixel-width>328</xocs:pixel-width><xocs:attachment-type>IMAGE-DOWNSAMPLED</xocs:attachment-type></xocs:attachment><xocs:attachment><xocs:attachment-eid>1-s2.0-S025405841530136X-gr3.jpg</xocs:attachment-eid><xocs:file-basename>gr3</xocs:file-basename><xocs:filename>gr3.jpg</xocs:filename><xocs:extension>jpg</xocs:extension><xocs:filesize>138411</xocs:filesize><xocs:pixel-height>971</xocs:pixel-height><xocs:pixel-width>388</xocs:pixel-width><xocs:attachment-type>IMAGE-DOWNSAMPLED</xocs:attachment-type></xocs:attachment><xocs:attachment><xocs:attachment-eid>1-s2.0-S025405841530136X-gr4.sml</xocs:attachment-eid><xocs:file-basename>gr4</xocs:file-basename><xocs:filename>gr4.sml</xocs:filename><xocs:extension>sml</xocs:extension><xocs:filesize>4741</xocs:filesize><xocs:pixel-height>121</xocs:pixel-height><xocs:pixel-width>219</xocs:pixel-width><xocs:attachment-type>IMAGE-THUMBNAIL</xocs:attachment-type></xocs:attachment><xocs:attachment><xocs:attachment-eid>1-s2.0-S025405841530136X-gr1.sml</xocs:attachment-eid><xocs:file-basename>gr1</xocs:file-basename><xocs:filename>gr1.sml</xocs:filename><xocs:extension>sml</xocs:extension><xocs:filesize>5923</xocs:filesize><xocs:pixel-height>162</xocs:pixel-height><xocs:pixel-width>86</xocs:pixel-width><xocs:attachment-type>IMAGE-THUMBNAIL</xocs:attachment-type></xocs:attachment><xocs:attachment><xocs:attachment-eid>1-s2.0-S025405841530136X-gr2.sml</xocs:attachment-eid><xocs:file-basename>gr2</xocs:file-basename><xocs:filename>gr2.sml</xocs:filename><xocs:extension>sml</xocs:extension><xocs:filesize>3272</xocs:filesize><xocs:pixel-height>162</xocs:pixel-height><xocs:pixel-width>52</xocs:pixel-width><xocs:attachment-type>IMAGE-THUMBNAIL</xocs:attachment-type></xocs:attachment><xocs:attachment><xocs:attachment-eid>1-s2.0-S025405841530136X-gr3.sml</xocs:attachment-eid><xocs:file-basename>gr3</xocs:file-basename><xocs:filename>gr3.sml</xocs:filename><xocs:extension>sml</xocs:extension><xocs:filesize>4100</xocs:filesize><xocs:pixel-height>163</xocs:pixel-height><xocs:pixel-width>65</xocs:pixel-width><xocs:attachment-type>IMAGE-THUMBNAIL</xocs:attachment-type></xocs:attachment></xocs:attachments></xocs:attachment-metadata-doc><xocs:refkeys><xocs:refkey3>BOLZONIX2015X340</xocs:refkey3><xocs:refkey4lp>BOLZONIX2015X340X345</xocs:refkey4lp><xocs:refkey4ai>BOLZONIX2015X340XL</xocs:refkey4ai><xocs:refkey5>BOLZONIX2015X340X345XL</xocs:refkey5></xocs:refkeys><xocs:open-access><xocs:oa-article-status is-open-access="1" is-open-archive="0">Full</xocs:oa-article-status><xocs:oa-access-effective-date>2015-06-03T08:58:01Z</xocs:oa-access-effective-date><xocs:oa-sponsor><xocs:oa-sponsor-type>FundingBody</xocs:oa-sponsor-type><xocs:oa-sponsor-name>Engineering and Physical Sciences Research Council</xocs:oa-sponsor-name></xocs:oa-sponsor><xocs:oa-user-license>http://creativecommons.org/licenses/by/4.0/</xocs:oa-user-license></xocs:open-access></xocs:meta><xocs:serial-item><article docsubtype="fla" version="5.2" xml:lang="en" xmlns:sa="http://www.elsevier.com/xml/common/struct-aff/dtd"><item-info><jid>MAC</jid><aid>18174</aid><ce:pii>S0254-0584(15)30136-X</ce:pii><ce:doi>10.1016/j.matchemphys.2015.05.076</ce:doi><ce:copyright type="other" year="2015">The Authors</ce:copyright></item-info><ce:floats><ce:figure id="fig1"><ce:label>Fig. 1</ce:label><ce:caption id="cap0010"><ce:simple-para id="fspara0010" view="all">Effect of Nb+B inoculation on Al–12Si alloy cast at 740 °C (cooling rate ∼ 0.5 °C/s): a) variation of the grain size as a function of Nb, b) polarised light micrograph of the reference alloy and c) polarised light micrograph of the Nb+B inoculated alloy.</ce:simple-para></ce:caption><ce:link locator="gr1"/></ce:figure><ce:figure id="fig2"><ce:label>Fig. 2</ce:label><ce:caption id="cap0015"><ce:simple-para id="fspara0015" view="all">Effect of Nb+B inoculation on Al–12Si alloy as a function of the cooling rate: a) variation of the grain size with cooling rate for the Al–12Si alloy without (diamonds) and with Nb+B inoculation (circles), i.e. dashed lines are fitting curves from Eq. <ce:cross-ref refid="fd3" id="crosref0285">(3)</ce:cross-ref>, b) micrograph of the slow cooled (∼2 °C/s) reference alloy, c) micrograph of the fast cooled (∼100 °C/s) reference alloy, d) micrograph of the slow cooled (∼2 °C/s) Nb+B inoculated alloy and e) micrograph of the fast cooled (∼100 °C/s) Nb+B inoculated alloy.</ce:simple-para></ce:caption><ce:link locator="gr2"/></ce:figure><ce:figure id="fig3"><ce:label>Fig. 3</ce:label><ce:caption id="cap0020"><ce:simple-para id="fspara0020" view="all">Results of the fading analysis of the Nb+B inoculated Al–12Si alloy cast at 680 °C (cooling rate ∼ 3.5 °C/s): a) grain size vs. contact time, b) polarised light micrograph of the reference alloy, c) polarised light micrograph of the alloy after 4 h of inoculation and d) analysis of the sedimentation of the potential heterogeneous nucleation substrates (diamonds: NbB<ce:inf loc="post">2</ce:inf>, circles: Al<ce:inf loc="post">3</ce:inf>Nb and triangles: AlB<ce:inf loc="post">2</ce:inf>).</ce:simple-para></ce:caption><ce:link locator="gr3"/></ce:figure><ce:figure id="fig4"><ce:label>Fig. 4</ce:label><ce:caption id="cap0025"><ce:simple-para id="fspara0025" view="all">Results of the recyclability by remelting test fading analysis of the Nb+B inoculated Al–12Si alloy cast at 680 °C (cooling rate ∼ 2 °C/s): square: reference, diamond: addition of the inoculants, triangle: 1st remelting, circle: 2nd remelting and empty square: 3rd remelting.</ce:simple-para></ce:caption><ce:link locator="gr4"/></ce:figure><ce:table id="tbl1" frame="topbot" colsep="0" rowsep="0" xmlns="http://www.elsevier.com/xml/common/cals/dtd"><ce:label>Table 1</ce:label><ce:caption id="cap0030"><ce:simple-para id="tspara0010" view="all">Data needed to calculate the <ce:italic>Q</ce:italic> value of some chemical elements relevant for Al alloys <ce:cross-ref refid="bib8" id="crosref0290">[8]</ce:cross-ref>.</ce:simple-para></ce:caption><tgroup cols="7"><colspec colnum="1" colname="col1" colwidth="23*"/><colspec colnum="2" colname="col2" colwidth="13*"/><colspec colnum="3" colname="col3" colwidth="12*"/><colspec colnum="4" colname="col4" colwidth="13*"/><colspec colnum="5" colname="col5" colwidth="14*"/><colspec colnum="6" colname="col6" colwidth="12*"/><colspec colnum="7" colname="col7" colwidth="5*"/><thead><row rowsep="1" valign="top"><entry morerows="1" xmlns="http://www.elsevier.com/xml/common/dtd">Parameter</entry><entry namest="col2" nameend="col7" xmlns="http://www.elsevier.com/xml/common/dtd">Chemical element</entry></row><row rowsep="1" valign="top"><entry xmlns="http://www.elsevier.com/xml/common/dtd">Ti</entry><entry xmlns="http://www.elsevier.com/xml/common/dtd">Zr</entry><entry xmlns="http://www.elsevier.com/xml/common/dtd">Nb</entry><entry xmlns="http://www.elsevier.com/xml/common/dtd">Si</entry><entry xmlns="http://www.elsevier.com/xml/common/dtd">Fe</entry><entry xmlns="http://www.elsevier.com/xml/common/dtd">Mn</entry></row></thead><tbody><row valign="top"><entry xmlns="http://www.elsevier.com/xml/common/dtd"><italic>m</italic><inf loc="post"><italic>i</italic></inf></entry><entry xmlns="http://www.elsevier.com/xml/common/dtd">33.3</entry><entry xmlns="http://www.elsevier.com/xml/common/dtd">4.5</entry><entry xmlns="http://www.elsevier.com/xml/common/dtd">13.3</entry><entry xmlns="http://www.elsevier.com/xml/common/dtd">−0.66</entry><entry xmlns="http://www.elsevier.com/xml/common/dtd">−3.0</entry><entry xmlns="http://www.elsevier.com/xml/common/dtd">−1.6</entry></row><row valign="top"><entry xmlns="http://www.elsevier.com/xml/common/dtd"><italic>k</italic><inf loc="post"><italic>i</italic></inf></entry><entry xmlns="http://www.elsevier.com/xml/common/dtd">7.8</entry><entry xmlns="http://www.elsevier.com/xml/common/dtd">2.5</entry><entry xmlns="http://www.elsevier.com/xml/common/dtd">1.5</entry><entry xmlns="http://www.elsevier.com/xml/common/dtd">0.11</entry><entry xmlns="http://www.elsevier.com/xml/common/dtd">0.22</entry><entry xmlns="http://www.elsevier.com/xml/common/dtd">0.94</entry></row><row valign="top"><entry xmlns="http://www.elsevier.com/xml/common/dtd">Max <italic>C</italic><inf loc="post"><italic>0</italic>,<italic>i</italic></inf></entry><entry xmlns="http://www.elsevier.com/xml/common/dtd">0.15</entry><entry xmlns="http://www.elsevier.com/xml/common/dtd">0.11</entry><entry xmlns="http://www.elsevier.com/xml/common/dtd">∼0.15</entry><entry xmlns="http://www.elsevier.com/xml/common/dtd">∼12.6</entry><entry xmlns="http://www.elsevier.com/xml/common/dtd">∼1.8</entry><entry xmlns="http://www.elsevier.com/xml/common/dtd">1.9</entry></row><row valign="top"><entry xmlns="http://www.elsevier.com/xml/common/dtd">Reaction type</entry><entry xmlns="http://www.elsevier.com/xml/common/dtd"><cross-ref refid="tbl1fna" id="crosref0295"><sup loc="post">a</sup></cross-ref>PE.</entry><entry xmlns="http://www.elsevier.com/xml/common/dtd"><cross-ref refid="tbl1fna" id="crosref0300"><sup loc="post">a</sup></cross-ref>PE.</entry><entry xmlns="http://www.elsevier.com/xml/common/dtd"><cross-ref refid="tbl1fna" id="crosref0305"><sup loc="post">a</sup></cross-ref>PE.</entry><entry xmlns="http://www.elsevier.com/xml/common/dtd"><cross-ref refid="tbl1fnb" id="crosref0310"><sup loc="post">b</sup></cross-ref>EU.</entry><entry xmlns="http://www.elsevier.com/xml/common/dtd"><cross-ref refid="tbl1fnb" id="crosref0315"><sup loc="post">b</sup></cross-ref>EU.</entry><entry xmlns="http://www.elsevier.com/xml/common/dtd"><cross-ref refid="tbl1fnb" id="crosref0320"><sup loc="post">b</sup></cross-ref>EU.</entry></row><row valign="top"><entry xmlns="http://www.elsevier.com/xml/common/dtd"><italic>m</italic><inf loc="post"><italic>i</italic></inf>(<italic>k</italic><inf loc="post"><italic>i</italic></inf>-1)</entry><entry xmlns="http://www.elsevier.com/xml/common/dtd">∼220</entry><entry xmlns="http://www.elsevier.com/xml/common/dtd">6.8</entry><entry xmlns="http://www.elsevier.com/xml/common/dtd">6.6</entry><entry xmlns="http://www.elsevier.com/xml/common/dtd">5.9</entry><entry xmlns="http://www.elsevier.com/xml/common/dtd">2.9</entry><entry xmlns="http://www.elsevier.com/xml/common/dtd">0.1</entry></row></tbody></tgroup><ce:table-footnote id="tbl1fna"><ce:label>a</ce:label><ce:note-para id="ntpara0010" view="all">PE: peritectic reaction.</ce:note-para></ce:table-footnote><ce:table-footnote id="tbl1fnb"><ce:label>b</ce:label><ce:note-para id="ntpara0015" view="all">EU: eutectic reaction.</ce:note-para></ce:table-footnote></ce:table><ce:table id="tbl2" frame="topbot" colsep="0" rowsep="0" xmlns="http://www.elsevier.com/xml/common/cals/dtd"><ce:label>Table 2</ce:label><ce:caption id="cap0035"><ce:simple-para id="tspara0015" view="all">Parameters used to study the sedimentation of the potential heterogeneous nucleation substrates (i.e. Nb-based compounds) inside the molten Al–12Si alloy.</ce:simple-para></ce:caption><tgroup cols="2"><colspec colnum="1" colname="col1" colwidth="87*"/><colspec colnum="2" colname="col2" colwidth="8*"/><thead><row rowsep="1" valign="top"><entry xmlns="http://www.elsevier.com/xml/common/dtd">Parameter</entry><entry xmlns="http://www.elsevier.com/xml/common/dtd">Value</entry></row></thead><tbody><row valign="top"><entry xmlns="http://www.elsevier.com/xml/common/dtd">Diameter of the substrates, <italic>Φ</italic> [μm]</entry><entry xmlns="http://www.elsevier.com/xml/common/dtd">10–20</entry></row><row valign="top"><entry xmlns="http://www.elsevier.com/xml/common/dtd">Gravitational acceleration, <italic>g</italic> [m/s<sup loc="post">2</sup>]</entry><entry xmlns="http://www.elsevier.com/xml/common/dtd">9.81</entry></row><row valign="top"><entry xmlns="http://www.elsevier.com/xml/common/dtd">Density of NbB<inf loc="post">2</inf>, <italic>ρ</italic><inf loc="post"><italic>sub</italic></inf> [g/cm<sup loc="post">3</sup>]</entry><entry xmlns="http://www.elsevier.com/xml/common/dtd">6.97</entry></row><row valign="top"><entry xmlns="http://www.elsevier.com/xml/common/dtd">Density of Al<inf loc="post">3</inf>Nb, <italic>ρ</italic><inf loc="post"><italic>sub</italic></inf> [g/cm<sup loc="post">3</sup>]</entry><entry xmlns="http://www.elsevier.com/xml/common/dtd">4.54</entry></row><row valign="top"><entry xmlns="http://www.elsevier.com/xml/common/dtd">Density of AlB<inf loc="post">2</inf>, <italic>ρ</italic><inf loc="post"><italic>sub</italic></inf> [g/cm<sup loc="post">3</sup>]</entry><entry xmlns="http://www.elsevier.com/xml/common/dtd">3.19</entry></row><row valign="top"><entry xmlns="http://www.elsevier.com/xml/common/dtd">Density of liquid Al, <italic>ρ</italic><inf loc="post"><italic>liq</italic></inf> [g/cm<sup loc="post">3</sup>]</entry><entry xmlns="http://www.elsevier.com/xml/common/dtd">2.37</entry></row><row valign="top"><entry xmlns="http://www.elsevier.com/xml/common/dtd">Viscosity of liquid Al @ 680, <italic>η</italic> [mPa s]</entry><entry xmlns="http://www.elsevier.com/xml/common/dtd">1.3</entry></row><row valign="top"><entry xmlns="http://www.elsevier.com/xml/common/dtd">Max sedimentation height, <italic>h</italic> [mm]</entry><entry xmlns="http://www.elsevier.com/xml/common/dtd">200</entry></row></tbody></tgroup></ce:table></ce:floats><head><ce:title id="title0010">On the effect of Nb-based compounds on the microstructure of Al–12Si alloy</ce:title><ce:author-group id="augrp0010"><ce:author id="au1"><ce:given-name>L.</ce:given-name><ce:surname>Bolzoni</ce:surname><ce:cross-ref refid="cor1" id="crosref0010"><ce:sup loc="post">∗</ce:sup></ce:cross-ref><ce:e-address type="email" id="eadd0010">leandro.bolzoni@brunel.ac.uk</ce:e-address></ce:author><ce:author id="au2"><ce:given-name>M.</ce:given-name><ce:surname>Nowak</ce:surname></ce:author><ce:author id="au3"><ce:given-name>N.</ce:given-name><ce:surname>Hari Babu</ce:surname></ce:author><ce:affiliation id="aff1"><ce:textfn>Brunel University London, Institute of Materials and Manufacturing, Uxbridge, Middlesex, UB8 3PH, UK</ce:textfn><sa:affiliation><sa:organization>Brunel University London</sa:organization><sa:organization>Institute of Materials and Manufacturing</sa:organization><sa:address-line>Uxbridge</sa:address-line><sa:city>Middlesex</sa:city><sa:postal-code>UB8 3PH</sa:postal-code><sa:country>UK</sa:country></sa:affiliation></ce:affiliation><ce:correspondence id="cor1"><ce:label>∗</ce:label><ce:text>Corresponding author.</ce:text></ce:correspondence></ce:author-group><ce:date-received day="20" month="10" year="2014"/><ce:date-revised day="24" month="4" year="2015"/><ce:date-accepted day="29" month="5" year="2015"/><ce:abstract xml:lang="en" id="abs0010" view="all" class="author"><ce:section-title id="sectitle0010">Abstract</ce:section-title><ce:abstract-sec id="abssec0010" view="all"><ce:simple-para id="abspara0010" view="all">Cast Al alloys are important structural materials for the lightweighting of cars and, consequently, reduction of greenhouse gases emission and pollution. The microstructure and properties of cast Al alloys could be further improved by means of grain refinement, practise which cannot efficiently be performed with common Al–Ti–B grain refiners used for wrought Al alloys. In this work we proposed the employment of Nb+B inoculation as an alternative for the refinement of the primary α-Al dendrites of cast Al–Si alloy by studying the grain refinement induced by the Nb+B inoculants as a function of key aspects such as cooling rate, fading behaviour and simulated recyclability tests. It is found that the grain size of the Nb+B inoculated material is noticeably less sensitive to the cooling rate. Nb+B inoculants are still present and promote the refinement of the Al–12Si alloy even after few hours of contact time, although some fading is detected. Furthermore, Nb+B inoculants are also still effective for enhancing heterogeneous nucleation after three remelting of the inoculated alloy. The fading behaviour and ability to retain grain refining potency after remelting are highly relevant to industrial scale applications.</ce:simple-para></ce:abstract-sec></ce:abstract><ce:abstract class="author-highlights" xml:lang="en" id="abs0015" view="all"><ce:section-title id="sectitle0015">Highlights</ce:section-title><ce:abstract-sec id="abssec0015" view="all"><ce:simple-para id="abspara0015" view="all"><ce:list id="ulist0010"><ce:list-item id="u0010"><ce:label>•</ce:label><ce:para id="p0010" view="all">The influence of Nb+B inoculation on Al–12SSi is assessed.</ce:para></ce:list-item><ce:list-item id="u0015"><ce:label>•</ce:label><ce:para id="p0015" view="all">The grain size decreases along with the amount of Nb+B compounds.</ce:para></ce:list-item><ce:list-item id="u0020"><ce:label>•</ce:label><ce:para id="p0020" view="all">Nb+B inoculation makes the grain size less sensitive from the cooling rate.</ce:para></ce:list-item><ce:list-item id="u0025"><ce:label>•</ce:label><ce:para id="p0025" view="all">Grain refinement is obtained via heterogeneous nucleation.</ce:para></ce:list-item></ce:list></ce:simple-para></ce:abstract-sec></ce:abstract><ce:keywords xml:lang="en" id="kwrds0010" view="all" class="keyword"><ce:section-title id="sectitle0020">Keywords</ce:section-title><ce:keyword id="kwrd0010"><ce:text>Metals</ce:text></ce:keyword><ce:keyword id="kwrd0015"><ce:text>Alloys</ce:text></ce:keyword><ce:keyword id="kwrd0020"><ce:text>Intermetallic compounds</ce:text></ce:keyword><ce:keyword id="kwrd0025"><ce:text>Optical metallography</ce:text></ce:keyword><ce:keyword id="kwrd0030"><ce:text>Microstructure</ce:text></ce:keyword></ce:keywords></head><body view="all"><ce:sections><ce:section id="sec1" role="introduction" view="all"><ce:label>1</ce:label><ce:section-title id="sectitle0025">Introduction</ce:section-title><ce:para id="p0030" view="all">The improvement of the behaviour (i.e. mechanical properties and processability) of wrought Al alloys is commonly achieved by the employment of grain refiners <ce:cross-ref refid="bib1" id="crosref0015">[1]</ce:cross-ref>. Specifically, commercial Al–Ti–B master alloys are added to the melt to induce the heterogeneous nucleation of a greater number of primary α-Al grains <ce:cross-refs refid="bib2 bib3 bib4" id="crosrefs0010">[2–4]</ce:cross-refs>. Current understanding is that TiB<ce:inf loc="post">2</ce:inf> particles constitute the heterogeneous nucleation substrates from which the α-Al grains grow whilst Al<ce:inf loc="post">3</ce:inf>Ti dissolve inside the melt <ce:cross-refs refid="bib5 bib6 bib7" id="crosrefs0015">[5–7]</ce:cross-refs> significantly contributing to the growth restriction of the nucleated grains <ce:cross-ref refid="bib8" id="crosref0020">[8]</ce:cross-ref>. On the case of cast Al alloys, where Si &gt; 4 wt.%, the addition of commercial Al–Ti–B master alloys is not effective because Ti reacts with Si to form Ti silicides (poisoning <ce:cross-refs refid="bib3 bib9 bib10" id="crosrefs0020">[3,9,10]</ce:cross-refs>). Up to date, to the best knowledge of the authors, there are not alternative rather than the Ti-based grain refiners. In an attempt to find a reliable grain refiner for Al–Si cast alloys, which constitute the 80% of the cast Al worldwide and are employed to produce critical structural components such as engine blocks and pistons, we found that Nb is a very promising alternative because of three key aspects <ce:cross-refs refid="bib11 bib12" id="crosrefs0025">[11,12]</ce:cross-refs>. (1) Nb can form Nb-based intermetallics (i.e. NbB<ce:inf loc="post">2</ce:inf> and Al<ce:inf loc="post">3</ce:inf>Nb) with isomorphous structures and similar lattice parameters to those of the Ti-based intermetallics. Therefore, a good lattice match with the α-Al phase is expected which is paramount to enhance its nucleation. (2) Nb has lower growth restriction factor than Ti (<ce:cross-ref refid="tbl1" id="crosref0025">Table 1</ce:cross-ref><ce:float-anchor refid="tbl1"/>) and, consequently, its grain-refining effectiveness should be lower. (3) Nb can also form Nb silicides but they are stable at much higher temperature <ce:cross-refs refid="bib13 bib14" id="crosrefs0030">[13,14]</ce:cross-refs>. Therefore, they are not supposed to influence the grain refinement because their kinetic of formation at temperature used for Al casting is very slow. The most adopted theory to address the potency of grain refinement via heterogeneous nucleation and the relative variation of the grain size (<ce:italic>d</ce:italic>) is:<ce:display><ce:formula id="fd1"><ce:label>(1)</ce:label><mml:math altimg="si1.gif" overflow="scroll"><mml:mrow><mml:mi>d</mml:mi><mml:mo>=</mml:mo><mml:mi>a</mml:mi><mml:mo>+</mml:mo><mml:mfrac><mml:mi>b</mml:mi><mml:mi>Q</mml:mi></mml:mfrac></mml:mrow></mml:math></ce:formula></ce:display>where <ce:italic>a</ce:italic> is an experimental parameter related to the number density of active nucleant particles, <ce:italic>b</ce:italic> is an experimental parameter correlated to the intrinsic potency of the nucleants and <ce:italic>Q</ce:italic> is the growth restriction factor <ce:cross-ref refid="bib8" id="crosref0030">[8]</ce:cross-ref>. The factor <ce:italic>Q</ce:italic> depends on the inherent constrain that each alloying element induces on the growth of α-Al grains during the solidification of Al alloys where their effects are, normally, summed up:<ce:display><ce:formula id="fd2"><ce:label>(2)</ce:label><mml:math altimg="si2.gif" overflow="scroll"><mml:mrow><mml:mi>Q</mml:mi><mml:mo>=</mml:mo><mml:msub><mml:mi>m</mml:mi><mml:mn>1</mml:mn></mml:msub><mml:msub><mml:mi>C</mml:mi><mml:mrow><mml:mn>0,1</mml:mn></mml:mrow></mml:msub><mml:mrow><mml:mo>(</mml:mo><mml:mrow><mml:msub><mml:mi>k</mml:mi><mml:mn>1</mml:mn></mml:msub><mml:mo>−</mml:mo><mml:mn>1</mml:mn></mml:mrow><mml:mo>)</mml:mo></mml:mrow><mml:mo>+</mml:mo><mml:msub><mml:mi>m</mml:mi><mml:mn>2</mml:mn></mml:msub><mml:msub><mml:mi>C</mml:mi><mml:mrow><mml:mn>0,2</mml:mn></mml:mrow></mml:msub><mml:mrow><mml:mo>(</mml:mo><mml:mrow><mml:msub><mml:mi>k</mml:mi><mml:mn>2</mml:mn></mml:msub><mml:mo>−</mml:mo><mml:mn>1</mml:mn></mml:mrow><mml:mo>)</mml:mo></mml:mrow><mml:mo>+</mml:mo><mml:mn>...</mml:mn><mml:mo>+</mml:mo><mml:msub><mml:mi>m</mml:mi><mml:mrow><mml:mi>i</mml:mi><mml:mo>-</mml:mo><mml:mtext>th</mml:mtext></mml:mrow></mml:msub><mml:msub><mml:mi>C</mml:mi><mml:mrow><mml:mn>0</mml:mn><mml:mo>,</mml:mo><mml:mi>i</mml:mi><mml:mo>-</mml:mo><mml:mtext>th</mml:mtext></mml:mrow></mml:msub><mml:mrow><mml:mo>(</mml:mo><mml:mrow><mml:msub><mml:mi>k</mml:mi><mml:mrow><mml:mi>i</mml:mi><mml:mo>-</mml:mo><mml:mtext>th</mml:mtext></mml:mrow></mml:msub><mml:mo>−</mml:mo><mml:mn>1</mml:mn></mml:mrow><mml:mo>)</mml:mo></mml:mrow></mml:mrow></mml:math></ce:formula></ce:display></ce:para><ce:para id="p0035" view="all">In Eq. <ce:cross-ref refid="fd2" id="crosref0035">(2)</ce:cross-ref>, <ce:italic>m</ce:italic><ce:inf loc="post"><ce:italic>i</ce:italic></ce:inf> corresponds to the gradient of the liquidus line of every alloying element in binary phase diagrams, <ce:italic>C</ce:italic><ce:inf loc="post"><ce:italic>0</ce:italic>,<ce:italic>i</ce:italic></ce:inf> is the percentage of the alloying element and <ce:italic>k</ce:italic><ce:inf loc="post"><ce:italic>i</ce:italic></ce:inf> is its partition coefficient. The data needed to calculate the <ce:italic>Q</ce:italic> value for some alloying elements and some of the elements employed in commercial grain refiners (e.g. Ti and Zr) are shown in <ce:cross-ref refid="tbl1" id="crosref0040">Table 1</ce:cross-ref>.</ce:para><ce:para id="p0040" view="all">The foundation of Eq. <ce:cross-ref refid="fd1" id="crosref0045">(1)</ce:cross-ref> is that heterogeneous nucleation progresses simultaneously with the constitutional undercooling (Δ<ce:italic>T</ce:italic><ce:inf loc="post"><ce:italic>n</ce:italic></ce:inf>) both of which are related to the variation in grain size (<ce:italic>d</ce:italic>∝ Δ<ce:italic>T</ce:italic><ce:inf loc="post"><ce:italic>n</ce:italic></ce:inf>/<ce:italic>Q</ce:italic>) under the assumption that in binary phase diagram <ce:italic>Q</ce:italic> is essentially Δ<ce:italic>T</ce:italic><ce:inf loc="post"><ce:italic>n</ce:italic></ce:inf> for a specific <ce:italic>kC</ce:italic><ce:inf loc="post"><ce:italic>o</ce:italic></ce:inf> solute content.</ce:para><ce:para id="p0045" view="all">The effect of the cooling rate on the variation of the grain size of an alloy was assessed through Eq. <ce:cross-ref refid="fd3" id="crosref0050">(3)</ce:cross-ref>:<ce:display><ce:formula id="fd3"><ce:label>(3)</ce:label><mml:math altimg="si3.gif" overflow="scroll"><mml:mrow><mml:mi>d</mml:mi><mml:mo>=</mml:mo><mml:msub><mml:mi>d</mml:mi><mml:mn>0</mml:mn></mml:msub><mml:mo>·</mml:mo><mml:msup><mml:mrow><mml:mrow><mml:mo>(</mml:mo><mml:mrow><mml:mrow><mml:mrow><mml:mi>d</mml:mi><mml:mi>T</mml:mi></mml:mrow><mml:mo>/</mml:mo><mml:mrow><mml:mi>d</mml:mi><mml:mi>t</mml:mi></mml:mrow></mml:mrow></mml:mrow><mml:mo>)</mml:mo></mml:mrow></mml:mrow><mml:mrow><mml:mo>−</mml:mo><mml:mi>n</mml:mi></mml:mrow></mml:msup></mml:mrow></mml:math></ce:formula></ce:display>where <ce:italic>d</ce:italic><ce:inf loc="post"><ce:italic>0</ce:italic></ce:inf> and <ce:italic>n</ce:italic> are alloy-dependent parameters.</ce:para><ce:para id="p0050" view="all">The aim of this study is to report and discuss the grain refining effectiveness of Nb+B inoculation on a commercial Al–12Si alloy by considering different level of addition in order to find the best addition rate. The refining potency and effects of Nb+B inoculation are assessed by an in-depth study of different key aspects, such as influence of the cooling rate on the grain size, fading behaviour and simulated recyclability tests by remelting of the inoculated material.</ce:para></ce:section><ce:section id="sec2" view="all"><ce:label>2</ce:label><ce:section-title id="sectitle0030">Experimental procedure</ce:section-title><ce:para id="p0055" view="all">The materials purchased to carry out the study about the grain refining potency of Nb+B inoculation were: Nb powder (Nb &gt; 99.8 wt. %, &lt;45 μm), potassium tetrafluoroborate (KBF<ce:inf loc="post">4</ce:inf>) and the commercial Al–12Si-0.6Fe-0.5Mn alloy (i.e. equivalent to LM6 or A431 alloy). It is worth mentioning that this alloy has relatively high Fe content to increase its fluidity because it is normally processed by high pressure die casting. This alloy also contemplateS Mn in its chemical composition because Mn permits to modify the needle-like morphology of the Fe-based intermetallics that form upon solidification <ce:cross-ref refid="bib15" id="crosref0055">[15]</ce:cross-ref>.</ce:para><ce:para id="p0060" view="all">Nb+B inoculation experiments were performed adding directly the targeted percentage of Nb powder and KBF<ce:inf loc="post">4</ce:inf> flux to the melt <ce:cross-ref refid="bib16" id="crosref0060">[16]</ce:cross-ref>. Specifically, the ratio between Nb and B was kept constant (i.e. 1:1) and different “targeted” addition rates were used: (0 wt.% (i.e. reference), 0.01 wt.%, 0.025 wt.%, 0.05 wt.% and 0.1 wt.%). The alloy was melted inside a clay bonded graphite crucible in an electric furnace at 850 °C during, at least, 1 h prior to proceed with the addition of the Nb powder and KBF<ce:inf loc="post">4</ce:inf> flux. The melt was left to interact with the chemical elements during 2 h with intermediate stirring every approximately 15 min. It is worth mentioning that although specific percentages of Nb and B were targeted, the actual amount of these elements is expected to be slightly lower because some of the Nb powder oxidised during addition and complete recovery of B from KBF<ce:inf loc="post">4</ce:inf> flux at lab scale is difficult <ce:cross-ref refid="bib17" id="crosref0065">[17]</ce:cross-ref>. Nb-based intermetallics, which will act as heterogeneous nucleation substrates, are expected to form as per Eq. <ce:cross-ref refid="fd4" id="crosref0070">(4)</ce:cross-ref>:<ce:display><ce:formula id="fd4"><ce:label>(4)</ce:label><ce:chem>2Nb + 2KBF<ce:inf loc="post">4</ce:inf> + 5Al → NbB<ce:inf loc="post">2</ce:inf> + Al<ce:inf loc="post">3</ce:inf>Nb + 2KF + 2AlF<ce:inf loc="post">3</ce:inf></ce:chem></ce:formula></ce:display></ce:para><ce:para id="p0065" view="all">Reference samples as well as specimens with different Nb+B addition rates (i.e. 0.01–0.1 wt.%) were considered in order to promote the heterogeneous nucleation of the Al–12Si and fully characterised the potential of Nb+B inoculation. On the base of this initial part of the study, the addition level was then set to 0.1 wt.% (i.e. targeted addition). Subsequently, the study of the effect of the cooling rate (0.3–100 °C/s) was performed using various moulds to solidify the materials. The classical metallographic route of SiC papers grinding plus OPS polishing was used to prepare the samples for their microstructural analysis, which was performed with an Axioscope A1 optical microscope. Polarised light micrographs taken at the optical microscope were used for the measurement of the grain size as per ASTM E112-13 (i.e. linear intercept method).</ce:para></ce:section><ce:section id="sec3" role="results" view="all"><ce:label>3</ce:label><ce:section-title id="sectitle0035">Results and discussion</ce:section-title><ce:para id="p0070" view="all"><ce:cross-ref refid="fig1" id="crosref0075">Fig. 1</ce:cross-ref><ce:float-anchor refid="fig1"/> shows the variation of the grain size of the Al–12Si alloy cast at 740 °C (cooling rate ∼ 0.5 °C/s) versus Nb content. The grain size decreases asymptotically with the increment of the targeted amount of Nb added to the molten metal due to the higher content of potential heterogeneous substrates (i.e. Nb-based compounds) available for the nucleation of the primary α-Al dendrites.</ce:para><ce:para id="p0075" view="all">The significant grain size difference for the Al–12Si alloy without and with Nb+B inoculation can be seen by comparing the representative polarised light micrographs shown in <ce:cross-ref refid="fig1" id="crosref0080">Fig. 1</ce:cross-ref>b) and c). Consequently, it is confirmed that the grain size reduction is actually taking place via the heterogeneous nucleation mechanism as a consequence of the combined addition of Nb and B and, therefore, the formation/presence of Nb-based compounds.</ce:para><ce:para id="p0080" view="all">The variation of the grain size versus the cooling rate is presented in <ce:cross-ref refid="fig2" id="crosref0085">Fig. 2</ce:cross-ref><ce:float-anchor refid="fig2"/> where it can be seen that the grain size decreases with the increment of the cooling rate (i.e. moving from coarse grains at very slow cooling rates to fine microstructure at high cooling rates) independently of the employment of inoculants. This is because the higher the cooling rate, the faster the heat extraction from the solidification front and the lower the time for grain growth.</ce:para><ce:para id="p0085" view="all">From <ce:cross-ref refid="fig2" id="crosref0090">Fig. 2</ce:cross-ref>, it can be seen that Nb+B inoculation leads to the decrement of both d<ce:inf loc="post">0</ce:inf> and n parameters. Specifically, the experimental data of the reference material are well described by Eq. <ce:cross-ref refid="fd3" id="crosref0095">(3)</ce:cross-ref> with an exponential factor <ce:italic>n</ce:italic> = 0.34, which is reduced to 0.14 after Nb+B due to enhanced heterogeneous nucleation density. By combining Equations <ce:cross-ref refid="fd1" id="crosref0100">(1) and (3)</ce:cross-ref>, it is found that: <ce:italic>dT</ce:italic>/<ce:italic>dt</ce:italic>∝ <ce:italic>1</ce:italic>/(<ce:italic>Q</ce:italic>)<ce:sup loc="post">−<ce:italic>n</ce:italic></ce:sup>. Therefore, the effectiveness of the Nb+B inoculation is clearly indicated by the reduction of the slope of the fitting curves in agreement with the much finer primary α-Al dendrites obtained in the Nb+B inoculated Al–12Si alloy (<ce:cross-ref refid="fig1" id="crosref0105">Fig. 1</ce:cross-ref>b and c). Eq. <ce:cross-ref refid="fd1" id="crosref0110">(1)</ce:cross-ref> (i.e. <ce:italic>d</ce:italic> = <ce:italic>a</ce:italic> + <ce:italic>b</ce:italic>/<ce:italic>Q</ce:italic>) is also useful to compare the data for specific cooling rates, where the <ce:italic>Q</ce:italic> value for the reference material is 72.60 whilst that for the alloy inoculated with 0.1 wt.% of addition IS 73.22. Commonly, as reported from Spittle <ce:cross-ref refid="bib18" id="crosref0115">[18]</ce:cross-ref>, in the case of Al alloys with Si content greater than 4 wt.% (i.e. Al cast alloy) the grain size increases with the increment of the <ce:italic>Q</ce:italic>. The grain size of the TP-1 test (∼3.5 °C/s) reference alloy (i.e. 1140 μm in <ce:cross-ref refid="fig2" id="crosref0120">Fig. 2</ce:cross-ref>) is consistent with the prediction of Spittle <ce:cross-ref refid="bib18" id="crosref0125">[18]</ce:cross-ref> (grain size &gt; 1000 μm). Thus, the increment of Q due to Nb addition (i.e. 0.62) does not justify the important refinement attained through Nb+B inoculation as visually shown by means of the polarised light micrographs of <ce:cross-ref refid="fig1" id="crosref0130">Fig. 1</ce:cross-ref>. This analysis further proves that Nb+B inoculation introduces potent heterogeneous nucleation substrates, which are niobium aluminides (Al<ce:inf loc="post">3</ce:inf>Nb) and niobium diborides (NbB<ce:inf loc="post">2</ce:inf>) intermetallics as per Eq. <ce:cross-ref refid="fd4" id="crosref0135">(4)</ce:cross-ref>, responsible for the refinement of the microstructure of the Al–12Si alloy. From the micrographs of <ce:cross-ref refid="fig2" id="crosref0140">Fig. 2</ce:cross-ref>, the actual amount of primary α-Al dendrites is influenced by the cooling conditions but not noticeable differences can be highlighted when comparing the reference alloy with the inoculated one. The presence of a relative significant amount of primary α-Al dendrites in this near-eutectic alloy is mainly due to the solidification of the material in non-equilibrium conditions. Comparable results were found in the LM25 alloy (A356) <ce:cross-ref refid="bib19" id="crosref0145">[19]</ce:cross-ref>.</ce:para><ce:para id="p0090" view="all">It is well known that the efficiency of grain refiners decreases with the increment of the contact time (i.e. time after the addition of the master alloy to the melt). This is due to the fact that the inoculants, such as the Ti-based compounds, are characterised by higher density and, thus, tend to sediment. This phenomenon is called “fading” and can be partially recovered by stirring the melt prior casting. The non-recoverable fading is owed to particles forming sludge at the bottom of the crucible <ce:cross-ref refid="bib20" id="crosref0150">[20]</ce:cross-ref> but fading can also be caused by solute poisoning of inoculants particles and agglomeration of inoculants particles into clusters <ce:cross-ref refid="bib21" id="crosref0155">[21]</ce:cross-ref>. The sedimentation velocity (<ce:italic>V</ce:italic>) of the heavy potential heterogeneous nucleation substrates (i.e. Nb-based compounds, in this work) inside the molten Al was studied by considering Stokes’ law:<ce:display><ce:formula id="fd5"><ce:label>(5)</ce:label><mml:math altimg="si4.gif" overflow="scroll"><mml:mrow><mml:mi>V</mml:mi><mml:mo>=</mml:mo><mml:mfrac><mml:mrow><mml:msup><mml:mi>Φ</mml:mi><mml:mn>2</mml:mn></mml:msup><mml:mo>·</mml:mo><mml:mi>g</mml:mi><mml:mo>·</mml:mo><mml:mrow><mml:mo>(</mml:mo><mml:mrow><mml:msub><mml:mi>ρ</mml:mi><mml:mrow><mml:mi>s</mml:mi><mml:mi>u</mml:mi><mml:mi>b</mml:mi></mml:mrow></mml:msub><mml:mo>−</mml:mo><mml:msub><mml:mi>ρ</mml:mi><mml:mrow><mml:mi>l</mml:mi><mml:mi>i</mml:mi><mml:mi>q</mml:mi></mml:mrow></mml:msub></mml:mrow><mml:mo>)</mml:mo></mml:mrow></mml:mrow><mml:mrow><mml:mn>18</mml:mn><mml:mo>·</mml:mo><mml:mi>η</mml:mi></mml:mrow></mml:mfrac></mml:mrow></mml:math></ce:formula></ce:display>where <ce:italic>Φ</ce:italic> is the diameter of the substrates, <ce:italic>g</ce:italic> is the gravitational acceleration, <ce:italic>ρ</ce:italic><ce:inf loc="post"><ce:italic>sub</ce:italic></ce:inf> and <ce:italic>ρ</ce:italic><ce:inf loc="post"><ce:italic>liq</ce:italic></ce:inf> are the density of the substrates and of molten Al, respectively, and <ce:italic>η</ce:italic> is the viscosity of liquid Al. The parameters used are reported in <ce:cross-ref refid="tbl2" id="crosref0160">Table 2</ce:cross-ref><ce:float-anchor refid="tbl2"/> and the following assumptions were made for the study: the substrates are spherical, they are sufficiently dispersed as not to interact among them and no strong agitation (turbulent flow) is present.</ce:para><ce:para id="p0095" view="all">The fading behaviour of Nb+B inoculants on the Al–12Si alloy was studied and the results are shown in <ce:cross-ref refid="fig3" id="crosref0165">Fig. 3</ce:cross-ref><ce:float-anchor refid="fig3"/> (cast at 680 °C, cooling rate ∼ 3.5 °C/s).</ce:para><ce:para id="p0100" view="all">From <ce:cross-ref refid="fig3" id="crosref0170">Fig. 3</ce:cross-ref>, the grain size of the reference cast at 680 °C is lower (<ce:cross-ref refid="fig3" id="crosref0175">Fig. 3</ce:cross-ref>b) than that cast at 740 °C (<ce:cross-ref refid="fig1" id="crosref0180">Fig. 1</ce:cross-ref>) due to more efficient heat extraction and faster cooling rate when using a lower pouring temperature. After 30 min of contact time the grain size is reduced to 360 μm which is consistent with the results of <ce:cross-ref refid="fig1" id="crosref0185">Fig. 1</ce:cross-ref> for the same Nb+B addition level (i.e. 0.1 wt.% Nb targeted addition). The achievement of the same refinement when using two importantly different pouring temperatures further confirms that Nb+B inoculation makes the final grain size of the Al–12Si alloy less sensitive to the cooling rate as found from the study of the effect of the cooling rate (<ce:cross-ref refid="fig2" id="crosref0190">Fig. 2</ce:cross-ref>). Due to the sedimentation of the Nb-based compounds the grain size increases continuously in the range of 470 μm after 2 h and 630 μm after 4 h (<ce:cross-ref refid="fig3" id="crosref0195">Fig. 3</ce:cross-ref>c). The results shown in <ce:cross-ref refid="fig3" id="crosref0200">Fig. 3</ce:cross-ref> are comparable to those of other Ti-based master alloys, such as Al–5Ti–1B <ce:cross-ref refid="bib22" id="crosref0205">[22]</ce:cross-ref>. <ce:cross-ref refid="fig3" id="crosref0210">Fig. 3</ce:cross-ref>d) shows the simulated sedimentation behaviour (Eq. <ce:cross-ref refid="fd5" id="crosref0215">(5)</ce:cross-ref>) of three kinds of intermetallics, precisely NbB<ce:inf loc="post">2</ce:inf>, Al<ce:inf loc="post">3</ce:inf>Nb and AlB<ce:inf loc="post">2</ce:inf>, which are thought to form when the Nb powder and KBF<ce:inf loc="post">4</ce:inf> flux are added to the molten metal. It is worth mentioning that although the AlB<ce:inf loc="post">12</ce:inf> could form, this compound was not considered because the time for its sedimentation is, at least, one order of magnitude slower in comparison to the other intermetallics due to the fact that its density (i.e. 2.56 g/cm<ce:sup loc="post">3</ce:sup>) is much more similar to that of molten alloy (<ce:cross-ref refid="tbl2" id="crosref0220">Table 2</ce:cross-ref>). From <ce:cross-ref refid="fig3" id="crosref0225">Fig. 3</ce:cross-ref>d), it can be seen that there is quite an important variation of the sedimentation time depending on the type of intermetallic. Particularly, the higher the density of the compound the faster its sedimentation and, thus, the trend of the sedimentation velocity is: NbB<ce:inf loc="post">2</ce:inf> &gt; Al<ce:inf loc="post">3</ce:inf>Nb &gt;&gt; AlB<ce:inf loc="post">2</ce:inf>. Moreover, the final sedimentation time is highly influenced by the diameter (<ce:italic>Φ</ce:italic>) of the potential heterogeneous nucleation substrates where the lines shown in <ce:cross-ref refid="fig3" id="crosref0230">Fig. 3</ce:cross-ref>d) correspond to 20 μm (solid line), 15 μm (dash line) and 10 μm (fine dash line). The <ce:italic>Φ</ce:italic> values considered were estimated from the work of Greer et al. <ce:cross-ref refid="bib23" id="crosref0235">[23]</ce:cross-ref>. The overall fading behaviour of the Nb+B inoculated Al–12Si alloy is a compromise between the sedimentation of these different types of intermetallics, each one having a different particle size distribution.</ce:para><ce:para id="p0105" view="all">The total contact time needed to completely loose the effect of the Nb+B inoculation can be evaluated from the simple linear regression presented in <ce:cross-ref refid="fig3" id="crosref0240">Fig. 3</ce:cross-ref>a), roughly 10 h from which the corresponding diameter for the fading of each type of intermetallics can be estimated as 13.2 μm (NbB<ce:inf loc="post">2</ce:inf>) 19.3 μm (Al<ce:inf loc="post">3</ce:inf>Nb) and 31.4 μm (AlB<ce:inf loc="post">2</ce:inf>), respectively.</ce:para><ce:para id="p0110" view="all">Another important aspect of Al and its refinement is the recyclability of the scraps at the end of their lifetime cycle, scrap which can either be generated internally in a cast house or coming from real products such as structural components. The motivation of the recycling of Al alloys is because the energy needed and greenhouse gases emitted to obtain 1 kg of recycled Al are roughly 5% of those necessary/released to extract 1 kg of virgin material from its ores. The recyclability of the Nb+B inoculated Al–12Si alloys (0.1 wt.% targeted addition) was studied remelting the same material up to 3 times after the initial addition without any further addition of Nb+B inoculants. The results of the remelting test of the Al–12Si cast at 740 °C are presented in <ce:cross-ref refid="fig4" id="crosref0245">Fig. 4</ce:cross-ref><ce:float-anchor refid="fig4"/> where the first point that can be noticed is the coarse grain size of the reference material (∼1500 μm).</ce:para><ce:para id="p0115" view="all">Once again, the initial addition of Nb+B inoculants reduces the grain size of the primary α-Al dendrites and the value is consistent with the previous results (<ce:cross-ref refid="fig1" id="crosref0250">Figs. 1</ce:cross-ref> and <ce:cross-ref refid="fig2" id="crosref0255">2</ce:cross-ref>). From the linear regression reported in <ce:cross-ref refid="fig4" id="crosref0260">Fig. 4</ce:cross-ref>, it can be seen that the variation of the grain size with the number of remelting can be approximated with the power law (Eq. <ce:cross-ref refid="fd6" id="crosref0265">(6)</ce:cross-ref>):<ce:display><ce:formula id="fd6"><ce:label>(6)</ce:label><mml:math altimg="si5.gif" overflow="scroll"><mml:mrow><mml:mi>d</mml:mi><mml:mo>=</mml:mo><mml:mn>490</mml:mn><mml:mo>·</mml:mo><mml:msup><mml:mrow><mml:mrow><mml:mo>(</mml:mo><mml:mrow><mml:msub><mml:mi>N</mml:mi><mml:mrow><mml:mi>r</mml:mi><mml:mi>e</mml:mi><mml:mi>m</mml:mi></mml:mrow></mml:msub></mml:mrow><mml:mo>)</mml:mo></mml:mrow></mml:mrow><mml:mrow><mml:mn>0.40</mml:mn></mml:mrow></mml:msup></mml:mrow></mml:math></ce:formula></ce:display></ce:para><ce:para id="p0120" view="all">On the base of this equation, the estimated number of remelting processes needed to complete lose the effect of Nb+B inoculation is 17. It is worth mentioning that in this approximation no sedimentation of the potential heterogeneous nucleation substrates was considered because, in every experiment, the alloy is melted and kept the minimum time required to reach a homogeneous temperature inside the melt prior to its casting. Moreover, the trend is affected by the experimental procedure followed: initially the sample for microstructural analysis is cast and, afterwards, the remaining of the melt is cast for further remelting. Nevertheless, the power-law equation provides a sufficiently reliable estimation of the total number of substrates which become active during the solidification of the remelted alloy. The efficiency of the Nb+B inoculation lost through the different re-processing of the alloy is also shown in <ce:cross-ref refid="fig4" id="crosref0270">Fig. 4</ce:cross-ref>. The efficiency loss was calculated as per Eq. <ce:cross-ref refid="fd7" id="crosref0275">(7)</ce:cross-ref> considering that the initial inoculation of the Al–12Si alloy leads to a decrement of the grain size of approximately 1000 μm:<ce:display><ce:formula id="fd7"><ce:label>(7)</ce:label><mml:math altimg="si6.gif" overflow="scroll"><mml:mrow><mml:mi>E</mml:mi><mml:mi>f</mml:mi><mml:mi>f</mml:mi><mml:mi>i</mml:mi><mml:mi>c</mml:mi><mml:mi>i</mml:mi><mml:mi>e</mml:mi><mml:mi>n</mml:mi><mml:mi>c</mml:mi><mml:mi>y</mml:mi><mml:mspace width="0.5em"/><mml:mi>l</mml:mi><mml:mi>o</mml:mi><mml:mi>s</mml:mi><mml:mi>s</mml:mi><mml:mo>=</mml:mo><mml:mn>100</mml:mn><mml:mo>−</mml:mo><mml:mo>∑</mml:mo><mml:mrow><mml:mfrac><mml:mrow><mml:msub><mml:mi>d</mml:mi><mml:mrow><mml:mi>N</mml:mi><mml:mo>+</mml:mo><mml:mn>1</mml:mn></mml:mrow></mml:msub><mml:mo>−</mml:mo><mml:msub><mml:mi>d</mml:mi><mml:mi>N</mml:mi></mml:msub></mml:mrow><mml:mrow><mml:msub><mml:mi>d</mml:mi><mml:mrow><mml:mi mathvariant="italic">Ref</mml:mi></mml:mrow></mml:msub><mml:mo>−</mml:mo><mml:msub><mml:mi>d</mml:mi><mml:mrow><mml:mi>A</mml:mi><mml:mi>d</mml:mi><mml:mi>d</mml:mi></mml:mrow></mml:msub></mml:mrow></mml:mfrac></mml:mrow></mml:mrow></mml:math></ce:formula></ce:display>where <ce:italic>d</ce:italic><ce:inf loc="post"><ce:italic>N</ce:italic></ce:inf> is the grain size (comparable to the number of active substrates) at the <ce:italic>n</ce:italic>-th remelting, <ce:italic>d</ce:italic><ce:inf loc="post"><ce:italic>Ref</ce:italic></ce:inf> is the grain size of the reference alloy and <ce:italic>d</ce:italic><ce:inf loc="post"><ce:italic>Add</ce:italic></ce:inf> is the grain size of the alloy freshly inoculated. The loss of efficiency is thought to be due the combined effect of interrelated factors such as decreasing number of potential heterogeneous nucleation substrates available, lowering of the total undercooling induced by the presence of the inoculants, lower number and sedimentation of the particles with bigger diameter and higher density (<ce:cross-ref refid="fig3" id="crosref0280">Fig. 3</ce:cross-ref>). Although of all these factors, the efficiency of Nb+B inoculants is still approximately 65% of its initial potency after the 3rd remelting. Consequently, depending on the grain size acceptance level, much lower addition of further Nb+B inoculants or, even, no further addition would be required when recycling the alloy.</ce:para></ce:section><ce:section id="sec4" role="conclusion" view="all"><ce:label>4</ce:label><ce:section-title id="sectitle0040">Conclusions</ce:section-title><ce:para id="p0125" view="all">From this study where a commercial Al–12Si alloy was inoculated with different level of Nb+B addition to assess the grain refining potency of Nb+B inoculation it can be concluded that in-situ formed Nb-based intermetallics compounds are potent heterogeneous nucleation substrates with high potency for the refinement of Al–Si cast alloys. The primary α-Al dendritic grain size varies with the addition level of Nb and B. Moreover, significant grain refinement over a wide range of cooling rates is obtained via enhanced heterogeneous nucleation making the grain size of the material less sensitive to the cooling rate. Nb+B inoculants are characterised by some fading which is still acceptable after 4 h of contact time. Moreover, alloys refined by means of Nb+B inoculants can be recycled obtaining a fine grain structure with small addition or no further addition of inoculants after the first initial addition. Concluding, Nb+B inoculation is a promising candidate for the refinement of cast Al alloy which could lead to their wider employment in the automotive industry with the resultant intrinsic advantages of lighter structural component from an environmental point of view.</ce:para></ce:section></ce:sections><ce:acknowledgment id="ack0010" view="all"><ce:section-title id="sectitle0045">Acknowledgements</ce:section-title><ce:para id="p0130" view="all">The authors are thankful for the financial support from the <ce:grant-sponsor id="gs1" xlink:type="simple" xlink:role="http://www.elsevier.com/xml/linking-roles/grant-sponsor">Technology Strategy Board (TSB)</ce:grant-sponsor> through the <ce:grant-number refid="gs1">TSB/101177</ce:grant-number> Project and to the <ce:grant-sponsor id="gs2" xlink:type="simple" xlink:role="http://www.elsevier.com/xml/linking-roles/grant-sponsor">Engineering and Physical Sciences Research Council (EPSRC)</ce:grant-sponsor> through the <ce:grant-number refid="gs2">EP/J013749/1</ce:grant-number> and <ce:grant-number refid="gs2">EP/K031422/1</ce:grant-number> Projects.</ce:para></ce:acknowledgment></body><tail view="all"><ce:bibliography id="cebib0010" view="all"><ce:section-title id="sectitle0050">References</ce:section-title><ce:bibliography-sec id="cebibsec0010" view="all"><ce:bib-reference id="bib1"><ce:label>[1]</ce:label><sb:reference id="sref1"><sb:contribution langtype="en"><sb:authors><sb:author><ce:given-name>E.L.</ce:given-name><ce:surname>Rooy</ce:surname></sb:author></sb:authors></sb:contribution><sb:host><sb:book><sb:book-series><sb:series><sb:title><sb:maintitle>Aluminum and Aluminum Alloys, Castings</sb:maintitle></sb:title><sb:volume-nr>vol. 15</sb:volume-nr></sb:series></sb:book-series><sb:date>1988</sb:date><sb:publisher><sb:name>ASM International</sb:name><sb:location>Ohio</sb:location></sb:publisher></sb:book></sb:host></sb:reference></ce:bib-reference><ce:bib-reference id="bib2"><ce:label>[2]</ce:label><sb:reference id="sref2"><sb:contribution langtype="en"><sb:authors><sb:author><ce:given-name>G.K.</ce:given-name><ce:surname>Sigworth</ce:surname></sb:author></sb:authors><sb:title><sb:maintitle>The grain refining of aluminum and phase relationships in the Al-Ti-B system</sb:maintitle></sb:title></sb:contribution><sb:host><sb:issue><sb:series><sb:title><sb:maintitle>Metall. Trans. A</sb:maintitle></sb:title><sb:volume-nr>15</sb:volume-nr></sb:series><sb:date>1984</sb:date></sb:issue><sb:pages><sb:first-page>277</sb:first-page><sb:last-page>282</sb:last-page></sb:pages></sb:host></sb:reference></ce:bib-reference><ce:bib-reference id="bib3"><ce:label>[3]</ce:label><sb:reference id="sref3"><sb:contribution langtype="en"><sb:authors><sb:author><ce:given-name>G.K.</ce:given-name><ce:surname>Sigworth</ce:surname></sb:author><sb:author><ce:given-name>M.M.</ce:given-name><ce:surname>Guzowski</ce:surname></sb:author></sb:authors><sb:title><sb:maintitle>Grain refining of hypoeutectic Al-Si alloys</sb:maintitle></sb:title></sb:contribution><sb:host><sb:issue><sb:series><sb:title><sb:maintitle>AFS Trans.</sb:maintitle></sb:title><sb:volume-nr>93</sb:volume-nr></sb:series><sb:date>1985</sb:date></sb:issue><sb:pages><sb:first-page>907</sb:first-page><sb:last-page>912</sb:last-page></sb:pages></sb:host></sb:reference></ce:bib-reference><ce:bib-reference id="bib4"><ce:label>[4]</ce:label><sb:reference id="sref4"><sb:contribution langtype="en"><sb:authors><sb:author><ce:given-name>M.M.</ce:given-name><ce:surname>Guzowski</ce:surname></sb:author><sb:author><ce:given-name>G.K.</ce:given-name><ce:surname>Sigworth</ce:surname></sb:author><sb:author><ce:given-name>D.A.</ce:given-name><ce:surname>Sentner</ce:surname></sb:author></sb:authors><sb:title><sb:maintitle>The role of boron in the grain refinement of aluminum with titanium</sb:maintitle></sb:title></sb:contribution><sb:host><sb:issue><sb:series><sb:title><sb:maintitle>Metall. Trans. A</sb:maintitle></sb:title><sb:volume-nr>18</sb:volume-nr></sb:series><sb:date>1987</sb:date></sb:issue><sb:pages><sb:first-page>603</sb:first-page><sb:last-page>619</sb:last-page></sb:pages></sb:host></sb:reference></ce:bib-reference><ce:bib-reference id="bib5"><ce:label>[5]</ce:label><sb:reference id="sref5"><sb:contribution langtype="en"><sb:authors><sb:author><ce:given-name>M.</ce:given-name><ce:surname>Easton</ce:surname></sb:author><sb:author><ce:given-name>D.H.</ce:given-name><ce:surname>St John</ce:surname></sb:author></sb:authors><sb:title><sb:maintitle>Grain refinement of aluminum alloys: part I. The nucleant and solute paradigms - a review of the literature</sb:maintitle></sb:title></sb:contribution><sb:host><sb:issue><sb:series><sb:title><sb:maintitle>Metall. Mater. Trans. A</sb:maintitle></sb:title><sb:volume-nr>30</sb:volume-nr></sb:series><sb:date>1999</sb:date></sb:issue><sb:pages><sb:first-page>1613</sb:first-page><sb:last-page>1623</sb:last-page></sb:pages></sb:host></sb:reference></ce:bib-reference><ce:bib-reference id="bib6"><ce:label>[6]</ce:label><sb:reference id="sref6"><sb:contribution langtype="en"><sb:authors><sb:author><ce:given-name>G.P.</ce:given-name><ce:surname>Jones</ce:surname></sb:author><sb:author><ce:given-name>J.</ce:given-name><ce:surname>Pearson</ce:surname></sb:author></sb:authors><sb:title><sb:maintitle>Factors affecting grain refinement of aluminium using Ti and B Additives</sb:maintitle></sb:title></sb:contribution><sb:host><sb:issue><sb:series><sb:title><sb:maintitle>Metall. Mater. Trans. B</sb:maintitle></sb:title><sb:volume-nr>7</sb:volume-nr></sb:series><sb:date>1976</sb:date></sb:issue><sb:pages><sb:first-page>223</sb:first-page><sb:last-page>234</sb:last-page></sb:pages></sb:host></sb:reference></ce:bib-reference><ce:bib-reference id="bib7"><ce:label>[7]</ce:label><sb:reference id="sref7"><sb:contribution langtype="en"><sb:authors><sb:author><ce:given-name>D.H.</ce:given-name><ce:surname>St John</ce:surname></sb:author><sb:author><ce:given-name>L.M.</ce:given-name><ce:surname>Hogan</ce:surname></sb:author></sb:authors><sb:title><sb:maintitle>Al3Ti and the grain refinement of aluminum</sb:maintitle></sb:title></sb:contribution><sb:host><sb:issue><sb:series><sb:title><sb:maintitle>J. Aust. Inst. Metals</sb:maintitle></sb:title><sb:volume-nr>22</sb:volume-nr></sb:series><sb:date>1977</sb:date></sb:issue><sb:pages><sb:first-page>160</sb:first-page><sb:last-page>166</sb:last-page></sb:pages></sb:host></sb:reference></ce:bib-reference><ce:bib-reference id="bib8"><ce:label>[8]</ce:label><sb:reference id="sref8"><sb:contribution langtype="en"><sb:authors><sb:author><ce:given-name>M.</ce:given-name><ce:surname>Easton</ce:surname></sb:author><sb:author><ce:given-name>D.</ce:given-name><ce:surname>St John</ce:surname></sb:author></sb:authors><sb:title><sb:maintitle>An analysis of the relationship between grain size, solute content, and the potency and number density of nucleant particles</sb:maintitle></sb:title></sb:contribution><sb:host><sb:issue><sb:series><sb:title><sb:maintitle>Metall. Trans. A</sb:maintitle></sb:title><sb:volume-nr>36</sb:volume-nr></sb:series><sb:date>2005</sb:date></sb:issue><sb:pages><sb:first-page>1911</sb:first-page><sb:last-page>1920</sb:last-page></sb:pages></sb:host></sb:reference></ce:bib-reference><ce:bib-reference id="bib9"><ce:label>[9]</ce:label><sb:reference id="sref9"><sb:contribution langtype="en"><sb:authors><sb:author><ce:given-name>T.</ce:given-name><ce:surname>Sritharan</ce:surname></sb:author><sb:author><ce:given-name>H.</ce:given-name><ce:surname>Li</ce:surname></sb:author></sb:authors><sb:title><sb:maintitle>Influence of titanium to boron ratio on the ability to grain refine aluminium-silicon alloys</sb:maintitle></sb:title></sb:contribution><sb:host><sb:issue><sb:series><sb:title><sb:maintitle>J. Mater. Process. Technol.</sb:maintitle></sb:title><sb:volume-nr>63</sb:volume-nr></sb:series><sb:date>1997</sb:date></sb:issue><sb:pages><sb:first-page>585</sb:first-page><sb:last-page>589</sb:last-page></sb:pages></sb:host></sb:reference></ce:bib-reference><ce:bib-reference id="bib10"><ce:label>[10]</ce:label><sb:reference id="sref10"><sb:contribution langtype="en"><sb:authors><sb:author><ce:given-name>M.N.</ce:given-name><ce:surname>Binney</ce:surname></sb:author><sb:author><ce:given-name>D.H.</ce:given-name><ce:surname>St John</ce:surname></sb:author><sb:author><ce:given-name>A.K.</ce:given-name><ce:surname>Dahle</ce:surname></sb:author><sb:author><ce:given-name>J.A.</ce:given-name><ce:surname>Taylor</ce:surname></sb:author><sb:author><ce:given-name>E.</ce:given-name><ce:surname>Burhop</ce:surname></sb:author><sb:author><ce:given-name>P.S.</ce:given-name><ce:surname>Cooper</ce:surname></sb:author></sb:authors><sb:title><sb:maintitle>Grain refinement of secondary aluminium-silicon casting alloys</sb:maintitle></sb:title></sb:contribution><sb:host><sb:issue><sb:series><sb:title><sb:maintitle>Light Met.</sb:maintitle></sb:title><sb:volume-nr>1</sb:volume-nr></sb:series><sb:date>2003</sb:date></sb:issue><sb:pages><sb:first-page>917</sb:first-page><sb:last-page>922</sb:last-page></sb:pages></sb:host></sb:reference></ce:bib-reference><ce:bib-reference id="bib11"><ce:label>[11]</ce:label><sb:reference id="sref11"><sb:contribution langtype="en"><sb:authors><sb:author><ce:given-name>M.</ce:given-name><ce:surname>Nowak</ce:surname></sb:author><sb:author><ce:given-name>L.</ce:given-name><ce:surname>Bolzoni</ce:surname></sb:author><sb:author><ce:given-name>N.</ce:given-name><ce:surname>Hari Babu</ce:surname></sb:author></sb:authors><sb:title><sb:maintitle>Grain refinement of Al-Si alloys by Nb-B inoculation. Part I: concept development and effect on binary alloys</sb:maintitle></sb:title></sb:contribution><sb:host><sb:issue><sb:series><sb:title><sb:maintitle>Mater. Des.</sb:maintitle></sb:title><sb:volume-nr>66</sb:volume-nr></sb:series><sb:date>2015</sb:date></sb:issue><sb:pages><sb:first-page>366</sb:first-page><sb:last-page>375</sb:last-page></sb:pages></sb:host></sb:reference></ce:bib-reference><ce:bib-reference id="bib12"><ce:label>[12]</ce:label><sb:reference id="sref12"><sb:contribution langtype="en"><sb:authors><sb:author><ce:given-name>L.</ce:given-name><ce:surname>Bolzoni</ce:surname></sb:author><sb:author><ce:given-name>M.</ce:given-name><ce:surname>Nowak</ce:surname></sb:author><sb:author><ce:given-name>N.</ce:given-name><ce:surname>Hari Babu</ce:surname></sb:author></sb:authors><sb:title><sb:maintitle>Grain refinement of Al-Si alloys by Nb-B inoculation. Part II: application to commercial alloys</sb:maintitle></sb:title></sb:contribution><sb:host><sb:issue><sb:series><sb:title><sb:maintitle>Mater. Des.</sb:maintitle></sb:title><sb:volume-nr>66</sb:volume-nr></sb:series><sb:date>2015</sb:date></sb:issue><sb:pages><sb:first-page>376</sb:first-page><sb:last-page>383</sb:last-page></sb:pages></sb:host></sb:reference></ce:bib-reference><ce:bib-reference id="bib13"><ce:label>[13]</ce:label><sb:reference id="sref13"><sb:contribution langtype="en"><sb:authors><sb:author><ce:surname>ASM International</ce:surname></sb:author></sb:authors><sb:title><sb:maintitle>ASM Handbook</sb:maintitle></sb:title></sb:contribution><sb:host><sb:book><sb:book-series><sb:series><sb:title><sb:maintitle>Alloy Phase Diagrams</sb:maintitle></sb:title><sb:volume-nr>vol. 3</sb:volume-nr></sb:series></sb:book-series><sb:date>1992</sb:date><sb:publisher><sb:name>ASM International</sb:name><sb:location>Ohio</sb:location></sb:publisher></sb:book></sb:host></sb:reference></ce:bib-reference><ce:bib-reference id="bib14"><ce:label>[14]</ce:label><sb:reference id="sref14"><sb:contribution langtype="en"><sb:authors><sb:author><ce:given-name>J.C.</ce:given-name><ce:surname>Zhao</ce:surname></sb:author><sb:author><ce:given-name>M.R.</ce:given-name><ce:surname>Jackson</ce:surname></sb:author><sb:author><ce:given-name>L.A.</ce:given-name><ce:surname>Peluso</ce:surname></sb:author></sb:authors><sb:title><sb:maintitle>Mapping of the Nb-Ti-Si phase diagram using diffusion multiples</sb:maintitle></sb:title></sb:contribution><sb:host><sb:issue><sb:series><sb:title><sb:maintitle>Mater. Sci. Eng. A</sb:maintitle></sb:title><sb:volume-nr>372</sb:volume-nr></sb:series><sb:date>2004</sb:date></sb:issue><sb:pages><sb:first-page>21</sb:first-page><sb:last-page>27</sb:last-page></sb:pages></sb:host></sb:reference></ce:bib-reference><ce:bib-reference id="bib15"><ce:label>[15]</ce:label><sb:reference id="sref15"><sb:contribution langtype="en"><sb:authors><sb:author><ce:given-name>J.A.</ce:given-name><ce:surname>Taylor</ce:surname></sb:author></sb:authors><sb:title><sb:maintitle>The effect of iron in Al-Si casting alloys</sb:maintitle></sb:title></sb:contribution><sb:host><sb:edited-book><sb:editors><sb:editor><ce:given-name>J.C.e.</ce:given-name><ce:surname>al</ce:surname></sb:editor></sb:editors><sb:title><sb:maintitle>35th Australian Foundry Institute National Conference</sb:maintitle></sb:title><sb:date>2004</sb:date><sb:publisher><sb:name>Australian Foundry Institute (AFI)</sb:name><sb:location>Adelaide, South Australia</sb:location></sb:publisher></sb:edited-book><sb:pages><sb:first-page>148</sb:first-page><sb:last-page>157</sb:last-page></sb:pages></sb:host></sb:reference></ce:bib-reference><ce:bib-reference id="bib16"><ce:label>[16]</ce:label><sb:reference id="sref16"><sb:contribution langtype="en"><sb:authors><sb:author><ce:given-name>L.</ce:given-name><ce:surname>Bolzoni</ce:surname></sb:author><sb:author><ce:given-name>M.</ce:given-name><ce:surname>Nowak</ce:surname></sb:author><sb:author><ce:given-name>N.</ce:given-name><ce:surname>Hari Babu</ce:surname></sb:author></sb:authors><sb:title><sb:maintitle>Grain refining potency of Nb–B inoculation on Al–12Si–0.6Fe–0.5Mn Alloy</sb:maintitle></sb:title></sb:contribution><sb:host><sb:issue><sb:series><sb:title><sb:maintitle>J. Alloys Compd.</sb:maintitle></sb:title><sb:volume-nr>623</sb:volume-nr></sb:series><sb:date>2015</sb:date></sb:issue><sb:pages><sb:first-page>79</sb:first-page><sb:last-page>82</sb:last-page></sb:pages></sb:host></sb:reference></ce:bib-reference><ce:bib-reference id="bib17"><ce:label>[17]</ce:label><sb:reference id="sref17"><sb:contribution langtype="en"><sb:authors><sb:author><ce:given-name>M.</ce:given-name><ce:surname>Nowak</ce:surname></sb:author><sb:author><ce:given-name>W.K.</ce:given-name><ce:surname>Yeoh</ce:surname></sb:author><sb:author><ce:given-name>L.</ce:given-name><ce:surname>Bolzoni</ce:surname></sb:author><sb:author><ce:given-name>N.</ce:given-name><ce:surname>Hari Babu</ce:surname></sb:author></sb:authors><sb:title><sb:maintitle>Development of Al-Nb-B master alloys using Nb and KBF4 Powders</sb:maintitle></sb:title></sb:contribution><sb:host><sb:issue><sb:series><sb:title><sb:maintitle>Mater. Des.</sb:maintitle></sb:title><sb:volume-nr>75</sb:volume-nr></sb:series><sb:date>2015</sb:date></sb:issue><sb:pages><sb:first-page>40</sb:first-page><sb:last-page>46</sb:last-page></sb:pages></sb:host></sb:reference></ce:bib-reference><ce:bib-reference id="bib18"><ce:label>[18]</ce:label><sb:reference id="sref18"><sb:contribution langtype="en"><sb:authors><sb:author><ce:given-name>J.A.</ce:given-name><ce:surname>Spittle</ce:surname></sb:author></sb:authors><sb:title><sb:maintitle>Grain refinement in shape casting of aluminium alloys – part I</sb:maintitle></sb:title></sb:contribution><sb:host><sb:issue><sb:series><sb:title><sb:maintitle>FTJ</sb:maintitle></sb:title></sb:series><sb:date>2008</sb:date></sb:issue><sb:pages><sb:first-page>308</sb:first-page><sb:last-page>314</sb:last-page></sb:pages></sb:host></sb:reference></ce:bib-reference><ce:bib-reference id="bib19"><ce:label>[19]</ce:label><sb:reference id="sref19"><sb:contribution langtype="en"><sb:authors><sb:author><ce:given-name>L.</ce:given-name><ce:surname>Bolzoni</ce:surname></sb:author><sb:author><ce:given-name>N.</ce:given-name><ce:surname>Hari Babu</ce:surname></sb:author></sb:authors><sb:title><sb:maintitle>Refinement of the grain size of the LM25 alloy (A356) by 96Al-2Nb-2B master alloy</sb:maintitle></sb:title></sb:contribution><sb:host><sb:issue><sb:series><sb:title><sb:maintitle>J. Mater. Proc. Technol.</sb:maintitle></sb:title><sb:volume-nr>222</sb:volume-nr></sb:series><sb:date>2015</sb:date></sb:issue><sb:pages><sb:first-page>219</sb:first-page><sb:last-page>223</sb:last-page></sb:pages></sb:host></sb:reference></ce:bib-reference><ce:bib-reference id="bib20"><ce:label>[20]</ce:label><sb:reference id="sref20"><sb:contribution langtype="en"><sb:authors><sb:author><ce:given-name>M.A.</ce:given-name><ce:surname>Kearns</ce:surname></sb:author><sb:author><ce:given-name>S.R.</ce:given-name><ce:surname>Thistlethwaite</ce:surname></sb:author><sb:author><ce:given-name>P.S.</ce:given-name><ce:surname>Cooper</ce:surname></sb:author></sb:authors><sb:title><sb:maintitle>Recent advances in understanding the mechanism of aluminium grain refinement by TiBAl master alloys</sb:maintitle></sb:title></sb:contribution><sb:host><sb:issue><sb:series><sb:title><sb:maintitle>Light Met.</sb:maintitle></sb:title></sb:series><sb:date>1996</sb:date></sb:issue><sb:pages><sb:first-page>713</sb:first-page><sb:last-page>720</sb:last-page></sb:pages></sb:host></sb:reference></ce:bib-reference><ce:bib-reference id="bib21"><ce:label>[21]</ce:label><sb:reference id="sref21"><sb:contribution langtype="en"><sb:authors><sb:author><ce:given-name>A.M.</ce:given-name><ce:surname>Bunn</ce:surname></sb:author><sb:author><ce:given-name>P.</ce:given-name><ce:surname>Schumacher</ce:surname></sb:author><sb:author><ce:given-name>M.A.</ce:given-name><ce:surname>Kearns</ce:surname></sb:author><sb:author><ce:given-name>C.B.</ce:given-name><ce:surname>Boothroyd</ce:surname></sb:author><sb:author><ce:given-name>A.L.</ce:given-name><ce:surname>Greer</ce:surname></sb:author></sb:authors><sb:title><sb:maintitle>Grain refinement by Al–Ti–B alloys in aluminium melts: a study of the mechanisms of poisoning by zirconium</sb:maintitle></sb:title></sb:contribution><sb:host><sb:issue><sb:series><sb:title><sb:maintitle>Mater. Sci. Technol.</sb:maintitle></sb:title><sb:volume-nr>15</sb:volume-nr></sb:series><sb:date>1999</sb:date></sb:issue><sb:pages><sb:first-page>1115</sb:first-page><sb:last-page>1123</sb:last-page></sb:pages></sb:host></sb:reference></ce:bib-reference><ce:bib-reference id="bib22"><ce:label>[22]</ce:label><sb:reference id="sref22"><sb:contribution langtype="en"><sb:authors><sb:author><ce:given-name>Y.</ce:given-name><ce:surname>Birol</ce:surname></sb:author></sb:authors><sb:title><sb:maintitle>AlB3 master Alloy to grain refine AlSi10Mg and AlSi12Cu aluminium foundry Alloys</sb:maintitle></sb:title></sb:contribution><sb:host><sb:issue><sb:series><sb:title><sb:maintitle>J. Alloys Compd.</sb:maintitle></sb:title><sb:volume-nr>513</sb:volume-nr></sb:series><sb:date>2012</sb:date></sb:issue><sb:pages><sb:first-page>150</sb:first-page><sb:last-page>153</sb:last-page></sb:pages></sb:host></sb:reference></ce:bib-reference><ce:bib-reference id="bib23"><ce:label>[23]</ce:label><sb:reference id="sref23"><sb:contribution langtype="en"><sb:authors><sb:author><ce:given-name>A.L.</ce:given-name><ce:surname>Greer</ce:surname></sb:author><sb:author><ce:given-name>P.S.</ce:given-name><ce:surname>Cooper</ce:surname></sb:author><sb:author><ce:given-name>M.W.</ce:given-name><ce:surname>Meredith</ce:surname></sb:author><sb:author><ce:given-name>W.</ce:given-name><ce:surname>Schneider</ce:surname></sb:author><sb:author><ce:given-name>P.</ce:given-name><ce:surname>Schumacher</ce:surname></sb:author><sb:author><ce:given-name>J.A.</ce:given-name><ce:surname>Spittle</ce:surname></sb:author><sb:author><ce:given-name>A.</ce:given-name><ce:surname>Tronche</ce:surname></sb:author></sb:authors><sb:title><sb:maintitle>Grain refinement of aluminium alloys by inoculation</sb:maintitle></sb:title></sb:contribution><sb:host><sb:issue><sb:series><sb:title><sb:maintitle>Adv. Eng. Mater.</sb:maintitle></sb:title><sb:volume-nr>5</sb:volume-nr></sb:series><sb:date>2003</sb:date></sb:issue><sb:pages><sb:first-page>81</sb:first-page><sb:last-page>91</sb:last-page></sb:pages></sb:host></sb:reference></ce:bib-reference></ce:bibliography-sec></ce:bibliography></tail></article></xocs:serial-item></xocs:doc>