<full-text-retrieval-response xmlns="http://www.elsevier.com/xml/svapi/article/dtd" xmlns:xsi="http://www.w3.org/2001/XMLSchema-instance" xmlns:prism="http://prismstandard.org/namespaces/basic/2.0/" xmlns:dcterms="http://purl.org/dc/terms/" xmlns:dc="http://purl.org/dc/elements/1.1/" xmlns:xocs="http://www.elsevier.com/xml/xocs/dtd" xmlns:xlink="http://www.w3.org/1999/xlink" xmlns:tb="http://www.elsevier.com/xml/common/table/dtd" xmlns:sb="http://www.elsevier.com/xml/common/struct-bib/dtd" xmlns:sa="http://www.elsevier.com/xml/common/struct-aff/dtd" xmlns:mml="http://www.w3.org/1998/Math/MathML" xmlns:ja="http://www.elsevier.com/xml/ja/dtd" xmlns:ce="http://www.elsevier.com/xml/common/dtd" xmlns:cals="http://www.elsevier.com/xml/common/cals/dtd" xmlns:bk="http://www.elsevier.com/xml/bk/dtd"><coredata><prism:url>http://api.elsevier.com/content/article/pii/S0370269304009165</prism:url><dc:identifier>doi:10.1016/j.physletb.2004.06.054</dc:identifier><eid>1-s2.0-S0370269304009165</eid><prism:doi>10.1016/j.physletb.2004.06.054</prism:doi><pii>S0370-2693(04)00916-5</pii><dc:title>Dynamical CP violation in the early Universe </dc:title><prism:publicationName>Physics Letters B</prism:publicationName><prism:aggregationType>Journal</prism:aggregationType><prism:issn>03702693</prism:issn><prism:volume>595</prism:volume><prism:issueIdentifier>1-4</prism:issueIdentifier><prism:startingPage>22</prism:startingPage><prism:endingPage>27</prism:endingPage><prism:pageRange>22-27</prism:pageRange><prism:number>1-4</prism:number><dc:format>text/xml</dc:format><prism:coverDate>2004-08-12</prism:coverDate><prism:coverDisplayDate>12 August 2004</prism:coverDisplayDate><prism:copyright>Copyright © 2004 Elsevier B.V.</prism:copyright><prism:publisher>Elsevier B.V.</prism:publisher><dc:creator>Balaji, K.R.S.</dc:creator><dc:creator>Biswas, Tirthabir</dc:creator><dc:creator>Brandenberger, Robert H.</dc:creator><dc:creator>London, David</dc:creator><dc:description>AbstractFollowing earlier ideas of Dolgov, we show that the asymmetrical dynamical evolution of fields in the early Universe provides a new source for CP violation. This can lead to baryogenesis without any additional CP-violating interactions. The magnitude of this CP violation is time-dependent. In particular, it vanishes (or is very small) in the late Universe after the fields have relaxed (or are in their final approach) to their vacuum values. We provide an explicit example in which our mechanism is realized.</dc:description><openaccess>1</openaccess><openaccessArticle>true</openaccessArticle><openaccessType>Full</openaccessType><openArchiveArticle>false</openArchiveArticle><openaccessSponsorName>SCOAP3 - Sponsoring Consortium for Open Access Publishing in Particle Physics</openaccessSponsorName><openaccessSponsorType>FundingBody</openaccessSponsorType><openaccessUserLicense>http://creativecommons.org/licenses/by/3.0/</openaccessUserLicense><link rel="self" href="http://api.elsevier.com/content/article/pii/S0370269304009165"/><link rel="scidir" href="http://www.sciencedirect.com/science/article/pii/S0370269304009165"/></coredata><objects><object ref="si9" category="thumbnail" type="ALTIMG" multimediatype="GIF image file" mimetype="image/gif" width="515" height="30" size="1759">http://api.elsevier.com/content/object/eid/1-s2.0-S0370269304009165-si9.gif?httpAccept=%2A%2F%2A</object><object ref="si8" category="thumbnail" type="ALTIMG" multimediatype="GIF image file" mimetype="image/gif" width="309" height="21" size="809">http://api.elsevier.com/content/object/eid/1-s2.0-S0370269304009165-si8.gif?httpAccept=%2A%2F%2A</object><object ref="si7" category="thumbnail" type="ALTIMG" multimediatype="GIF image file" mimetype="image/gif" width="89" height="17" size="511">http://api.elsevier.com/content/object/eid/1-s2.0-S0370269304009165-si7.gif?httpAccept=%2A%2F%2A</object><object ref="si6" category="thumbnail" type="ALTIMG" multimediatype="GIF image file" mimetype="image/gif" width="346" height="30" size="1570">http://api.elsevier.com/content/object/eid/1-s2.0-S0370269304009165-si6.gif?httpAccept=%2A%2F%2A</object><object ref="si5" category="thumbnail" type="ALTIMG" multimediatype="GIF image file" mimetype="image/gif" width="49" height="16" size="270">http://api.elsevier.com/content/object/eid/1-s2.0-S0370269304009165-si5.gif?httpAccept=%2A%2F%2A</object><object ref="si4" category="thumbnail" type="ALTIMG" multimediatype="GIF image file" mimetype="image/gif" width="93" height="16" size="450">http://api.elsevier.com/content/object/eid/1-s2.0-S0370269304009165-si4.gif?httpAccept=%2A%2F%2A</object><object ref="si3" category="thumbnail" type="ALTIMG" multimediatype="GIF image file" mimetype="image/gif" width="19" height="13" size="179">http://api.elsevier.com/content/object/eid/1-s2.0-S0370269304009165-si3.gif?httpAccept=%2A%2F%2A</object><object ref="si22" category="thumbnail" type="ALTIMG" multimediatype="GIF image file" mimetype="image/gif" width="25" height="21" size="210">http://api.elsevier.com/content/object/eid/1-s2.0-S0370269304009165-si22.gif?httpAccept=%2A%2F%2A</object><object ref="si21" category="thumbnail" type="ALTIMG" multimediatype="GIF image file" mimetype="image/gif" width="96" height="21" size="483">http://api.elsevier.com/content/object/eid/1-s2.0-S0370269304009165-si21.gif?httpAccept=%2A%2F%2A</object><object ref="si20" category="thumbnail" type="ALTIMG" multimediatype="GIF image file" mimetype="image/gif" width="95" height="19" size="431">http://api.elsevier.com/content/object/eid/1-s2.0-S0370269304009165-si20.gif?httpAccept=%2A%2F%2A</object><object ref="si2" category="thumbnail" type="ALTIMG" multimediatype="GIF image file" mimetype="image/gif" width="274" height="21" size="939">http://api.elsevier.com/content/object/eid/1-s2.0-S0370269304009165-si2.gif?httpAccept=%2A%2F%2A</object><object ref="si19" category="thumbnail" type="ALTIMG" multimediatype="GIF image file" mimetype="image/gif" width="293" height="37" size="1423">http://api.elsevier.com/content/object/eid/1-s2.0-S0370269304009165-si19.gif?httpAccept=%2A%2F%2A</object><object ref="si18" category="thumbnail" type="ALTIMG" multimediatype="GIF image file" mimetype="image/gif" width="103" height="23" size="447">http://api.elsevier.com/content/object/eid/1-s2.0-S0370269304009165-si18.gif?httpAccept=%2A%2F%2A</object><object ref="si17" category="thumbnail" type="ALTIMG" multimediatype="GIF image file" mimetype="image/gif" width="81" height="23" size="445">http://api.elsevier.com/content/object/eid/1-s2.0-S0370269304009165-si17.gif?httpAccept=%2A%2F%2A</object><object ref="si16" category="thumbnail" type="ALTIMG" multimediatype="GIF image file" mimetype="image/gif" width="103" height="21" size="470">http://api.elsevier.com/content/object/eid/1-s2.0-S0370269304009165-si16.gif?httpAccept=%2A%2F%2A</object><object ref="si15" category="thumbnail" type="ALTIMG" multimediatype="GIF image file" mimetype="image/gif" width="103" height="23" size="447">http://api.elsevier.com/content/object/eid/1-s2.0-S0370269304009165-si15.gif?httpAccept=%2A%2F%2A</object><object ref="si14" category="thumbnail" type="ALTIMG" multimediatype="GIF image file" mimetype="image/gif" width="103" height="23" size="502">http://api.elsevier.com/content/object/eid/1-s2.0-S0370269304009165-si14.gif?httpAccept=%2A%2F%2A</object><object ref="si13" category="thumbnail" type="ALTIMG" multimediatype="GIF image file" mimetype="image/gif" width="103" height="23" size="447">http://api.elsevier.com/content/object/eid/1-s2.0-S0370269304009165-si13.gif?httpAccept=%2A%2F%2A</object><object ref="si12" category="thumbnail" type="ALTIMG" multimediatype="GIF image file" mimetype="image/gif" width="155" height="17" size="703">http://api.elsevier.com/content/object/eid/1-s2.0-S0370269304009165-si12.gif?httpAccept=%2A%2F%2A</object><object ref="si11" category="thumbnail" type="ALTIMG" multimediatype="GIF image file" mimetype="image/gif" width="103" height="21" size="420">http://api.elsevier.com/content/object/eid/1-s2.0-S0370269304009165-si11.gif?httpAccept=%2A%2F%2A</object><object ref="si10" category="thumbnail" type="ALTIMG" multimediatype="GIF image file" mimetype="image/gif" width="103" height="23" size="502">http://api.elsevier.com/content/object/eid/1-s2.0-S0370269304009165-si10.gif?httpAccept=%2A%2F%2A</object><object ref="si1" category="thumbnail" type="ALTIMG" multimediatype="GIF image file" mimetype="image/gif" width="336" height="38" size="1478">http://api.elsevier.com/content/object/eid/1-s2.0-S0370269304009165-si1.gif?httpAccept=%2A%2F%2A</object><object ref="gr001" category="high" type="IMAGE-HIGH-RES" multimediatype="GIF image file" mimetype="image/gif" width="1967" height="1812" size="16830">http://api.elsevier.com/content/object/eid/1-s2.0-S0370269304009165-gr001_lrg.gif?httpAccept=%2A%2F%2A</object><object ref="gr001" category="standard" type="IMAGE-DOWNSAMPLED" multimediatype="GIF image file" mimetype="image/gif" width="222" height="205" size="1879">http://api.elsevier.com/content/object/eid/1-s2.0-S0370269304009165-gr001.gif?httpAccept=%2A%2F%2A</object><object ref="gr001" category="thumbnail" type="IMAGE-THUMBNAIL" multimediatype="GIF image file" mimetype="image/gif" width="178" height="164" size="1437">http://api.elsevier.com/content/object/eid/1-s2.0-S0370269304009165-gr001.sml?httpAccept=%2A%2F%2A</object></objects><scopus-id>3843121900</scopus-id><scopus-eid>2-s2.0-3843121900</scopus-eid><link rel="abstract" href="http://api.elsevier.com/content/abstract/scopus_id/3843121900"/><originalText><xocs:doc xmlns:xoe="http://www.elsevier.com/xml/xoe/dtd" xsi:schemaLocation="http://www.elsevier.com/xml/xocs/dtd http://be-prod3a/schema/dtds/document/fulltext/xcr/xocs-article.xsd"><xocs:meta><xocs:content-family>serial</xocs:content-family><xocs:content-type>JL</xocs:content-type><xocs:cid>271623</xocs:cid><xocs:ssids><xocs:ssid type="alllist">291210</xocs:ssid><xocs:ssid type="subj">291829</xocs:ssid><xocs:ssid type="content">31</xocs:ssid><xocs:ssid type="oa">90</xocs:ssid></xocs:ssids><xocs:srctitle>Physics Letters B</xocs:srctitle><xocs:normalized-srctitle>PHYSICSLETTERSB</xocs:normalized-srctitle><xocs:orig-load-date yyyymmdd="20040717">2004-07-17</xocs:orig-load-date><xocs:available-online-date yyyymmdd="20040717">2004-07-17</xocs:available-online-date><xocs:ew-transaction-id>2014-10-22T08:09:00</xocs:ew-transaction-id><xocs:eid>1-s2.0-S0370269304009165</xocs:eid><xocs:pii-formatted>S0370-2693(04)00916-5</xocs:pii-formatted><xocs:pii-unformatted>S0370269304009165</xocs:pii-unformatted><xocs:doi>10.1016/j.physletb.2004.06.054</xocs:doi><xocs:item-stage>S300</xocs:item-stage><xocs:item-version-number>S300.3</xocs:item-version-number><xocs:item-weight>FULL-TEXT</xocs:item-weight><xocs:hub-eid>1-s2.0-S0370269300X16267</xocs:hub-eid><xocs:timestamp yyyymmdd="20150514">2015-05-14T07:34:07.351008-04:00</xocs:timestamp><xocs:dco>0</xocs:dco><xocs:tomb>0</xocs:tomb><xocs:date-search-begin>20040812</xocs:date-search-begin><xocs:year-nav>2004</xocs:year-nav><xocs:indexeddate epoch="1090022400">2004-07-17T00:00:00Z</xocs:indexeddate><xocs:articleinfo>articleinfo articletitlenorm authfirstinitialnorm authfirstsurnamenorm cid cids contenttype copyright crossmark dateloaded dateloadedtxt datesearch datesort dateupdated dco docsubtype doctype doi eid ewtransactionid hubeid indexeddate issfirst issn issnnorm issuelist itemstage itemtransactionid itemweight oauserlicense openaccess openarchive pg pgfirst pglast pii piinorm pubdatestart pubdatetxt pubyr sortorder srctitle srctitlenorm srctype ssids alllist content oa subj subheadings tomb volfirst volissue volumelist webpdf webpdfpagecount yearnav figure body acknowledge affil articletitle auth authfirstini authfull authlast doctopic footnotes misctext primabst ref</xocs:articleinfo><xocs:issns><xocs:issn-primary-formatted>0370-2693</xocs:issn-primary-formatted><xocs:issn-primary-unformatted>03702693</xocs:issn-primary-unformatted></xocs:issns><xocs:crossmark is-crossmark="0">false</xocs:crossmark><xocs:vol-first>595</xocs:vol-first><xocs:volume-list><xocs:volume>595</xocs:volume></xocs:volume-list><xocs:iss-first>1</xocs:iss-first><xocs:iss-last>4</xocs:iss-last><xocs:issue-list><xocs:issue>1</xocs:issue><xocs:issue>2</xocs:issue><xocs:issue>3</xocs:issue><xocs:issue>4</xocs:issue></xocs:issue-list><xocs:vol-iss-suppl-text>Volume 595, Issues 1–4</xocs:vol-iss-suppl-text><xocs:sort-order>6</xocs:sort-order><xocs:first-fp>22</xocs:first-fp><xocs:last-lp>27</xocs:last-lp><xocs:pages><xocs:first-page>22</xocs:first-page><xocs:last-page>27</xocs:last-page></xocs:pages><xocs:cover-date-orig><xocs:start-date>20040812</xocs:start-date></xocs:cover-date-orig><xocs:cover-date-text>12 August 2004</xocs:cover-date-text><xocs:cover-date-start>2004-08-12</xocs:cover-date-start><xocs:cover-date-year>2004</xocs:cover-date-year><xocs:document-type>converted-article</xocs:document-type><xocs:document-subtype>sco</xocs:document-subtype><xocs:copyright-line>Copyright © 2004 Elsevier B.V.</xocs:copyright-line><xocs:normalized-article-title>DYNAMICALCPVIOLATIONINEARLYUNIVERSE</xocs:normalized-article-title><xocs:normalized-first-auth-surname>BALAJI</xocs:normalized-first-auth-surname><xocs:normalized-first-auth-initial>K</xocs:normalized-first-auth-initial><xocs:item-toc><xocs:item-toc-entry ref-elem="ce:sections"><xocs:item-toc-label>1</xocs:item-toc-label><xocs:item-toc-section-title>Introducing dynamical CP violation</xocs:item-toc-section-title></xocs:item-toc-entry><xocs:item-toc-entry ref-elem="ce:sections"><xocs:item-toc-label>2</xocs:item-toc-label><xocs:item-toc-section-title>CP violation in the scalar sector</xocs:item-toc-section-title></xocs:item-toc-entry><xocs:item-toc-entry ref-elem="ce:sections"><xocs:item-toc-label>3</xocs:item-toc-label><xocs:item-toc-section-title>Induced lepton and baryon asymmetry</xocs:item-toc-section-title></xocs:item-toc-entry><xocs:item-toc-entry ref-elem="ce:sections"><xocs:item-toc-label>4</xocs:item-toc-label><xocs:item-toc-section-title>Discussion and conclusions</xocs:item-toc-section-title></xocs:item-toc-entry><xocs:item-toc-entry ref-elem="ce:acknowledgment"><xocs:item-toc-section-title>Acknowledgements</xocs:item-toc-section-title></xocs:item-toc-entry><xocs:item-toc-entry ref-elem="ce:bibliography"><xocs:item-toc-section-title>References</xocs:item-toc-section-title></xocs:item-toc-entry></xocs:item-toc><xocs:references><xocs:ref-info refid="BIB001"><xocs:ref-normalized-surname>HAGIWARA</xocs:ref-normalized-surname><xocs:ref-pub-year>2002</xocs:ref-pub-year><xocs:ref-first-fp>010001</xocs:ref-first-fp><xocs:ref-normalized-initial>K</xocs:ref-normalized-initial></xocs:ref-info><xocs:ref-info refid="BIB002"><xocs:ref-normalized-surname>KOBAYASHI</xocs:ref-normalized-surname><xocs:ref-pub-year>1973</xocs:ref-pub-year><xocs:ref-first-fp>652</xocs:ref-first-fp><xocs:ref-normalized-initial>M</xocs:ref-normalized-initial></xocs:ref-info><xocs:ref-info refid="BIB003"><xocs:ref-normalized-surname>JARLSKOG</xocs:ref-normalized-surname><xocs:ref-pub-year>1985</xocs:ref-pub-year><xocs:ref-first-fp>1039</xocs:ref-first-fp><xocs:ref-normalized-initial>C</xocs:ref-normalized-initial></xocs:ref-info><xocs:ref-info refid="BIB004"><xocs:ref-normalized-surname>DOLGOV</xocs:ref-normalized-surname><xocs:ref-normalized-initial>A</xocs:ref-normalized-initial></xocs:ref-info><xocs:ref-info refid="BIB004"><xocs:ref-normalized-surname>RUBAKOV</xocs:ref-normalized-surname><xocs:ref-pub-year>1996</xocs:ref-pub-year><xocs:ref-first-fp>461</xocs:ref-first-fp><xocs:ref-normalized-initial>V</xocs:ref-normalized-initial></xocs:ref-info><xocs:ref-info refid="BIB004"><xocs:ref-normalized-surname>RIOTTO</xocs:ref-normalized-surname><xocs:ref-pub-year>1999</xocs:ref-pub-year><xocs:ref-first-fp>35</xocs:ref-first-fp><xocs:ref-normalized-initial>A</xocs:ref-normalized-initial></xocs:ref-info><xocs:ref-info refid="BIB005"><xocs:ref-normalized-surname>SAKHAROV</xocs:ref-normalized-surname><xocs:ref-pub-year>1967</xocs:ref-pub-year><xocs:ref-first-fp>24</xocs:ref-first-fp><xocs:ref-normalized-initial>A</xocs:ref-normalized-initial></xocs:ref-info><xocs:ref-info refid="BIB006"><xocs:ref-normalized-surname>FARRAR</xocs:ref-normalized-surname><xocs:ref-pub-year>1993</xocs:ref-pub-year><xocs:ref-first-fp>2833</xocs:ref-first-fp><xocs:ref-normalized-initial>G</xocs:ref-normalized-initial></xocs:ref-info><xocs:ref-info refid="BIB006"><xocs:ref-normalized-surname>FARRAR</xocs:ref-normalized-surname><xocs:ref-pub-year>1993</xocs:ref-pub-year><xocs:ref-first-fp>210</xocs:ref-first-fp><xocs:ref-normalized-initial>G</xocs:ref-normalized-initial></xocs:ref-info><xocs:ref-info refid="BIB007"><xocs:ref-normalized-surname>NASSER</xocs:ref-normalized-surname><xocs:ref-normalized-initial>S</xocs:ref-normalized-initial></xocs:ref-info><xocs:ref-info refid="BIB008"><xocs:ref-normalized-surname>DOLGOV</xocs:ref-normalized-surname><xocs:ref-pub-year>1992</xocs:ref-pub-year><xocs:ref-first-fp>309</xocs:ref-first-fp><xocs:ref-normalized-initial>A</xocs:ref-normalized-initial></xocs:ref-info><xocs:ref-info refid="BIB009"><xocs:ref-normalized-surname>AFFLECK</xocs:ref-normalized-surname><xocs:ref-pub-year>1985</xocs:ref-pub-year><xocs:ref-first-fp>361</xocs:ref-first-fp><xocs:ref-normalized-initial>I</xocs:ref-normalized-initial></xocs:ref-info><xocs:ref-info refid="BIB010"><xocs:ref-normalized-surname>DOLGOV</xocs:ref-normalized-surname><xocs:ref-pub-year>1982</xocs:ref-pub-year><xocs:ref-first-fp>329</xocs:ref-first-fp><xocs:ref-normalized-initial>A</xocs:ref-normalized-initial></xocs:ref-info><xocs:ref-info refid="BIB011"><xocs:ref-normalized-surname>DIMOPOULOS</xocs:ref-normalized-surname><xocs:ref-pub-year>1987</xocs:ref-pub-year><xocs:ref-first-fp>135</xocs:ref-first-fp><xocs:ref-normalized-initial>S</xocs:ref-normalized-initial></xocs:ref-info><xocs:ref-info refid="BIB012"><xocs:ref-normalized-surname>KOLB</xocs:ref-normalized-surname><xocs:ref-pub-year>1996</xocs:ref-pub-year><xocs:ref-first-fp>4290</xocs:ref-first-fp><xocs:ref-normalized-initial>E</xocs:ref-normalized-initial></xocs:ref-info><xocs:ref-info refid="BIB013"><xocs:ref-normalized-surname>CHUNG</xocs:ref-normalized-surname><xocs:ref-pub-year>1999</xocs:ref-pub-year><xocs:ref-first-fp>063504</xocs:ref-first-fp><xocs:ref-normalized-initial>D</xocs:ref-normalized-initial></xocs:ref-info><xocs:ref-info refid="BIB014"><xocs:ref-normalized-surname>RANGARAJAN</xocs:ref-normalized-surname><xocs:ref-pub-year>2001</xocs:ref-pub-year><xocs:ref-first-fp>063511</xocs:ref-first-fp><xocs:ref-normalized-initial>R</xocs:ref-normalized-initial></xocs:ref-info><xocs:ref-info refid="BIB015"><xocs:ref-normalized-surname>BERKOOZ</xocs:ref-normalized-surname><xocs:ref-normalized-initial>M</xocs:ref-normalized-initial></xocs:ref-info><xocs:ref-info refid="BIB016"><xocs:ref-normalized-surname>DUFF</xocs:ref-normalized-surname><xocs:ref-pub-year>1986</xocs:ref-pub-year><xocs:ref-first-fp>1</xocs:ref-first-fp><xocs:ref-normalized-initial>M</xocs:ref-normalized-initial></xocs:ref-info><xocs:ref-info refid="BIB017"><xocs:ref-normalized-surname>BISWAS</xocs:ref-normalized-surname><xocs:ref-pub-year>2003</xocs:ref-pub-year><xocs:ref-first-fp>054</xocs:ref-first-fp><xocs:ref-normalized-initial>T</xocs:ref-normalized-initial></xocs:ref-info><xocs:ref-info refid="BIB017"><xocs:ref-normalized-surname>BISWAS</xocs:ref-normalized-surname><xocs:ref-normalized-initial>T</xocs:ref-normalized-initial></xocs:ref-info><xocs:ref-info refid="BIB018"><xocs:ref-normalized-surname>LEE</xocs:ref-normalized-surname><xocs:ref-pub-year>1973</xocs:ref-pub-year><xocs:ref-first-fp>1226</xocs:ref-first-fp><xocs:ref-normalized-initial>T</xocs:ref-normalized-initial></xocs:ref-info><xocs:ref-info refid="BIB019"><xocs:ref-normalized-surname>CORNWALL</xocs:ref-normalized-surname><xocs:ref-pub-year>2001</xocs:ref-pub-year><xocs:ref-first-fp>123518</xocs:ref-first-fp><xocs:ref-normalized-initial>J</xocs:ref-normalized-initial></xocs:ref-info><xocs:ref-info refid="BIB019"><xocs:ref-normalized-surname>CORNWALL</xocs:ref-normalized-surname><xocs:ref-pub-year>2000</xocs:ref-pub-year><xocs:ref-first-fp>103510</xocs:ref-first-fp><xocs:ref-normalized-initial>J</xocs:ref-normalized-initial></xocs:ref-info><xocs:ref-info refid="BIB020"/><xocs:ref-info refid="BIB021"><xocs:ref-normalized-surname>GUTH</xocs:ref-normalized-surname><xocs:ref-pub-year>1981</xocs:ref-pub-year><xocs:ref-first-fp>347</xocs:ref-first-fp><xocs:ref-normalized-initial>A</xocs:ref-normalized-initial></xocs:ref-info><xocs:ref-info refid="BIB022"><xocs:ref-normalized-surname>LINDE</xocs:ref-normalized-surname><xocs:ref-pub-year>1982</xocs:ref-pub-year><xocs:ref-first-fp>335</xocs:ref-first-fp><xocs:ref-normalized-initial>A</xocs:ref-normalized-initial></xocs:ref-info><xocs:ref-info refid="BIB023"><xocs:ref-normalized-surname>VILENKIN</xocs:ref-normalized-surname><xocs:ref-pub-year>1982</xocs:ref-pub-year><xocs:ref-first-fp>1231</xocs:ref-first-fp><xocs:ref-normalized-initial>A</xocs:ref-normalized-initial></xocs:ref-info><xocs:ref-info refid="BIB024"><xocs:ref-normalized-surname>ABBOTT</xocs:ref-normalized-surname><xocs:ref-pub-year>1982</xocs:ref-pub-year><xocs:ref-first-fp>29</xocs:ref-first-fp><xocs:ref-normalized-initial>L</xocs:ref-normalized-initial></xocs:ref-info><xocs:ref-info refid="BIB025"><xocs:ref-normalized-surname>TRASCHEN</xocs:ref-normalized-surname><xocs:ref-pub-year>1990</xocs:ref-pub-year><xocs:ref-first-fp>2491</xocs:ref-first-fp><xocs:ref-normalized-initial>J</xocs:ref-normalized-initial></xocs:ref-info><xocs:ref-info refid="BIB026"><xocs:ref-normalized-surname>KOFMAN</xocs:ref-normalized-surname><xocs:ref-pub-year>1994</xocs:ref-pub-year><xocs:ref-first-fp>3195</xocs:ref-first-fp><xocs:ref-normalized-initial>L</xocs:ref-normalized-initial></xocs:ref-info><xocs:ref-info refid="BIB027"><xocs:ref-normalized-surname>FUKUGITA</xocs:ref-normalized-surname><xocs:ref-pub-year>1986</xocs:ref-pub-year><xocs:ref-first-fp>45</xocs:ref-first-fp><xocs:ref-normalized-initial>M</xocs:ref-normalized-initial></xocs:ref-info><xocs:ref-info refid="BIB028"/><xocs:ref-info refid="BIB029"><xocs:ref-normalized-surname>DICK</xocs:ref-normalized-surname><xocs:ref-pub-year>2000</xocs:ref-pub-year><xocs:ref-first-fp>4039</xocs:ref-first-fp><xocs:ref-normalized-initial>K</xocs:ref-normalized-initial></xocs:ref-info><xocs:ref-info refid="BIB030"><xocs:ref-normalized-surname>ALBERGHI</xocs:ref-normalized-surname><xocs:ref-normalized-initial>G</xocs:ref-normalized-initial></xocs:ref-info></xocs:references><xocs:refkeys><xocs:refkey3>BALAJIX2004X22</xocs:refkey3><xocs:refkey4lp>BALAJIX2004X22X27</xocs:refkey4lp><xocs:refkey4ai>BALAJIX2004X22XK</xocs:refkey4ai><xocs:refkey5>BALAJIX2004X22X27XK</xocs:refkey5></xocs:refkeys><xocs:open-access><xocs:oa-article-status is-open-access="1" is-open-archive="0">Full</xocs:oa-article-status><xocs:oa-access-effective-date>2014-01-01T00:14:32Z</xocs:oa-access-effective-date><xocs:oa-sponsor><xocs:oa-sponsor-type>FundingBody</xocs:oa-sponsor-type><xocs:oa-sponsor-name>SCOAP3 - Sponsoring Consortium for Open Access Publishing in Particle Physics</xocs:oa-sponsor-name></xocs:oa-sponsor><xocs:oa-user-license>http://creativecommons.org/licenses/by/3.0/</xocs:oa-user-license><xocs:oa-access-inherited-from winid="http://vtw.elsevier.com/content/oaw/SCOAP320142016">OA-Window</xocs:oa-access-inherited-from></xocs:open-access><xocs:attachment-metadata-doc><xocs:attachment-set-type>item</xocs:attachment-set-type><xocs:pii-formatted>S0370-2693(04)00916-5</xocs:pii-formatted><xocs:pii-unformatted>S0370269304009165</xocs:pii-unformatted><xocs:eid>1-s2.0-S0370269304009165</xocs:eid><xocs:doi>10.1016/j.physletb.2004.06.054</xocs:doi><xocs:cid>271623</xocs:cid><xocs:timestamp>2014-10-22T04:39:59.978065-04:00</xocs:timestamp><xocs:cover-date-start>2004-08-12</xocs:cover-date-start><xocs:attachments><xocs:web-pdf><xocs:attachment-eid>1-s2.0-S0370269304009165-main.pdf</xocs:attachment-eid><xocs:ucs-locator>https://s3.amazonaws.com/prod-ucs-content-store-us-east/content/pii:S0370269304009165/MAIN/application/pdf/8c3589ebddb16fbd30ebd77295212407/main.pdf</xocs:ucs-locator><xocs:ucs-locator>https://s3-eu-west-1.amazonaws.com/prod-ucs-content-store-eu-west/content/pii:S0370269304009165/MAIN/application/pdf/8c3589ebddb16fbd30ebd77295212407/main.pdf</xocs:ucs-locator><xocs:filename>main.pdf</xocs:filename><xocs:extension>pdf</xocs:extension><xocs:pdf-optimized>true</xocs:pdf-optimized><xocs:filesize>243625</xocs:filesize><xocs:web-pdf-purpose>MAIN</xocs:web-pdf-purpose><xocs:web-pdf-page-count>6</xocs:web-pdf-page-count><xocs:web-pdf-images><xocs:web-pdf-image><xocs:attachment-eid>1-s2.0-S0370269304009165-main_1.png</xocs:attachment-eid><xocs:ucs-locator>https://s3-eu-west-1.amazonaws.com/prod-ucs-content-store-eu-west/content/pii:S0370269304009165/PREVIEW/image/png/dac8dd7a35248c10d74b890caf9273a0/main_1.png</xocs:ucs-locator><xocs:ucs-locator>https://s3.amazonaws.com/prod-ucs-content-store-us-east/content/pii:S0370269304009165/PREVIEW/image/png/dac8dd7a35248c10d74b890caf9273a0/main_1.png</xocs:ucs-locator><xocs:filename>main_1.png</xocs:filename><xocs:extension>png</xocs:extension><xocs:filesize>59707</xocs:filesize><xocs:pixel-height>849</xocs:pixel-height><xocs:pixel-width>656</xocs:pixel-width><xocs:attachment-type>IMAGE-WEB-PDF</xocs:attachment-type><xocs:pdf-page-num>1</xocs:pdf-page-num></xocs:web-pdf-image></xocs:web-pdf-images></xocs:web-pdf><xocs:attachment><xocs:attachment-eid>1-s2.0-S0370269304009165-si9.gif</xocs:attachment-eid><xocs:ucs-locator>https://s3.amazonaws.com/prod-ucs-content-store-us-east/content/pii:S0370269304009165/STRIPIN/image/gif/9e28cdbd1f4ad39de98076ebb4022619/si9.gif</xocs:ucs-locator><xocs:ucs-locator>https://s3-eu-west-1.amazonaws.com/prod-ucs-content-store-eu-west/content/pii:S0370269304009165/STRIPIN/image/gif/9e28cdbd1f4ad39de98076ebb4022619/si9.gif</xocs:ucs-locator><xocs:file-basename>si9</xocs:file-basename><xocs:filename>si9.gif</xocs:filename><xocs:extension>gif</xocs:extension><xocs:filesize>1759</xocs:filesize><xocs:pixel-height>30</xocs:pixel-height><xocs:pixel-width>515</xocs:pixel-width><xocs:attachment-type>ALTIMG</xocs:attachment-type></xocs:attachment><xocs:attachment><xocs:attachment-eid>1-s2.0-S0370269304009165-si8.gif</xocs:attachment-eid><xocs:ucs-locator>https://s3.amazonaws.com/prod-ucs-content-store-us-east/content/pii:S0370269304009165/STRIPIN/image/gif/478a9ec68e733a8c85b8379521fec320/si8.gif</xocs:ucs-locator><xocs:ucs-locator>https://s3-eu-west-1.amazonaws.com/prod-ucs-content-store-eu-west/content/pii:S0370269304009165/STRIPIN/image/gif/478a9ec68e733a8c85b8379521fec320/si8.gif</xocs:ucs-locator><xocs:file-basename>si8</xocs:file-basename><xocs:filename>si8.gif</xocs:filename><xocs:extension>gif</xocs:extension><xocs:filesize>809</xocs:filesize><xocs:pixel-height>21</xocs:pixel-height><xocs:pixel-width>309</xocs:pixel-width><xocs:attachment-type>ALTIMG</xocs:attachment-type></xocs:attachment><xocs:attachment><xocs:attachment-eid>1-s2.0-S0370269304009165-si7.gif</xocs:attachment-eid><xocs:ucs-locator>https://s3.amazonaws.com/prod-ucs-content-store-us-east/content/pii:S0370269304009165/STRIPIN/image/gif/41492e95337d9bbf1ba6c4585ccc061f/si7.gif</xocs:ucs-locator><xocs:ucs-locator>https://s3-eu-west-1.amazonaws.com/prod-ucs-content-store-eu-west/content/pii:S0370269304009165/STRIPIN/image/gif/41492e95337d9bbf1ba6c4585ccc061f/si7.gif</xocs:ucs-locator><xocs:file-basename>si7</xocs:file-basename><xocs:filename>si7.gif</xocs:filename><xocs:extension>gif</xocs:extension><xocs:filesize>511</xocs:filesize><xocs:pixel-height>17</xocs:pixel-height><xocs:pixel-width>89</xocs:pixel-width><xocs:attachment-type>ALTIMG</xocs:attachment-type></xocs:attachment><xocs:attachment><xocs:attachment-eid>1-s2.0-S0370269304009165-si6.gif</xocs:attachment-eid><xocs:ucs-locator>https://s3.amazonaws.com/prod-ucs-content-store-us-east/content/pii:S0370269304009165/STRIPIN/image/gif/383e515918c2b21edd74e39491c035dc/si6.gif</xocs:ucs-locator><xocs:ucs-locator>https://s3-eu-west-1.amazonaws.com/prod-ucs-content-store-eu-west/content/pii:S0370269304009165/STRIPIN/image/gif/383e515918c2b21edd74e39491c035dc/si6.gif</xocs:ucs-locator><xocs:file-basename>si6</xocs:file-basename><xocs:filename>si6.gif</xocs:filename><xocs:extension>gif</xocs:extension><xocs:filesize>1570</xocs:filesize><xocs:pixel-height>30</xocs:pixel-height><xocs:pixel-width>346</xocs:pixel-width><xocs:attachment-type>ALTIMG</xocs:attachment-type></xocs:attachment><xocs:attachment><xocs:attachment-eid>1-s2.0-S0370269304009165-si5.gif</xocs:attachment-eid><xocs:ucs-locator>https://s3.amazonaws.com/prod-ucs-content-store-us-east/content/pii:S0370269304009165/STRIPIN/image/gif/bfd64001d4b1c086ff97526805ba8cbc/si5.gif</xocs:ucs-locator><xocs:ucs-locator>https://s3-eu-west-1.amazonaws.com/prod-ucs-content-store-eu-west/content/pii:S0370269304009165/STRIPIN/image/gif/bfd64001d4b1c086ff97526805ba8cbc/si5.gif</xocs:ucs-locator><xocs:file-basename>si5</xocs:file-basename><xocs:filename>si5.gif</xocs:filename><xocs:extension>gif</xocs:extension><xocs:filesize>270</xocs:filesize><xocs:pixel-height>16</xocs:pixel-height><xocs:pixel-width>49</xocs:pixel-width><xocs:attachment-type>ALTIMG</xocs:attachment-type></xocs:attachment><xocs:attachment><xocs:attachment-eid>1-s2.0-S0370269304009165-si4.gif</xocs:attachment-eid><xocs:ucs-locator>https://s3.amazonaws.com/prod-ucs-content-store-us-east/content/pii:S0370269304009165/STRIPIN/image/gif/eda4b166b8450af2112b0464b72b99f5/si4.gif</xocs:ucs-locator><xocs:ucs-locator>https://s3-eu-west-1.amazonaws.com/prod-ucs-content-store-eu-west/content/pii:S0370269304009165/STRIPIN/image/gif/eda4b166b8450af2112b0464b72b99f5/si4.gif</xocs:ucs-locator><xocs:file-basename>si4</xocs:file-basename><xocs:filename>si4.gif</xocs:filename><xocs:extension>gif</xocs:extension><xocs:filesize>450</xocs:filesize><xocs:pixel-height>16</xocs:pixel-height><xocs:pixel-width>93</xocs:pixel-width><xocs:attachment-type>ALTIMG</xocs:attachment-type></xocs:attachment><xocs:attachment><xocs:attachment-eid>1-s2.0-S0370269304009165-si3.gif</xocs:attachment-eid><xocs:ucs-locator>https://s3.amazonaws.com/prod-ucs-content-store-us-east/content/pii:S0370269304009165/STRIPIN/image/gif/9a367a0a46ddd2601327c7ac1648be54/si3.gif</xocs:ucs-locator><xocs:ucs-locator>https://s3-eu-west-1.amazonaws.com/prod-ucs-content-store-eu-west/content/pii:S0370269304009165/STRIPIN/image/gif/9a367a0a46ddd2601327c7ac1648be54/si3.gif</xocs:ucs-locator><xocs:file-basename>si3</xocs:file-basename><xocs:filename>si3.gif</xocs:filename><xocs:extension>gif</xocs:extension><xocs:filesize>179</xocs:filesize><xocs:pixel-height>13</xocs:pixel-height><xocs:pixel-width>19</xocs:pixel-width><xocs:attachment-type>ALTIMG</xocs:attachment-type></xocs:attachment><xocs:attachment><xocs:attachment-eid>1-s2.0-S0370269304009165-si22.gif</xocs:attachment-eid><xocs:ucs-locator>https://s3.amazonaws.com/prod-ucs-content-store-us-east/content/pii:S0370269304009165/STRIPIN/image/gif/267f43052419977cda66b6934c5f0f48/si22.gif</xocs:ucs-locator><xocs:ucs-locator>https://s3-eu-west-1.amazonaws.com/prod-ucs-content-store-eu-west/content/pii:S0370269304009165/STRIPIN/image/gif/267f43052419977cda66b6934c5f0f48/si22.gif</xocs:ucs-locator><xocs:file-basename>si22</xocs:file-basename><xocs:filename>si22.gif</xocs:filename><xocs:extension>gif</xocs:extension><xocs:filesize>210</xocs:filesize><xocs:pixel-height>21</xocs:pixel-height><xocs:pixel-width>25</xocs:pixel-width><xocs:attachment-type>ALTIMG</xocs:attachment-type></xocs:attachment><xocs:attachment><xocs:attachment-eid>1-s2.0-S0370269304009165-si21.gif</xocs:attachment-eid><xocs:ucs-locator>https://s3.amazonaws.com/prod-ucs-content-store-us-east/content/pii:S0370269304009165/STRIPIN/image/gif/d97123ea1b24ba5dcefe9e32bffc9d0f/si21.gif</xocs:ucs-locator><xocs:ucs-locator>https://s3-eu-west-1.amazonaws.com/prod-ucs-content-store-eu-west/content/pii:S0370269304009165/STRIPIN/image/gif/d97123ea1b24ba5dcefe9e32bffc9d0f/si21.gif</xocs:ucs-locator><xocs:file-basename>si21</xocs:file-basename><xocs:filename>si21.gif</xocs:filename><xocs:extension>gif</xocs:extension><xocs:filesize>483</xocs:filesize><xocs:pixel-height>21</xocs:pixel-height><xocs:pixel-width>96</xocs:pixel-width><xocs:attachment-type>ALTIMG</xocs:attachment-type></xocs:attachment><xocs:attachment><xocs:attachment-eid>1-s2.0-S0370269304009165-si20.gif</xocs:attachment-eid><xocs:ucs-locator>https://s3.amazonaws.com/prod-ucs-content-store-us-east/content/pii:S0370269304009165/STRIPIN/image/gif/04789bd5b8e402f722203c61afce258a/si20.gif</xocs:ucs-locator><xocs:ucs-locator>https://s3-eu-west-1.amazonaws.com/prod-ucs-content-store-eu-west/content/pii:S0370269304009165/STRIPIN/image/gif/04789bd5b8e402f722203c61afce258a/si20.gif</xocs:ucs-locator><xocs:file-basename>si20</xocs:file-basename><xocs:filename>si20.gif</xocs:filename><xocs:extension>gif</xocs:extension><xocs:filesize>431</xocs:filesize><xocs:pixel-height>19</xocs:pixel-height><xocs:pixel-width>95</xocs:pixel-width><xocs:attachment-type>ALTIMG</xocs:attachment-type></xocs:attachment><xocs:attachment><xocs:attachment-eid>1-s2.0-S0370269304009165-si2.gif</xocs:attachment-eid><xocs:ucs-locator>https://s3.amazonaws.com/prod-ucs-content-store-us-east/content/pii:S0370269304009165/STRIPIN/image/gif/0a73d13b3f859434dc8be9090bd0924d/si2.gif</xocs:ucs-locator><xocs:ucs-locator>https://s3-eu-west-1.amazonaws.com/prod-ucs-content-store-eu-west/content/pii:S0370269304009165/STRIPIN/image/gif/0a73d13b3f859434dc8be9090bd0924d/si2.gif</xocs:ucs-locator><xocs:file-basename>si2</xocs:file-basename><xocs:filename>si2.gif</xocs:filename><xocs:extension>gif</xocs:extension><xocs:filesize>939</xocs:filesize><xocs:pixel-height>21</xocs:pixel-height><xocs:pixel-width>274</xocs:pixel-width><xocs:attachment-type>ALTIMG</xocs:attachment-type></xocs:attachment><xocs:attachment><xocs:attachment-eid>1-s2.0-S0370269304009165-si19.gif</xocs:attachment-eid><xocs:ucs-locator>https://s3.amazonaws.com/prod-ucs-content-store-us-east/content/pii:S0370269304009165/STRIPIN/image/gif/bc7bedd2bdfdf7268b3f7328a8271e94/si19.gif</xocs:ucs-locator><xocs:ucs-locator>https://s3-eu-west-1.amazonaws.com/prod-ucs-content-store-eu-west/content/pii:S0370269304009165/STRIPIN/image/gif/bc7bedd2bdfdf7268b3f7328a8271e94/si19.gif</xocs:ucs-locator><xocs:file-basename>si19</xocs:file-basename><xocs:filename>si19.gif</xocs:filename><xocs:extension>gif</xocs:extension><xocs:filesize>1423</xocs:filesize><xocs:pixel-height>37</xocs:pixel-height><xocs:pixel-width>293</xocs:pixel-width><xocs:attachment-type>ALTIMG</xocs:attachment-type></xocs:attachment><xocs:attachment><xocs:attachment-eid>1-s2.0-S0370269304009165-si18.gif</xocs:attachment-eid><xocs:ucs-locator>https://s3.amazonaws.com/prod-ucs-content-store-us-east/content/pii:S0370269304009165/STRIPIN/image/gif/17e6443199d53c23c123ac412d31f519/si13.gif</xocs:ucs-locator><xocs:ucs-locator>https://s3-eu-west-1.amazonaws.com/prod-ucs-content-store-eu-west/content/pii:S0370269304009165/STRIPIN/image/gif/17e6443199d53c23c123ac412d31f519/si13.gif</xocs:ucs-locator><xocs:file-basename>si18</xocs:file-basename><xocs:filename>si18.gif</xocs:filename><xocs:extension>gif</xocs:extension><xocs:filesize>447</xocs:filesize><xocs:pixel-height>23</xocs:pixel-height><xocs:pixel-width>103</xocs:pixel-width><xocs:attachment-type>ALTIMG</xocs:attachment-type></xocs:attachment><xocs:attachment><xocs:attachment-eid>1-s2.0-S0370269304009165-si17.gif</xocs:attachment-eid><xocs:ucs-locator>https://s3.amazonaws.com/prod-ucs-content-store-us-east/content/pii:S0370269304009165/STRIPIN/image/gif/5aca30cc95b05c692a7895c6262aa815/si17.gif</xocs:ucs-locator><xocs:ucs-locator>https://s3-eu-west-1.amazonaws.com/prod-ucs-content-store-eu-west/content/pii:S0370269304009165/STRIPIN/image/gif/5aca30cc95b05c692a7895c6262aa815/si17.gif</xocs:ucs-locator><xocs:file-basename>si17</xocs:file-basename><xocs:filename>si17.gif</xocs:filename><xocs:extension>gif</xocs:extension><xocs:filesize>445</xocs:filesize><xocs:pixel-height>23</xocs:pixel-height><xocs:pixel-width>81</xocs:pixel-width><xocs:attachment-type>ALTIMG</xocs:attachment-type></xocs:attachment><xocs:attachment><xocs:attachment-eid>1-s2.0-S0370269304009165-si16.gif</xocs:attachment-eid><xocs:ucs-locator>https://s3.amazonaws.com/prod-ucs-content-store-us-east/content/pii:S0370269304009165/STRIPIN/image/gif/896e7f28f32a176fb94a454d257b76b5/si16.gif</xocs:ucs-locator><xocs:ucs-locator>https://s3-eu-west-1.amazonaws.com/prod-ucs-content-store-eu-west/content/pii:S0370269304009165/STRIPIN/image/gif/896e7f28f32a176fb94a454d257b76b5/si16.gif</xocs:ucs-locator><xocs:file-basename>si16</xocs:file-basename><xocs:filename>si16.gif</xocs:filename><xocs:extension>gif</xocs:extension><xocs:filesize>470</xocs:filesize><xocs:pixel-height>21</xocs:pixel-height><xocs:pixel-width>103</xocs:pixel-width><xocs:attachment-type>ALTIMG</xocs:attachment-type></xocs:attachment><xocs:attachment><xocs:attachment-eid>1-s2.0-S0370269304009165-si15.gif</xocs:attachment-eid><xocs:ucs-locator>https://s3.amazonaws.com/prod-ucs-content-store-us-east/content/pii:S0370269304009165/STRIPIN/image/gif/17e6443199d53c23c123ac412d31f519/si13.gif</xocs:ucs-locator><xocs:ucs-locator>https://s3-eu-west-1.amazonaws.com/prod-ucs-content-store-eu-west/content/pii:S0370269304009165/STRIPIN/image/gif/17e6443199d53c23c123ac412d31f519/si13.gif</xocs:ucs-locator><xocs:file-basename>si15</xocs:file-basename><xocs:filename>si15.gif</xocs:filename><xocs:extension>gif</xocs:extension><xocs:filesize>447</xocs:filesize><xocs:pixel-height>23</xocs:pixel-height><xocs:pixel-width>103</xocs:pixel-width><xocs:attachment-type>ALTIMG</xocs:attachment-type></xocs:attachment><xocs:attachment><xocs:attachment-eid>1-s2.0-S0370269304009165-si14.gif</xocs:attachment-eid><xocs:ucs-locator>https://s3.amazonaws.com/prod-ucs-content-store-us-east/content/pii:S0370269304009165/STRIPIN/image/gif/3be2f793beab8cac0bff1039f2ff7def/si10.gif</xocs:ucs-locator><xocs:ucs-locator>https://s3-eu-west-1.amazonaws.com/prod-ucs-content-store-eu-west/content/pii:S0370269304009165/STRIPIN/image/gif/3be2f793beab8cac0bff1039f2ff7def/si10.gif</xocs:ucs-locator><xocs:file-basename>si14</xocs:file-basename><xocs:filename>si14.gif</xocs:filename><xocs:extension>gif</xocs:extension><xocs:filesize>502</xocs:filesize><xocs:pixel-height>23</xocs:pixel-height><xocs:pixel-width>103</xocs:pixel-width><xocs:attachment-type>ALTIMG</xocs:attachment-type></xocs:attachment><xocs:attachment><xocs:attachment-eid>1-s2.0-S0370269304009165-si13.gif</xocs:attachment-eid><xocs:ucs-locator>https://s3.amazonaws.com/prod-ucs-content-store-us-east/content/pii:S0370269304009165/STRIPIN/image/gif/17e6443199d53c23c123ac412d31f519/si13.gif</xocs:ucs-locator><xocs:ucs-locator>https://s3-eu-west-1.amazonaws.com/prod-ucs-content-store-eu-west/content/pii:S0370269304009165/STRIPIN/image/gif/17e6443199d53c23c123ac412d31f519/si13.gif</xocs:ucs-locator><xocs:file-basename>si13</xocs:file-basename><xocs:filename>si13.gif</xocs:filename><xocs:extension>gif</xocs:extension><xocs:filesize>447</xocs:filesize><xocs:pixel-height>23</xocs:pixel-height><xocs:pixel-width>103</xocs:pixel-width><xocs:attachment-type>ALTIMG</xocs:attachment-type></xocs:attachment><xocs:attachment><xocs:attachment-eid>1-s2.0-S0370269304009165-si12.gif</xocs:attachment-eid><xocs:ucs-locator>https://s3.amazonaws.com/prod-ucs-content-store-us-east/content/pii:S0370269304009165/STRIPIN/image/gif/5d3b888d4750703ea775c3997db8ee54/si12.gif</xocs:ucs-locator><xocs:ucs-locator>https://s3-eu-west-1.amazonaws.com/prod-ucs-content-store-eu-west/content/pii:S0370269304009165/STRIPIN/image/gif/5d3b888d4750703ea775c3997db8ee54/si12.gif</xocs:ucs-locator><xocs:file-basename>si12</xocs:file-basename><xocs:filename>si12.gif</xocs:filename><xocs:extension>gif</xocs:extension><xocs:filesize>703</xocs:filesize><xocs:pixel-height>17</xocs:pixel-height><xocs:pixel-width>155</xocs:pixel-width><xocs:attachment-type>ALTIMG</xocs:attachment-type></xocs:attachment><xocs:attachment><xocs:attachment-eid>1-s2.0-S0370269304009165-si11.gif</xocs:attachment-eid><xocs:ucs-locator>https://s3.amazonaws.com/prod-ucs-content-store-us-east/content/pii:S0370269304009165/STRIPIN/image/gif/0b7b4fac2103a658b7362713d4934e82/si11.gif</xocs:ucs-locator><xocs:ucs-locator>https://s3-eu-west-1.amazonaws.com/prod-ucs-content-store-eu-west/content/pii:S0370269304009165/STRIPIN/image/gif/0b7b4fac2103a658b7362713d4934e82/si11.gif</xocs:ucs-locator><xocs:file-basename>si11</xocs:file-basename><xocs:filename>si11.gif</xocs:filename><xocs:extension>gif</xocs:extension><xocs:filesize>420</xocs:filesize><xocs:pixel-height>21</xocs:pixel-height><xocs:pixel-width>103</xocs:pixel-width><xocs:attachment-type>ALTIMG</xocs:attachment-type></xocs:attachment><xocs:attachment><xocs:attachment-eid>1-s2.0-S0370269304009165-si10.gif</xocs:attachment-eid><xocs:ucs-locator>https://s3.amazonaws.com/prod-ucs-content-store-us-east/content/pii:S0370269304009165/STRIPIN/image/gif/3be2f793beab8cac0bff1039f2ff7def/si10.gif</xocs:ucs-locator><xocs:ucs-locator>https://s3-eu-west-1.amazonaws.com/prod-ucs-content-store-eu-west/content/pii:S0370269304009165/STRIPIN/image/gif/3be2f793beab8cac0bff1039f2ff7def/si10.gif</xocs:ucs-locator><xocs:file-basename>si10</xocs:file-basename><xocs:filename>si10.gif</xocs:filename><xocs:extension>gif</xocs:extension><xocs:filesize>502</xocs:filesize><xocs:pixel-height>23</xocs:pixel-height><xocs:pixel-width>103</xocs:pixel-width><xocs:attachment-type>ALTIMG</xocs:attachment-type></xocs:attachment><xocs:attachment><xocs:attachment-eid>1-s2.0-S0370269304009165-si1.gif</xocs:attachment-eid><xocs:ucs-locator>https://s3.amazonaws.com/prod-ucs-content-store-us-east/content/pii:S0370269304009165/STRIPIN/image/gif/7793cc4f38a7dd6f520c0aab2cbba527/si1.gif</xocs:ucs-locator><xocs:ucs-locator>https://s3-eu-west-1.amazonaws.com/prod-ucs-content-store-eu-west/content/pii:S0370269304009165/STRIPIN/image/gif/7793cc4f38a7dd6f520c0aab2cbba527/si1.gif</xocs:ucs-locator><xocs:file-basename>si1</xocs:file-basename><xocs:filename>si1.gif</xocs:filename><xocs:extension>gif</xocs:extension><xocs:filesize>1478</xocs:filesize><xocs:pixel-height>38</xocs:pixel-height><xocs:pixel-width>336</xocs:pixel-width><xocs:attachment-type>ALTIMG</xocs:attachment-type></xocs:attachment><xocs:attachment><xocs:attachment-eid>1-s2.0-S0370269304009165-gr001_lrg.gif</xocs:attachment-eid><xocs:ucs-locator>https://s3.amazonaws.com/prod-ucs-content-store-us-east/content/pii:S0370269304009165/fgr001/HIGHRES/image/gif/7407819cce1b303fe30b9b83accfd3bd/gr001_lrg.gif</xocs:ucs-locator><xocs:ucs-locator>https://s3-eu-west-1.amazonaws.com/prod-ucs-content-store-eu-west/content/pii:S0370269304009165/fgr001/HIGHRES/image/gif/7407819cce1b303fe30b9b83accfd3bd/gr001_lrg.gif</xocs:ucs-locator><xocs:file-basename>gr001</xocs:file-basename><xocs:filename>gr001_lrg.gif</xocs:filename><xocs:extension>gif</xocs:extension><xocs:filesize>16830</xocs:filesize><xocs:pixel-height>1812</xocs:pixel-height><xocs:pixel-width>1967</xocs:pixel-width><xocs:attachment-type>IMAGE-HIGH-RES</xocs:attachment-type></xocs:attachment><xocs:attachment><xocs:attachment-eid>1-s2.0-S0370269304009165-gr001.gif</xocs:attachment-eid><xocs:ucs-locator>https://s3.amazonaws.com/prod-ucs-content-store-us-east/content/pii:S0370269304009165/fgr001/DOWNSAMPLED/image/gif/cea5ffeda0856535406dabbae31e46c9/gr001.gif</xocs:ucs-locator><xocs:ucs-locator>https://s3-eu-west-1.amazonaws.com/prod-ucs-content-store-eu-west/content/pii:S0370269304009165/fgr001/DOWNSAMPLED/image/gif/cea5ffeda0856535406dabbae31e46c9/gr001.gif</xocs:ucs-locator><xocs:file-basename>gr001</xocs:file-basename><xocs:filename>gr001.gif</xocs:filename><xocs:extension>gif</xocs:extension><xocs:filesize>1879</xocs:filesize><xocs:pixel-height>205</xocs:pixel-height><xocs:pixel-width>222</xocs:pixel-width><xocs:attachment-type>IMAGE-DOWNSAMPLED</xocs:attachment-type></xocs:attachment><xocs:attachment><xocs:attachment-eid>1-s2.0-S0370269304009165-gr001.sml</xocs:attachment-eid><xocs:ucs-locator>https://s3.amazonaws.com/prod-ucs-content-store-us-east/content/pii:S0370269304009165/fgr001/THUMBNAIL/image/gif/65ac35de20398fe0b6e520fd355ada53/gr001.sml</xocs:ucs-locator><xocs:ucs-locator>https://s3-eu-west-1.amazonaws.com/prod-ucs-content-store-eu-west/content/pii:S0370269304009165/fgr001/THUMBNAIL/image/gif/65ac35de20398fe0b6e520fd355ada53/gr001.sml</xocs:ucs-locator><xocs:file-basename>gr001</xocs:file-basename><xocs:filename>gr001.sml</xocs:filename><xocs:extension>sml</xocs:extension><xocs:filesize>1437</xocs:filesize><xocs:pixel-height>164</xocs:pixel-height><xocs:pixel-width>178</xocs:pixel-width><xocs:attachment-type>IMAGE-THUMBNAIL</xocs:attachment-type></xocs:attachment></xocs:attachments></xocs:attachment-metadata-doc></xocs:meta><xocs:serial-item><converted-article xmlns="http://www.elsevier.com/xml/ja/dtd" version="4.5.2" docsubtype="sco" xml:lang="en"><item-info><jid>PLB</jid><aid>21156</aid><ce:pii>S0370-2693(04)00916-5</ce:pii><ce:doi>10.1016/j.physletb.2004.06.054</ce:doi><ce:copyright type="full-transfer" year="2004">Elsevier B.V.</ce:copyright><ce:doctopics><ce:doctopic><ce:text>Astrophysics and Cosmology</ce:text></ce:doctopic></ce:doctopics></item-info><ce:floats><ce:figure id="FIG001"><ce:label>Fig. 1</ce:label><ce:caption><ce:simple-para view="all">Feynman diagrams of the tree and loop processes considered here.</ce:simple-para></ce:caption><ce:link locator="gr001"/></ce:figure></ce:floats><head><ce:title>Dynamical CP violation in the early Universe</ce:title><ce:author-group><ce:author><ce:given-name>K.R.S.</ce:given-name><ce:surname>Balaji</ce:surname><ce:cross-ref refid="AFF001"><ce:sup loc="post">a</ce:sup></ce:cross-ref><ce:e-address type="email">balaji@hep.physics.mcgill.ca</ce:e-address></ce:author><ce:author><ce:given-name>Tirthabir</ce:given-name><ce:surname>Biswas</ce:surname><ce:cross-ref refid="AFF001"><ce:sup loc="post">a</ce:sup></ce:cross-ref><ce:e-address type="email">tirtho@hep.physics.mcgill.ca</ce:e-address></ce:author><ce:author><ce:given-name>Robert H.</ce:given-name><ce:surname>Brandenberger</ce:surname><ce:cross-ref refid="AFF002"><ce:sup loc="post">b</ce:sup></ce:cross-ref><ce:cross-ref refid="AFF003"><ce:sup loc="post">c</ce:sup></ce:cross-ref><ce:e-address type="email">rhb@het.brown.edu</ce:e-address></ce:author><ce:author><ce:given-name>David</ce:given-name><ce:surname>London</ce:surname><ce:cross-ref refid="AFF001"><ce:sup loc="post">a</ce:sup></ce:cross-ref><ce:cross-ref refid="AFF004"><ce:sup loc="post">d</ce:sup></ce:cross-ref><ce:e-address type="email">london@lps.umontreal.ca</ce:e-address></ce:author><ce:affiliation id="AFF001"><ce:label>a</ce:label><ce:textfn>Physics Department, McGill University, 3600 University St., Montréal QC, Canada H3A 2T8</ce:textfn></ce:affiliation><ce:affiliation id="AFF002"><ce:label>b</ce:label><ce:textfn>Department of Physics, Brown University, Providence, RI 02912, USA</ce:textfn></ce:affiliation><ce:affiliation id="AFF003"><ce:label>c</ce:label><ce:textfn>Perimeter Institute for Theoretical Physics, Waterloo ON, Canada N2J 2W9</ce:textfn></ce:affiliation><ce:affiliation id="AFF004"><ce:label>d</ce:label><ce:textfn>Laboratoire René J.-A. Lévesque, Université de Montréal, C.P. 6128, succ. centre-ville, Montréal QC, Canada H3C 3J7</ce:textfn></ce:affiliation></ce:author-group><ce:date-received day="6" month="4" year="2004"/><ce:date-revised day="7" month="5" year="2004"/><ce:date-accepted day="3" month="6" year="2004"/><ce:miscellaneous>Editor: H. Georgi</ce:miscellaneous><ce:abstract class="author"><ce:section-title>Abstract</ce:section-title><ce:abstract-sec><ce:simple-para view="all">Following earlier ideas of Dolgov, we show that the asymmetrical dynamical evolution of fields in the early Universe provides a new source for CP violation. This can lead to baryogenesis without any additional CP-violating interactions. The magnitude of this CP violation is time-dependent. In particular, it vanishes (or is very small) in the late Universe after the fields have relaxed (or are in their final approach) to their vacuum values. We provide an explicit example in which our mechanism is realized.</ce:simple-para></ce:abstract-sec></ce:abstract></head><body><ce:sections><ce:section view="all"><ce:label>1</ce:label><ce:section-title>Introducing dynamical CP violation</ce:section-title><ce:para view="all">The observed CP violation in our Universe has so far only been measured in the <ce:italic>K</ce:italic>-meson and <ce:italic>B</ce:italic>-meson sectors (see, e.g., Ref. <ce:cross-ref refid="BIB001">[1]</ce:cross-ref> for recent reviews on the status of CP violation), and is generally believed to be due to CP-violating phases in the quark mass matrix (the Kobayashi–Maskawa (KM) mechanism <ce:cross-ref refid="BIB002">[2]</ce:cross-ref>). CP violation is one of the key criteria required in order to generate the observed baryon–antibaryon asymmetry of the Universe starting with symmetric initial conditions. However, because of the smallness of the quark masses, CP violation from the KM mechanism is highly suppressed for processes relevant to baryogenesis <ce:cross-ref refid="BIB003">[3]</ce:cross-ref>, and all successful mechanisms of baryogenesis studied to date postulate new CP-violating couplings arising in new physics beyond the Standard Model (for recent reviews of baryogenesis see, e.g., Ref. <ce:cross-ref refid="BIB004">[4]</ce:cross-ref>). On the other hand, the three required criteria for baryogenesis <ce:cross-ref refid="BIB005">[5]</ce:cross-ref>, namely the existence of baryon number violating processes, CP violation, and out-of-equilibrium dynamics, all are present in the Standard Model. Thus, one may wonder if it might not be possible to realize successful baryogenesis without introducing new sources of baryon number violation and new couplings which explicitly break CP (for attempts in this direction see Refs. <ce:cross-refs refid="BIB006 BIB007">[6,7]</ce:cross-refs>).</ce:para><ce:para view="all">In this Letter we point out that within early Universe cosmology there exists a natural source for CP violation. This can be used to obtain the enhanced CP violation required to make it possible to generate a large enough baryon asymmetry in the context of Standard Model baryogenesis. The key observation, already made some time ago by Dolgov <ce:cross-ref refid="BIB008">[8]</ce:cross-ref>, is that in a model which contains several complex scalar fields, initial conditions in a given small region of the early Universe will typically generate an asymmetry in the phases of the fields. This asymmetry can be initially induced by thermal or quantum excitations of the fields about the symmetric state. A stage of inflation in the early Universe will lead to an exponential increase in the wavelength of the local fluctuation regions, thus rendering our present Hubble patch of the Universe asymmetric.</ce:para><ce:para view="all">If the asymmetry in the phases of the fields can be connected with a CP asymmetry, then it is possible to realize a scenario in which the Lagrangian is CP symmetric (modulo the CP-violating phases in the quark mass matrix of the Standard Model), but the phase asymmetry of the fields in the early Universe leads to (possibly large) CP violation during the period when the fields are relaxing to their ground state values (which we assume are symmetric).<ce:cross-ref refid="FN001"><ce:sup loc="post">1</ce:sup></ce:cross-ref><ce:footnote id="FN001"><ce:label>1</ce:label><ce:note-para>With respect to the use of rolling scalar fields, our scenario has a certain analogy with the Affleck–Dine (AD) mechanism <ce:cross-ref refid="BIB009">[9]</ce:cross-ref>. However, while the AD mechanism involves new scalar fields carrying baryonic charge and generating a net baryon number, our scalar fields do not involve new baryon-number-violating processes. Note that rolling scalar fields are also used in inflationary baryogenesis scenarios <ce:cross-refs refid="BIB010 BIB011 BIB012 BIB013 BIB014">[10–14]</ce:cross-refs>. Once again, in these scenarios the Lagrangian contains new CP- or baryon-number-violating interactions.</ce:note-para></ce:footnote> Thus, a specific feature of our mechanism is that the magnitude of CP violation is time dependent. Large CP violation in the early Universe in sectors other than the KM mass matrix could thus be compatible with the absence of such effects today. The largeness of CP violation in the early Universe could then enhance the effectiveness of various baryogenesis mechanisms which have been proposed. For example, if the scalar fields are rolling at times corresponding to the electroweak phase transition, the effectiveness of electroweak baryogenesis could be significantly enhanced, maybe rendering it possible to obtain baryogenesis with Standard Model physics which is effective enough to generate the observed baryon to entropy ratio (see Ref. <ce:cross-ref refid="BIB015">[15]</ce:cross-ref> for an interesting but unrelated mechanism which can increase the efficiency of CP violation in the early Universe).<ce:cross-ref refid="FN002"><ce:sup loc="post">2</ce:sup></ce:cross-ref><ce:footnote id="FN002"><ce:label>2</ce:label><ce:note-para>Note that the scalar fields can be identified with moduli fields in higher-dimensional compactifications (see Ref. <ce:cross-ref refid="BIB016">[16]</ce:cross-ref> for a review), in particular the breathing and the squashing modes which can also effect symmetry-breaking transitions in gauge theories as they are evolving in time <ce:cross-ref refid="BIB017">[17]</ce:cross-ref>.</ce:note-para></ce:footnote></ce:para><ce:para view="all">The idea that CP violation might be large in the early Universe due to charge-asymmetric initial conditions is due to Dolgov <ce:cross-ref refid="BIB008">[8]</ce:cross-ref>, who introduced the term <ce:italic>stochastic breaking of charge symmetry</ce:italic> for it. It can be viewed as the realization of <ce:italic>spontaneous CP violation</ce:italic> <ce:cross-ref refid="BIB018">[18]</ce:cross-ref> during a period in the early Universe. In the following, we develop this idea further. We introduce a toy model to demonstrate the viability of the mechanism. We then discuss the specific processes which in our toy model can generate a net CP asymmetry among the particle excitations of the fields, and demonstrate that it is possible to transfer this asymmetry to a net lepton number (which in turn can be transferred to a net baryon number by local thermal equilibration). Note that phases in multi-Higgs systems have also recently been invoked <ce:cross-ref refid="BIB019">[19]</ce:cross-ref> as a way of generating the CP asymmetry in the early Universe necessary to see resonantly-amplified baryogenesis.</ce:para></ce:section><ce:section view="all"><ce:label>2</ce:label><ce:section-title>CP violation in the scalar sector</ce:section-title><ce:para view="all">We begin by introducing a toy model containing two complex scalar fields <ce:italic>φ</ce:italic><ce:inf loc="post">+</ce:inf> and <ce:italic>φ</ce:italic><ce:inf loc="post">−</ce:inf>. The fields are taken here to be electrically neutral (the case of electrically charged scalar fields will be analyzed in a separate publication <ce:cross-ref refid="BIB020">[20]</ce:cross-ref>). The scalar potential of the model is taken to be <display><formula id="FD001"><ce:label>(2.1)</ce:label><math altimg="si1.gif">V(φ<inf loc="post">+</inf>,φ<inf loc="post">−</inf>)=<lim><op>∑</op><ll>i=+,−</ll></lim>m<inf loc="post">i</inf><sup loc="post">2</sup>φ<inf loc="post">i</inf><sup loc="post">†</sup>φ<inf loc="post">i</inf>+V<inf loc="post">4</inf>(φ<inf loc="post">+</inf>,φ<inf loc="post">−</inf>),</math></formula></display> where it is assumed that <ce:italic>m</ce:italic><ce:inf loc="post">+</ce:inf>&gt;2<ce:italic>m</ce:italic><ce:inf loc="post">−</ce:inf>, and <display><formula id="FD002"><ce:label>(2.2)</ce:label><math altimg="si2.gif">V<inf loc="post">4</inf>(φ<inf loc="post">+</inf>,φ<inf loc="post">−</inf>)=gφ<inf loc="post">−</inf><sup loc="post">†</sup>φ<inf loc="post">−</inf><sup loc="post">†</sup>φ<inf loc="post">−</inf>φ<inf loc="post">+</inf>+<rm>h.c</rm>.</math></formula></display> The Lagrangian is taken to be CP-conserving, so that <ce:italic>g</ce:italic> is real.</ce:para><ce:para view="all">If the field initial conditions are asymmetric, as is expected in cosmology, we now show that the above scalar field interactions can generate a net CP asymmetry among the local field excitations. We will assume that the cosmological initial conditions provide a phase asymmetry in the two scalar fields <ce:italic>φ</ce:italic><ce:inf loc="post">+</ce:inf> and <ce:italic>φ</ce:italic><ce:inf loc="post">−</ce:inf>. To be specific, we assume that the initial value of <ce:italic>φ</ce:italic><ce:inf loc="post">−</ce:inf> is real, but the initial value of <ce:italic>φ</ce:italic><ce:inf loc="post">+</ce:inf> has a phase <ce:italic>α</ce:italic>. As we will see, this yields the required weak phase necessary in order to generate a net CP asymmetry.</ce:para><ce:para view="all">Inflationary cosmology <ce:cross-ref refid="BIB021">[21]</ce:cross-ref> provides a ready mechanism to produce the kind of field initial conditions we require.<ce:cross-ref refid="FN003"><ce:sup loc="post">3</ce:sup></ce:cross-ref><ce:footnote id="FN003"><ce:label>3</ce:label><ce:note-para>Although we discuss the origin of the weak phase difference and of the excitation of the scalar fields in the context of inflationary cosmology, the basic mechanism does not depend on having a period of inflation. In the context of any cosmological scenario with a hot initial phase, one would expect all fields to be excited, and relative phases to be generated. Inflation provides a natural mechanism for producing homogeneous initial conditions within our Hubble patch.</ce:note-para></ce:footnote> Assume that the masses <ce:italic>m</ce:italic><ce:inf loc="post">+</ce:inf> and <ce:italic>m</ce:italic><ce:inf loc="post">−</ce:inf> are light compared to the Hubble expansion rate <ce:italic>H</ce:italic> during inflation. Inflation will exponentially red-shift the wavelength of quantum field fluctuations in the two scalar fields <ce:italic>φ</ce:italic><ce:inf loc="post">+</ce:inf> and <ce:italic>φ</ce:italic><ce:inf loc="post">−</ce:inf>. Since the motion of the fields is highly over-damped, the field fluctuation amplitude <math altimg="si3.gif"><sc>A</sc></math>, which for quantum vacuum fluctuations will be of order <ce:italic>H</ce:italic> <ce:cross-refs refid="BIB022 BIB023">[22,23]</ce:cross-refs> and therefore large in comparison with the scales of Standard Model physics, will hardly decrease (if the initial perturbations are due to other than quantum vacuum fluctuations, the field amplitudes will be even larger). Thus, at the end of inflation, the fields <ce:italic>φ</ce:italic><ce:inf loc="post">+</ce:inf> and <ce:italic>φ</ce:italic><ce:inf loc="post">−</ce:inf> will have obtained components <ce:italic>φ</ce:italic><ce:inf loc="post">+</ce:inf><ce:sup loc="post">(0)</ce:sup> and <ce:italic>φ</ce:italic><ce:inf loc="post">−</ce:inf><ce:sup loc="post">(0)</ce:sup> which are homogeneous on the scale of the present Hubble radius and whose amplitudes are large at late times. In general, there will be a relative phase difference <ce:italic>α</ce:italic> between the two fields. Once the Hubble rate <ce:italic>H</ce:italic> drops below the value of the mass <ce:italic>m</ce:italic><ce:inf loc="post"><ce:italic>i</ce:italic></ce:inf>, the quasi-homogeneous component of the field <ce:italic>φ</ce:italic><ce:inf loc="post"><ce:italic>i</ce:italic></ce:inf> (<ce:italic>i</ce:italic>=+,−) will begin to relax towards its vacuum value <ce:italic>φ</ce:italic><ce:inf loc="post"><ce:italic>i</ce:italic></ce:inf>=0. The calculations we perform below make use of an approximation which is only valid in the later stages of the relaxation of the scalar fields, namely when the fields have decreased to values smaller than the masses (|<ce:italic>φ</ce:italic><ce:inf loc="post"><ce:italic>i</ce:italic></ce:inf>|&lt;<ce:italic>m</ce:italic><ce:inf loc="post">−</ce:inf> for <ce:italic>i</ce:italic>=+,−). However, CP violation is taking place throughout the relaxation process.</ce:para><ce:para view="all">It is clear that our cosmological initial conditions contain an asymmetry in the weak phases of the fields. However, we must show that this phase asymmetry can be transformed into a CP asymmetry in the localized excitations of the field (the field quanta) which are produced during the relaxation process. In the following we will also show that an asymmetry in the fermion sector is generated. In this way, the asymmetry survives even after the two scalar fields have relaxed to their ground state in which (by assumption) there is no residual weak CP-violating phase.</ce:para><ce:para view="all">Before doing this, it is useful to first review the basic formalism for establishing a CP asymmetry. In general, one can parameterize the transition matrix element <ce:italic>M</ce:italic> corresponding to a particular decay as <display><formula id="FD003"><ce:label>(2.3)</ce:label><math altimg="si4.gif">M=A+ζB,</math></formula></display> where <ce:italic>ζ</ce:italic>, <ce:italic>A</ce:italic> and <ce:italic>B</ce:italic> are complex numbers such that under a CP transformation we have <ce:italic>A</ce:italic>↔<ce:italic>A</ce:italic>, <ce:italic>B</ce:italic>↔<ce:italic>B</ce:italic> and <math altimg="si5.gif">ζ→ζ<sup loc="post">∗</sup></math>. The probability difference between the process and its CP-conjugate process can then easily be worked out, and the result determines the resulting CP asymmetry <ce:italic>A</ce:italic><ce:inf loc="post">CP</ce:inf>: <display><formula><ce:label>(2.4)</ce:label><math altimg="si6.gif">A<inf loc="post"><rm>CP</rm></inf>=C<fen><cp type="lpar" style="s"/>|M|<sup loc="post">2</sup>−|<a valign="u"><ac>M</ac><ac>̄</ac></a>|<sup loc="post">2</sup><cp type="rpar" style="s"/></fen>=−2C<rm>Im</rm>(ζ)·<rm>Im</rm>(AB<sup loc="post">∗</sup>),</math></formula></display> with <ce:italic>C</ce:italic> being a constant.</ce:para><ce:para view="all">Clearly, in order to obtain net CP violation, one needs both a non-vanishing <ce:italic>strong phase</ce:italic> difference <math altimg="si7.gif"><rm>Im</rm>(AB<sup loc="post">∗</sup>)≠0</math> and a <ce:italic>weak phase</ce:italic> Im(<ce:italic>ζ</ce:italic>)≠0. In our scenario, the weak phase is given by the relative phase in the initial displacement of the fields from their symmetric values, whereas the strong phase is obtained in the usual way by making use of a radiative process such as a self-energy correction or a vertex correction graph.</ce:para><ce:para view="all">With this formalism in hand, we can now show that the asymmetric initial conditions do indeed lead to a CP asymmetry in the fields. Because of these non-zero initial conditions, we must consider field fluctuations about these values: <display><formula><ce:label>(2.5)</ce:label><math altimg="si8.gif">φ′<inf loc="post">−</inf>=φ<inf loc="post">−</inf>−c<inf loc="post">−</inf>,<ce:hsp sp="2"/>φ′<inf loc="post">+</inf>=φ<inf loc="post">+</inf>−c<inf loc="post">+</inf>e<sup loc="post">iα</sup>,</math></formula></display> where <ce:italic>c</ce:italic><ce:inf loc="post">−</ce:inf> and <ce:italic>c</ce:italic><ce:inf loc="post">+</ce:inf> are real constants. (Note that <ce:italic>c</ce:italic><ce:inf loc="post">±</ce:inf> actually vary with time, but our analysis is performed at a given instant. A priori, even <ce:italic>α</ce:italic> can be time dependent. For our mechanism to work we require it to be varying slowly (if at all) so that the CP-violation effects can add coherently.) These relations can be inverted and inserted into the scalar potential of <ce:cross-ref refid="FD001">Eq. (2.1)</ce:cross-ref>. Expanding the quartic term of <ce:cross-ref refid="FD002">Eq. (2.2)</ce:cross-ref>, one finds both quadratic and cubic terms. (There are other terms, but they are not relevant to our analysis.) The quadratic terms contribute to the mass matrix. However, if we make the simplifying assumption (valid in the later stages of the relaxation of the scalar fields) that <ce:italic>c</ce:italic><ce:inf loc="post">+,−</ce:inf>⪡<ce:italic>m</ce:italic><ce:inf loc="post">+,−</ce:inf>, then the mass corrections due to the initial conditions are negligible, and <ce:italic>φ</ce:italic>′<ce:inf loc="post"><ce:italic>i</ce:italic></ce:inf> are still mass eigenstates. (Note that this assumption is not absolutely necessary: it is possible to diagonalize the mass matrix and work with the new mass eigenstates, but this does not change our conclusions.) We will henceforth drop the primes.</ce:para><ce:para view="all">The cubic terms generated by the initial conditions, which we denote as <ce:italic>V</ce:italic><ce:inf loc="post">3</ce:inf>, have the following form: <display><formula id="FD006"><ce:label>(2.6)</ce:label><math altimg="si9.gif">V<inf loc="post">3</inf>=g<fen><cp type="lsqb" style="s"/>c<inf loc="post">+</inf>e<sup loc="post">iα</sup>φ<inf loc="post">−</inf><sup loc="post">†</sup>φ<inf loc="post">−</inf><sup loc="post">†</sup>φ<inf loc="post">−</inf>+c<inf loc="post">−</inf>φ<inf loc="post">−</inf><sup loc="post">†</sup>φ<inf loc="post">−</inf><sup loc="post">†</sup>φ<inf loc="post">+</inf>+2c<inf loc="post">−</inf>φ<inf loc="post">−</inf><sup loc="post">†</sup>φ<inf loc="post">−</inf>φ<inf loc="post">+</inf><cp type="rsqb" style="s"/></fen>+<rm>h.c</rm>.</math></formula></display> These couplings can contribute to two-body decays of the fields, which can be treated analogously to how the decay of the inflaton field was initially analyzed perturbatively <ce:cross-refs refid="BIB010 BIB024">[10,24]</ce:cross-refs>.<ce:cross-ref refid="FN004"><ce:sup loc="post">4</ce:sup></ce:cross-ref><ce:footnote id="FN004"><ce:label>4</ce:label><ce:note-para>However, see Refs. <ce:cross-refs refid="BIB025 BIB026">[25,26]</ce:cross-refs> for a more efficient decay mechanism making use of a parametric resonance instability which occurs if the homogeneous field is oscillating.</ce:note-para></ce:footnote> Since <ce:italic>m</ce:italic><ce:inf loc="post">+</ce:inf>&gt;2<ce:italic>m</ce:italic><ce:inf loc="post">−</ce:inf>, the only possible decay is of a <ce:italic>φ</ce:italic><ce:inf loc="post">+</ce:inf> quantum to two <ce:italic>φ</ce:italic><ce:inf loc="post">−</ce:inf> quanta. We need to show that the decay produces a net CP asymmetry among the produced quanta.</ce:para><ce:para view="all">Consider the decay <ce:italic>φ</ce:italic><ce:inf loc="post">+</ce:inf>→<ce:italic>φ</ce:italic><ce:inf loc="post">−</ce:inf><ce:italic>φ</ce:italic><ce:inf loc="post">−</ce:inf>. This process receives a tree and several loop contributions, with relative weak and strong phases. For the purposes of demonstration, we will consider only one of the diagrams which contributes at one loop (<ce:cross-ref refid="FIG001">Fig. 1</ce:cross-ref><ce:float-anchor refid="FIG001"/>). (There are other loops of this type, as well as a vertex renormalization graph.) The interference between these diagrams yields the desired CP violation, and leads to a rate difference between <ce:italic>φ</ce:italic><ce:inf loc="post">+</ce:inf>→<ce:italic>φ</ce:italic><ce:inf loc="post">−</ce:inf><ce:italic>φ</ce:italic><ce:inf loc="post">−</ce:inf> and <math altimg="si10.gif">φ<inf loc="post">+</inf><sup loc="post">†</sup>→φ<inf loc="post">−</inf><sup loc="post">†</sup>φ<inf loc="post">−</inf><sup loc="post">†</sup></math>.</ce:para><ce:para view="all">One can see how this comes about as follows. Using the couplings in <ce:cross-ref refid="FD006">(2.6)</ce:cross-ref>, we see that the tree and loop diagrams are proportional to <ce:italic>c</ce:italic><ce:inf loc="post">−</ce:inf><ce:italic>g</ce:italic> and 2<ce:italic>c</ce:italic><ce:inf loc="post">−</ce:inf><ce:italic>c</ce:italic><ce:inf loc="post">+</ce:inf><ce:sup loc="post">2</ce:sup><ce:italic>g</ce:italic><ce:sup loc="post">3</ce:sup>exp(2<ce:italic>iα</ce:italic>), respectively, and therefore have a relative weak phase. The loop diagram also has a strong phase. Because the decay <math altimg="si11.gif">φ<inf loc="post">+</inf>→φ<inf loc="post">−</inf>φ<inf loc="post">−</inf><sup loc="post">†</sup></math> is kinematically permitted, the loop transition amplitude contains an absorptive part coming from the <ce:italic>iϵ</ce:italic> piece in the propagators. Thus, we immediately see that the transition matrix element for <ce:cross-ref refid="FIG001">Fig. 1</ce:cross-ref> will be of the necessary form [<ce:cross-ref refid="FD003">Eq. (2.3)</ce:cross-ref>] to obtain net CP violation in the final state. Specifically, <display><formula id="FD007"><ce:label>(2.7)</ce:label><math altimg="si12.gif">A<inf loc="post"><rm>CP</rm></inf>∼<rm>Im</rm>(ζ)∼<rm>sin</rm>2α.</math></formula></display> We therefore see explicitly that <ce:italic>A</ce:italic><ce:inf loc="post">CP</ce:inf> is non-zero only if <ce:italic>α</ce:italic>≠0. Thus, the phase <ce:italic>α</ce:italic> in the initial conditions is directly responsible for the net CP asymmetry.</ce:para><ce:para view="all">Note that we should also pay attention to the decay <math altimg="si13.gif">φ<inf loc="post">+</inf><sup loc="post">†</sup>→φ<inf loc="post">−</inf>φ<inf loc="post">−</inf></math>. Even if there is a CP asymmetry between <ce:italic>φ</ce:italic><ce:inf loc="post">+</ce:inf>→<ce:italic>φ</ce:italic><ce:inf loc="post">−</ce:inf><ce:italic>φ</ce:italic><ce:inf loc="post">−</ce:inf> and <math altimg="si14.gif">φ<inf loc="post">+</inf><sup loc="post">†</sup>→φ<inf loc="post">−</inf><sup loc="post">†</sup>φ<inf loc="post">−</inf><sup loc="post">†</sup></math>, it could potentially be cancelled by another CP asymmetry between <math altimg="si15.gif">φ<inf loc="post">+</inf><sup loc="post">†</sup>→φ<inf loc="post">−</inf>φ<inf loc="post">−</inf></math> and <math altimg="si16.gif">φ<inf loc="post">+</inf>→φ<inf loc="post">−</inf><sup loc="post">†</sup>φ<inf loc="post">−</inf><sup loc="post">†</sup></math>. However, since all triple-scalar couplings can be different, it is not hard to ensure that this does not arise. Indeed, our choice of <ce:italic>V</ce:italic><ce:inf loc="post">3</ce:inf> achieves this: since there is no <math altimg="si17.gif">φ<inf loc="post">−</inf><sup loc="post">†</sup>φ<inf loc="post">−</inf><sup loc="post">†</sup>φ<inf loc="post">+</inf><sup loc="post">†</sup></math> term, the decay <math altimg="si18.gif">φ<inf loc="post">+</inf><sup loc="post">†</sup>→φ<inf loc="post">−</inf>φ<inf loc="post">−</inf></math> cannot occur at tree level.</ce:para></ce:section><ce:section view="all"><ce:label>3</ce:label><ce:section-title>Induced lepton and baryon asymmetry</ce:section-title><ce:para view="all">Above, we demonstrated that the initial phase asymmetry can be converted to a CP-violating rate asymmetry in the scalar sector. The next necessary step is to show how to transfer this to the fermion sector. Given that the complex scalar fields <ce:italic>φ</ce:italic><ce:inf loc="post">+</ce:inf> and <ce:italic>φ</ce:italic><ce:inf loc="post">−</ce:inf> are neutral, only a lepton asymmetry can be generated (through their couplings to neutrinos). This then induces a net baryon asymmetry via thermal equilibration. Thus, our mechanism can be a source for the standard leptogenesis scenario (see Ref. <ce:cross-ref refid="BIB027">[27]</ce:cross-ref> for the original reference and e.g. Ref. <ce:cross-ref refid="BIB028">[28]</ce:cross-ref> for a recent review of leptogenesis). However, special to our scenario is the fact that leptogenesis can be driven by either by Dirac or by Majorana fermions (not just by Majorana fermions as in the standard leptogenesis scenario). (Note: if the scalar fields are charged, then their decay can directly produce a baryon asymmetry (in this case the analogy with the Affleck–Dine mechanism <ce:cross-ref refid="BIB009">[9]</ce:cross-ref> would be greater).)</ce:para><ce:para view="all">We first discuss the case where the fermions are Dirac particles. The relevant Yukawa interaction is <display><formula><ce:label>(3.1)</ce:label><math altimg="si19.gif">Y=<lim><op>∑</op><ll>a,b</ll></lim><a valign="u"><ac>ψ</ac><ac>̄</ac></a><sup loc="post">a</sup><inf loc="post">L</inf><fen><cp type="lpar" style="s"/>φ<inf loc="post">+</inf>Y<sup loc="post">1</sup><inf loc="post">ab</inf>+φ<inf loc="post">−</inf>Y<sup loc="post">2</sup><inf loc="post">ab</inf><cp type="rpar" style="s"/></fen>ψ<sup loc="post">b</sup><inf loc="post">R</inf>+<rm>h.c</rm>.,</math></formula></display> where the <ce:italic>Y</ce:italic><ce:sup loc="post"><ce:italic>i</ce:italic></ce:sup><ce:inf loc="post"><ce:italic>ab</ce:italic></ce:inf> are the Yukawa coupling matrices, and the indices <ce:italic>a</ce:italic> and <ce:italic>b</ce:italic> run over the neutrinos. The decay processes of interest are <math altimg="si20.gif">φ<inf loc="post">−</inf>→<a valign="u"><ac>ψ</ac><ac>̄</ac></a><inf loc="post">L</inf>ψ<inf loc="post">R</inf></math> and <math altimg="si21.gif">φ<inf loc="post">−</inf><sup loc="post">†</sup>→<a valign="u"><ac>ψ</ac><ac>̄</ac></a><inf loc="post">R</inf>ψ<inf loc="post">L</inf></math>. Since we have unequal numbers of <ce:italic>φ</ce:italic><ce:inf loc="post">−</ce:inf> and <math altimg="si22.gif">φ<inf loc="post">−</inf><sup loc="post">†</sup></math> quanta [<ce:cross-ref refid="FD007">Eq. (2.7)</ce:cross-ref>], the decays of the scalars will lead to an unequal number of left- and right-handed Dirac neutrinos. This asymmetry has magnitude <ce:italic>A</ce:italic><ce:sup loc="post"><ce:italic>ν</ce:italic></ce:sup>∼|<ce:italic>Y</ce:italic>|<ce:sup loc="post">2</ce:sup><ce:italic>A</ce:italic><ce:inf loc="post">CP</ce:inf>, and can successfully generate a baryon asymmetry for very small Yukawa couplings <ce:cross-ref refid="BIB029">[29]</ce:cross-ref>. There are, however, a number of qualitative and quantitative differences between our scenario and that of <ce:cross-ref refid="BIB029">[29]</ce:cross-ref>. These are described in detail in Ref. <ce:cross-ref refid="BIB020">[20]</ce:cross-ref>.</ce:para><ce:para view="all">For the case of Majorana fermions <ce:italic>N</ce:italic><ce:inf loc="post"><ce:italic>R</ce:italic></ce:inf>, one can simply use the usual leptogenesis mechanism, with the scalars <ce:italic>φ</ce:italic><ce:inf loc="post">±</ce:inf> of our scenario playing the role of the usual scalars of the standard leptogenesis model <ce:cross-ref refid="BIB027">[27]</ce:cross-ref>. The difference between the two models is that, in our scenario, the Yukawa couplings are real and CP violation is due to the phase difference in the initial conditions of the scalar fields.</ce:para><ce:para view="all">There are several other ways of generating a lepton asymmetry in the context of our proposed mechanism. Also, as mentioned earlier, it is straightforward to have conventional baryogenesis via charged scalars. All of these scenarios will be discussed in Ref. <ce:cross-ref refid="BIB020">[20]</ce:cross-ref>.</ce:para></ce:section><ce:section view="all"><ce:label>4</ce:label><ce:section-title>Discussion and conclusions</ce:section-title><ce:para view="all">In this Letter we have studied a mechanism for CP violation (originally proposed by Dolgov <ce:cross-ref refid="BIB008">[8]</ce:cross-ref>) which is effective in the early Universe but could shut off at late times. A key feature of our mechanism is that it does <ce:italic>not</ce:italic> involve any new CP-violating phases in the Lagrangian. Instead, in a model containing several scalar fields, initial conditions will lead to an asymmetry in the phases of these fields. CP-violating processes then arise as these quantum fields relax dynamically towards their symmetric ground state values. The initial displacement of these fields is completely natural in the context of early Universe cosmology.</ce:para><ce:para view="all">There are many possible applications for this mechanism. In this Letter, we have concentrated on its contribution to leptogenesis and baryogenesis. Our calculation is applicable in the phase when the fields are rolling. This rolling phase will start when the Hubble constant drops to a value comparable to the mass of the scalar fields. It is at this time in the cosmological evolution that CP violation is most efficient. After the fields have relaxed to their vacuum values, our CP violation mechanism turns off. We plan to discuss more details, in particular applications to concrete baryogenesis models, in a future publication <ce:cross-ref refid="BIB020">[20]</ce:cross-ref>. Note that string cosmology and brane world scenarios may provide natural settings for the origin of the scalar fields required for our mechanism (e.g. see Ref. <ce:cross-ref refid="BIB030">[30]</ce:cross-ref> for a recent paper on how scalar fields from brane world scenarios can play a new role in spontaneous baryogenesis).</ce:para></ce:section></ce:sections><ce:acknowledgment><ce:section-title>Acknowledgements</ce:section-title><ce:para view="all">We thank Guy Moore and Cliff Burgess for useful discussions. One of us (R.B.) is also grateful to Marco Peloso for interesting conversations. R.B. is supported in part by the US Department of Energy under Contract DE-FG02-91ER40688, TASK A. He thanks the Fields Institute for Mathematical Sciences and the Perimeter Institute for hospitality and support during the final stages of this project. The work of K.B., T.B. and D.L. is supported by NSERC (Canada) and by the Fonds de Recherche sur la Nature et les Technologies du Québec.</ce:para></ce:acknowledgment></body><tail><ce:bibliography view="all"><ce:section-title>References</ce:section-title><ce:bibliography-sec><ce:bib-reference id="BIB001"><ce:label>[1]</ce:label><sb:reference><sb:contribution langtype="en"><sb:authors><sb:author><ce:given-name>K.</ce:given-name><ce:surname>Hagiwara</ce:surname></sb:author><sb:et-al/><sb:collaboration>Particle Data Group Collaboration</sb:collaboration></sb:authors></sb:contribution><sb:host><sb:issue><sb:series><sb:title><sb:maintitle>Phys. Rev. D</sb:maintitle></sb:title><sb:volume-nr>66</sb:volume-nr></sb:series><sb:date>2002</sb:date></sb:issue><sb:pages><sb:first-page>010001</sb:first-page></sb:pages></sb:host><sb:comment>and references therein</sb:comment></sb:reference></ce:bib-reference><ce:bib-reference id="BIB002"><ce:label>[2]</ce:label><sb:reference><sb:contribution langtype="en"><sb:authors><sb:author><ce:given-name>M.</ce:given-name><ce:surname>Kobayashi</ce:surname></sb:author><sb:author><ce:given-name>T.</ce:given-name><ce:surname>Maskawa</ce:surname></sb:author></sb:authors></sb:contribution><sb:host><sb:issue><sb:series><sb:title><sb:maintitle>Prog. Theor. Phys.</sb:maintitle></sb:title><sb:volume-nr>49</sb:volume-nr></sb:series><sb:date>1973</sb:date></sb:issue><sb:pages><sb:first-page>652</sb:first-page></sb:pages></sb:host></sb:reference></ce:bib-reference><ce:bib-reference id="BIB003"><ce:label>[3]</ce:label><sb:reference><sb:contribution langtype="en"><sb:authors><sb:author><ce:given-name>C.</ce:given-name><ce:surname>Jarlskog</ce:surname></sb:author></sb:authors></sb:contribution><sb:host><sb:issue><sb:series><sb:title><sb:maintitle>Phys. Rev. Lett.</sb:maintitle></sb:title><sb:volume-nr>55</sb:volume-nr></sb:series><sb:date>1985</sb:date></sb:issue><sb:pages><sb:first-page>1039</sb:first-page></sb:pages></sb:host></sb:reference></ce:bib-reference><ce:bib-reference id="BIB004"><ce:label>[4]</ce:label><sb:reference><sb:contribution langtype="en"><sb:authors><sb:author><ce:given-name>A.D.</ce:given-name><ce:surname>Dolgov</ce:surname></sb:author></sb:authors></sb:contribution><sb:host><sb:e-host><ce:inter-ref xlink:href="arxiv:hep-ph/9707419" xlink:role="http://www.elsevier.com/xml/linking-roles/preprint" xlink:type="simple">hep-ph/9707419</ce:inter-ref></sb:e-host></sb:host></sb:reference><sb:reference><sb:contribution langtype="en"><sb:authors><sb:author><ce:given-name>V.A.</ce:given-name><ce:surname>Rubakov</ce:surname></sb:author><sb:author><ce:given-name>M.E.</ce:given-name><ce:surname>Shaposhnikov</ce:surname></sb:author></sb:authors></sb:contribution><sb:host><sb:issue><sb:series><sb:title><sb:maintitle>Phys. Usp.</sb:maintitle></sb:title><sb:volume-nr>39</sb:volume-nr></sb:series><sb:date>1996</sb:date></sb:issue><sb:pages><sb:first-page>461</sb:first-page></sb:pages></sb:host><sb:host><sb:issue><sb:series><sb:title><sb:maintitle>Usp. Fiz. Nauk</sb:maintitle></sb:title><sb:volume-nr>166</sb:volume-nr></sb:series><sb:date>1996</sb:date></sb:issue><sb:pages><sb:first-page>493</sb:first-page></sb:pages></sb:host><sb:comment>(in Russian)</sb:comment></sb:reference><sb:reference><sb:contribution langtype="en"><sb:authors><sb:author><ce:given-name>A.</ce:given-name><ce:surname>Riotto</ce:surname></sb:author><sb:author><ce:given-name>M.</ce:given-name><ce:surname>Trodden</ce:surname></sb:author></sb:authors></sb:contribution><sb:host><sb:issue><sb:series><sb:title><sb:maintitle>Annu. Rev. Nucl. Part. Sci.</sb:maintitle></sb:title><sb:volume-nr>49</sb:volume-nr></sb:series><sb:date>1999</sb:date></sb:issue><sb:pages><sb:first-page>35</sb:first-page></sb:pages></sb:host></sb:reference></ce:bib-reference><ce:bib-reference id="BIB005"><ce:label>[5]</ce:label><sb:reference><sb:contribution langtype="en"><sb:authors><sb:author><ce:given-name>A.D.</ce:given-name><ce:surname>Sakharov</ce:surname></sb:author></sb:authors></sb:contribution><sb:host><sb:issue><sb:series><sb:title><sb:maintitle>JETP Lett.</sb:maintitle></sb:title><sb:volume-nr>5</sb:volume-nr></sb:series><sb:date>1967</sb:date></sb:issue><sb:pages><sb:first-page>24</sb:first-page></sb:pages></sb:host><sb:host><sb:issue><sb:series><sb:title><sb:maintitle>Pis'ma Zh. Eksp. Teor. Fiz.</sb:maintitle></sb:title><sb:volume-nr>5</sb:volume-nr></sb:series><sb:date>1967</sb:date></sb:issue><sb:pages><sb:first-page>32</sb:first-page></sb:pages></sb:host><sb:comment>(in Russian)</sb:comment></sb:reference></ce:bib-reference><ce:bib-reference id="BIB006"><ce:label>[6]</ce:label><sb:reference><sb:contribution langtype="en"><sb:authors><sb:author><ce:given-name>G.R.</ce:given-name><ce:surname>Farrar</ce:surname></sb:author><sb:author><ce:given-name>M.E.</ce:given-name><ce:surname>Shaposhnikov</ce:surname></sb:author></sb:authors></sb:contribution><sb:host><sb:issue><sb:series><sb:title><sb:maintitle>Phys. Rev. Lett.</sb:maintitle></sb:title><sb:volume-nr>70</sb:volume-nr></sb:series><sb:date>1993</sb:date></sb:issue><sb:pages><sb:first-page>2833</sb:first-page></sb:pages></sb:host></sb:reference><sb:reference><sb:contribution langtype="en"><sb:authors><sb:author><ce:given-name>G.R.</ce:given-name><ce:surname>Farrar</ce:surname></sb:author><sb:author><ce:given-name>M.E.</ce:given-name><ce:surname>Shaposhnikov</ce:surname></sb:author></sb:authors></sb:contribution><sb:host><sb:issue><sb:series><sb:title><sb:maintitle>Phys. Rev. Lett.</sb:maintitle></sb:title><sb:volume-nr>71</sb:volume-nr></sb:series><sb:date>1993</sb:date></sb:issue><sb:pages><sb:first-page>210</sb:first-page></sb:pages></sb:host><sb:comment>Erratum</sb:comment></sb:reference></ce:bib-reference><ce:bib-reference id="BIB007"><ce:label>[7]</ce:label><sb:reference><sb:contribution langtype="en"><sb:authors><sb:author><ce:given-name>S.</ce:given-name><ce:surname>Nasser</ce:surname></sb:author><sb:author><ce:given-name>N.</ce:given-name><ce:surname>Turok</ce:surname></sb:author></sb:authors></sb:contribution><sb:host><sb:e-host><ce:inter-ref xlink:href="arxiv:hep-ph/9406270" xlink:role="http://www.elsevier.com/xml/linking-roles/preprint" xlink:type="simple">hep-ph/9406270</ce:inter-ref></sb:e-host></sb:host></sb:reference></ce:bib-reference><ce:bib-reference id="BIB008"><ce:label>[8]</ce:label><sb:reference><sb:contribution langtype="en"><sb:authors><sb:author><ce:given-name>A.D.</ce:given-name><ce:surname>Dolgov</ce:surname></sb:author></sb:authors></sb:contribution><sb:host><sb:issue><sb:series><sb:title><sb:maintitle>Phys. Rep.</sb:maintitle></sb:title><sb:volume-nr>222</sb:volume-nr></sb:series><sb:date>1992</sb:date></sb:issue><sb:pages><sb:first-page>309</sb:first-page></sb:pages></sb:host></sb:reference></ce:bib-reference><ce:bib-reference id="BIB009"><ce:label>[9]</ce:label><sb:reference><sb:contribution langtype="en"><sb:authors><sb:author><ce:given-name>I.</ce:given-name><ce:surname>Affleck</ce:surname></sb:author><sb:author><ce:given-name>M.</ce:given-name><ce:surname>Dine</ce:surname></sb:author></sb:authors></sb:contribution><sb:host><sb:issue><sb:series><sb:title><sb:maintitle>Nucl. Phys. B</sb:maintitle></sb:title><sb:volume-nr>249</sb:volume-nr></sb:series><sb:date>1985</sb:date></sb:issue><sb:pages><sb:first-page>361</sb:first-page></sb:pages></sb:host></sb:reference></ce:bib-reference><ce:bib-reference id="BIB010"><ce:label>[10]</ce:label><sb:reference><sb:contribution langtype="en"><sb:authors><sb:author><ce:given-name>A.D.</ce:given-name><ce:surname>Dolgov</ce:surname></sb:author><sb:author><ce:given-name>A.D.</ce:given-name><ce:surname>Linde</ce:surname></sb:author></sb:authors></sb:contribution><sb:host><sb:issue><sb:series><sb:title><sb:maintitle>Phys. Lett. B</sb:maintitle></sb:title><sb:volume-nr>116</sb:volume-nr></sb:series><sb:date>1982</sb:date></sb:issue><sb:pages><sb:first-page>329</sb:first-page></sb:pages></sb:host></sb:reference></ce:bib-reference><ce:bib-reference id="BIB011"><ce:label>[11]</ce:label><sb:reference><sb:contribution langtype="en"><sb:authors><sb:author><ce:given-name>S.</ce:given-name><ce:surname>Dimopoulos</ce:surname></sb:author><sb:author><ce:given-name>L.J.</ce:given-name><ce:surname>Hall</ce:surname></sb:author></sb:authors></sb:contribution><sb:host><sb:issue><sb:series><sb:title><sb:maintitle>Phys. Lett. B</sb:maintitle></sb:title><sb:volume-nr>196</sb:volume-nr></sb:series><sb:date>1987</sb:date></sb:issue><sb:pages><sb:first-page>135</sb:first-page></sb:pages></sb:host></sb:reference></ce:bib-reference><ce:bib-reference id="BIB012"><ce:label>[12]</ce:label><sb:reference><sb:contribution langtype="en"><sb:authors><sb:author><ce:given-name>E.W.</ce:given-name><ce:surname>Kolb</ce:surname></sb:author><sb:author><ce:given-name>A.D.</ce:given-name><ce:surname>Linde</ce:surname></sb:author><sb:author><ce:given-name>A.</ce:given-name><ce:surname>Riotto</ce:surname></sb:author></sb:authors></sb:contribution><sb:host><sb:issue><sb:series><sb:title><sb:maintitle>Phys. Rev. Lett.</sb:maintitle></sb:title><sb:volume-nr>77</sb:volume-nr></sb:series><sb:date>1996</sb:date></sb:issue><sb:pages><sb:first-page>4290</sb:first-page></sb:pages></sb:host></sb:reference></ce:bib-reference><ce:bib-reference id="BIB013"><ce:label>[13]</ce:label><sb:reference><sb:contribution langtype="en"><sb:authors><sb:author><ce:given-name>D.J.H.</ce:given-name><ce:surname>Chung</ce:surname></sb:author><sb:author><ce:given-name>E.W.</ce:given-name><ce:surname>Kolb</ce:surname></sb:author><sb:author><ce:given-name>A.</ce:given-name><ce:surname>Riotto</ce:surname></sb:author></sb:authors></sb:contribution><sb:host><sb:issue><sb:series><sb:title><sb:maintitle>Phys. Rev. D</sb:maintitle></sb:title><sb:volume-nr>60</sb:volume-nr></sb:series><sb:date>1999</sb:date></sb:issue><sb:pages><sb:first-page>063504</sb:first-page></sb:pages></sb:host></sb:reference></ce:bib-reference><ce:bib-reference id="BIB014"><ce:label>[14]</ce:label><sb:reference><sb:contribution langtype="en"><sb:authors><sb:author><ce:given-name>R.</ce:given-name><ce:surname>Rangarajan</ce:surname></sb:author><sb:author><ce:given-name>D.V.</ce:given-name><ce:surname>Nanopoulos</ce:surname></sb:author></sb:authors></sb:contribution><sb:host><sb:issue><sb:series><sb:title><sb:maintitle>Phys. Rev. D</sb:maintitle></sb:title><sb:volume-nr>64</sb:volume-nr></sb:series><sb:date>2001</sb:date></sb:issue><sb:pages><sb:first-page>063511</sb:first-page></sb:pages></sb:host></sb:reference></ce:bib-reference><ce:bib-reference id="BIB015"><ce:label>[15]</ce:label><sb:reference><sb:contribution langtype="en"><sb:authors><sb:author><ce:given-name>M.</ce:given-name><ce:surname>Berkooz</ce:surname></sb:author><sb:author><ce:given-name>Y.</ce:given-name><ce:surname>Nir</ce:surname></sb:author><sb:author><ce:given-name>T.</ce:given-name><ce:surname>Volansky</ce:surname></sb:author></sb:authors></sb:contribution><sb:host><sb:e-host><ce:inter-ref xlink:href="arxiv:hep-ph/0401012" xlink:role="http://www.elsevier.com/xml/linking-roles/preprint" xlink:type="simple">hep-ph/0401012</ce:inter-ref></sb:e-host></sb:host></sb:reference></ce:bib-reference><ce:bib-reference id="BIB016"><ce:label>[16]</ce:label><sb:reference><sb:contribution langtype="en"><sb:authors><sb:author><ce:given-name>M.J.</ce:given-name><ce:surname>Duff</ce:surname></sb:author><sb:author><ce:given-name>C.N.</ce:given-name><ce:surname>Pope</ce:surname></sb:author><sb:author><ce:given-name>B.E.W.</ce:given-name><ce:surname>Nilsson</ce:surname></sb:author></sb:authors></sb:contribution><sb:host><sb:issue><sb:series><sb:title><sb:maintitle>Phys. Rep.</sb:maintitle></sb:title><sb:volume-nr>130</sb:volume-nr></sb:series><sb:date>1986</sb:date></sb:issue><sb:pages><sb:first-page>1</sb:first-page></sb:pages></sb:host></sb:reference></ce:bib-reference><ce:bib-reference id="BIB017"><ce:label>[17]</ce:label><sb:reference><sb:contribution langtype="en"><sb:authors><sb:author><ce:given-name>T.</ce:given-name><ce:surname>Biswas</ce:surname></sb:author></sb:authors></sb:contribution><sb:host><sb:issue><sb:series><sb:title><sb:maintitle>JHEP</sb:maintitle></sb:title><sb:volume-nr>0302</sb:volume-nr></sb:series><sb:date>2003</sb:date></sb:issue><sb:pages><sb:first-page>054</sb:first-page></sb:pages></sb:host></sb:reference><sb:reference><sb:contribution langtype="en"><sb:authors><sb:author><ce:given-name>T.</ce:given-name><ce:surname>Biswas</ce:surname></sb:author><sb:author><ce:given-name>P.</ce:given-name><ce:surname>Jaikumar</ce:surname></sb:author></sb:authors></sb:contribution><sb:host><sb:e-host><ce:inter-ref xlink:href="arxiv:hep-th/0310172" xlink:role="http://www.elsevier.com/xml/linking-roles/preprint" xlink:type="simple">hep-th/0310172</ce:inter-ref></sb:e-host></sb:host></sb:reference></ce:bib-reference><ce:bib-reference id="BIB018"><ce:label>[18]</ce:label><sb:reference><sb:contribution langtype="en"><sb:authors><sb:author><ce:given-name>T.D.</ce:given-name><ce:surname>Lee</ce:surname></sb:author></sb:authors></sb:contribution><sb:host><sb:issue><sb:series><sb:title><sb:maintitle>Phys. Rev. D</sb:maintitle></sb:title><sb:volume-nr>8</sb:volume-nr></sb:series><sb:date>1973</sb:date></sb:issue><sb:pages><sb:first-page>1226</sb:first-page></sb:pages></sb:host></sb:reference></ce:bib-reference><ce:bib-reference id="BIB019"><ce:label>[19]</ce:label><sb:reference><sb:contribution langtype="en"><sb:authors><sb:author><ce:given-name>J.M.</ce:given-name><ce:surname>Cornwall</ce:surname></sb:author><sb:author><ce:given-name>D.</ce:given-name><ce:surname>Grigoriev</ce:surname></sb:author><sb:author><ce:given-name>A.</ce:given-name><ce:surname>Kusenko</ce:surname></sb:author></sb:authors></sb:contribution><sb:host><sb:issue><sb:series><sb:title><sb:maintitle>Phys. Rev. D</sb:maintitle></sb:title><sb:volume-nr>64</sb:volume-nr></sb:series><sb:date>2001</sb:date></sb:issue><sb:pages><sb:first-page>123518</sb:first-page></sb:pages></sb:host></sb:reference><sb:reference><sb:contribution langtype="en"><sb:authors><sb:author><ce:given-name>J.M.</ce:given-name><ce:surname>Cornwall</ce:surname></sb:author><sb:author><ce:given-name>A.</ce:given-name><ce:surname>Kusenko</ce:surname></sb:author></sb:authors></sb:contribution><sb:host><sb:issue><sb:series><sb:title><sb:maintitle>Phys. Rev. D</sb:maintitle></sb:title><sb:volume-nr>61</sb:volume-nr></sb:series><sb:date>2000</sb:date></sb:issue><sb:pages><sb:first-page>103510</sb:first-page></sb:pages></sb:host></sb:reference></ce:bib-reference><ce:bib-reference id="BIB020"><ce:label>[20]</ce:label><ce:other-ref><ce:textref>K.R.S. Balaji, T. Biswas, R. Brandenberger, D. London, in preparation</ce:textref></ce:other-ref></ce:bib-reference><ce:bib-reference id="BIB021"><ce:label>[21]</ce:label><sb:reference><sb:contribution langtype="en"><sb:authors><sb:author><ce:given-name>A.H.</ce:given-name><ce:surname>Guth</ce:surname></sb:author></sb:authors></sb:contribution><sb:host><sb:issue><sb:series><sb:title><sb:maintitle>Phys. Rev. D</sb:maintitle></sb:title><sb:volume-nr>23</sb:volume-nr></sb:series><sb:date>1981</sb:date></sb:issue><sb:pages><sb:first-page>347</sb:first-page></sb:pages></sb:host></sb:reference></ce:bib-reference><ce:bib-reference id="BIB022"><ce:label>[22]</ce:label><sb:reference><sb:contribution langtype="en"><sb:authors><sb:author><ce:given-name>A.D.</ce:given-name><ce:surname>Linde</ce:surname></sb:author></sb:authors></sb:contribution><sb:host><sb:issue><sb:series><sb:title><sb:maintitle>Phys. Lett. B</sb:maintitle></sb:title><sb:volume-nr>116</sb:volume-nr></sb:series><sb:date>1982</sb:date></sb:issue><sb:pages><sb:first-page>335</sb:first-page></sb:pages></sb:host></sb:reference></ce:bib-reference><ce:bib-reference id="BIB023"><ce:label>[23]</ce:label><sb:reference><sb:contribution langtype="en"><sb:authors><sb:author><ce:given-name>A.</ce:given-name><ce:surname>Vilenkin</ce:surname></sb:author><sb:author><ce:given-name>L.H.</ce:given-name><ce:surname>Ford</ce:surname></sb:author></sb:authors></sb:contribution><sb:host><sb:issue><sb:series><sb:title><sb:maintitle>Phys. Rev. D</sb:maintitle></sb:title><sb:volume-nr>26</sb:volume-nr></sb:series><sb:date>1982</sb:date></sb:issue><sb:pages><sb:first-page>1231</sb:first-page></sb:pages></sb:host></sb:reference></ce:bib-reference><ce:bib-reference id="BIB024"><ce:label>[24]</ce:label><sb:reference><sb:contribution langtype="en"><sb:authors><sb:author><ce:given-name>L.F.</ce:given-name><ce:surname>Abbott</ce:surname></sb:author><sb:author><ce:given-name>E.</ce:given-name><ce:surname>Farhi</ce:surname></sb:author><sb:author><ce:given-name>M.B.</ce:given-name><ce:surname>Wise</ce:surname></sb:author></sb:authors></sb:contribution><sb:host><sb:issue><sb:series><sb:title><sb:maintitle>Phys. Lett. B</sb:maintitle></sb:title><sb:volume-nr>117</sb:volume-nr></sb:series><sb:date>1982</sb:date></sb:issue><sb:pages><sb:first-page>29</sb:first-page></sb:pages></sb:host></sb:reference></ce:bib-reference><ce:bib-reference id="BIB025"><ce:label>[25]</ce:label><sb:reference><sb:contribution langtype="en"><sb:authors><sb:author><ce:given-name>J.H.</ce:given-name><ce:surname>Traschen</ce:surname></sb:author><sb:author><ce:given-name>R.H.</ce:given-name><ce:surname>Brandenberger</ce:surname></sb:author></sb:authors></sb:contribution><sb:host><sb:issue><sb:series><sb:title><sb:maintitle>Phys. Rev. D</sb:maintitle></sb:title><sb:volume-nr>42</sb:volume-nr></sb:series><sb:date>1990</sb:date></sb:issue><sb:pages><sb:first-page>2491</sb:first-page></sb:pages></sb:host></sb:reference></ce:bib-reference><ce:bib-reference id="BIB026"><ce:label>[26]</ce:label><sb:reference><sb:contribution langtype="en"><sb:authors><sb:author><ce:given-name>L.</ce:given-name><ce:surname>Kofman</ce:surname></sb:author><sb:author><ce:given-name>A.D.</ce:given-name><ce:surname>Linde</ce:surname></sb:author><sb:author><ce:given-name>A.A.</ce:given-name><ce:surname>Starobinsky</ce:surname></sb:author></sb:authors></sb:contribution><sb:host><sb:issue><sb:series><sb:title><sb:maintitle>Phys. Rev. Lett.</sb:maintitle></sb:title><sb:volume-nr>73</sb:volume-nr></sb:series><sb:date>1994</sb:date></sb:issue><sb:pages><sb:first-page>3195</sb:first-page></sb:pages></sb:host></sb:reference></ce:bib-reference><ce:bib-reference id="BIB027"><ce:label>[27]</ce:label><sb:reference><sb:contribution langtype="en"><sb:authors><sb:author><ce:given-name>M.</ce:given-name><ce:surname>Fukugita</ce:surname></sb:author><sb:author><ce:given-name>T.</ce:given-name><ce:surname>Yanagida</ce:surname></sb:author></sb:authors></sb:contribution><sb:host><sb:issue><sb:series><sb:title><sb:maintitle>Phys. Lett. B</sb:maintitle></sb:title><sb:volume-nr>174</sb:volume-nr></sb:series><sb:date>1986</sb:date></sb:issue><sb:pages><sb:first-page>45</sb:first-page></sb:pages></sb:host></sb:reference></ce:bib-reference><ce:bib-reference id="BIB028"><ce:label>[28]</ce:label><ce:other-ref><ce:textref>W. Buchmuller, Prepared for ICTP Summer School on Astroparticle Physics and Cosmology, Trieste, Italy, 17 June–5 July 2002</ce:textref></ce:other-ref></ce:bib-reference><ce:bib-reference id="BIB029"><ce:label>[29]</ce:label><sb:reference><sb:contribution langtype="en"><sb:authors><sb:author><ce:given-name>K.</ce:given-name><ce:surname>Dick</ce:surname></sb:author><sb:author><ce:given-name>M.</ce:given-name><ce:surname>Lindner</ce:surname></sb:author><sb:author><ce:given-name>M.</ce:given-name><ce:surname>Ratz</ce:surname></sb:author><sb:author><ce:given-name>D.</ce:given-name><ce:surname>Wright</ce:surname></sb:author></sb:authors></sb:contribution><sb:host><sb:issue><sb:series><sb:title><sb:maintitle>Phys. Rev. Lett.</sb:maintitle></sb:title><sb:volume-nr>84</sb:volume-nr></sb:series><sb:date>2000</sb:date></sb:issue><sb:pages><sb:first-page>4039</sb:first-page></sb:pages></sb:host></sb:reference></ce:bib-reference><ce:bib-reference id="BIB030"><ce:label>[30]</ce:label><sb:reference><sb:contribution langtype="en"><sb:authors><sb:author><ce:given-name>G.L.</ce:given-name><ce:surname>Alberghi</ce:surname></sb:author><sb:author><ce:given-name>R.</ce:given-name><ce:surname>Casadio</ce:surname></sb:author><sb:author><ce:given-name>A.</ce:given-name><ce:surname>Tronconi</ce:surname></sb:author></sb:authors></sb:contribution><sb:host><sb:e-host><ce:inter-ref xlink:href="arxiv:hep-ph/0310052" xlink:role="http://www.elsevier.com/xml/linking-roles/preprint" xlink:type="simple">hep-ph/0310052</ce:inter-ref></sb:e-host></sb:host></sb:reference></ce:bib-reference></ce:bibliography-sec></ce:bibliography></tail></converted-article></xocs:serial-item></xocs:doc></originalText></full-text-retrieval-response>