<full-text-retrieval-response xmlns="http://www.elsevier.com/xml/svapi/article/dtd" xmlns:xsi="http://www.w3.org/2001/XMLSchema-instance" xmlns:prism="http://prismstandard.org/namespaces/basic/2.0/" xmlns:dcterms="http://purl.org/dc/terms/" xmlns:dc="http://purl.org/dc/elements/1.1/" xmlns:xocs="http://www.elsevier.com/xml/xocs/dtd" xmlns:xlink="http://www.w3.org/1999/xlink" xmlns:tb="http://www.elsevier.com/xml/common/table/dtd" xmlns:sb="http://www.elsevier.com/xml/common/struct-bib/dtd" xmlns:sa="http://www.elsevier.com/xml/common/struct-aff/dtd" xmlns:mml="http://www.w3.org/1998/Math/MathML" xmlns:ja="http://www.elsevier.com/xml/ja/dtd" xmlns:ce="http://www.elsevier.com/xml/common/dtd" xmlns:cals="http://www.elsevier.com/xml/common/cals/dtd" xmlns:bk="http://www.elsevier.com/xml/bk/dtd"><coredata><prism:url>http://api.elsevier.com/content/article/pii/S0370269304007439</prism:url><dc:identifier>doi:10.1016/j.physletb.2004.05.010</dc:identifier><eid>1-s2.0-S0370269304007439</eid><prism:doi>10.1016/j.physletb.2004.05.010</prism:doi><pii>S0370-2693(04)00743-9</pii><dc:title>Production of Θ+(1540) and Ξ pentaquark states in proton–proton interactions </dc:title><prism:publicationName>Physics Letters B</prism:publicationName><prism:aggregationType>Journal</prism:aggregationType><prism:issn>03702693</prism:issn><prism:volume>595</prism:volume><prism:issueIdentifier>1-4</prism:issueIdentifier><prism:startingPage>288</prism:startingPage><prism:endingPage>292</prism:endingPage><prism:pageRange>288-292</prism:pageRange><prism:number>1-4</prism:number><dc:format>text/xml</dc:format><prism:coverDate>2004-08-12</prism:coverDate><prism:coverDisplayDate>12 August 2004</prism:coverDisplayDate><prism:copyright>Copyright © 2004 Elsevier B.V.</prism:copyright><prism:publisher>Elsevier B.V.</prism:publisher><dc:creator>Bleicher, M.</dc:creator><dc:creator>Liu, F.M.</dc:creator><dc:creator>Aichelin, J.</dc:creator><dc:creator>Pierog, T.</dc:creator><dc:creator>Werner, K.</dc:creator><dc:description>AbstractThe production of strange pentaquark states (e.g., Theta baryons and Ξ−− states) in hadronic interactions within a Gribov–Regge approach is explored. In this approach the Θ+(1540) and the Ξ are produced by disintegration of remnants formed by the exchange of pomerons between the two protons. We predict the rapidity and transverse momentum distributions as well as the 4π multiplicity of the Θ+, Ξ−−, Ξ−, Ξ0 and Ξ+ for s=17 GeV (SPS) and 200 GeV (RHIC). For both energies more than 10−3 Θ+ and more than 10−5 Ξ per pp event should be observed by the present experiments.</dc:description><openaccess>1</openaccess><openaccessArticle>true</openaccessArticle><openaccessType>Full</openaccessType><openArchiveArticle>false</openArchiveArticle><openaccessSponsorName>SCOAP3 - Sponsoring Consortium for Open Access Publishing in Particle Physics</openaccessSponsorName><openaccessSponsorType>FundingBody</openaccessSponsorType><openaccessUserLicense>http://creativecommons.org/licenses/by/3.0/</openaccessUserLicense><link rel="self" href="http://api.elsevier.com/content/article/pii/S0370269304007439"/><link rel="scidir" href="http://www.sciencedirect.com/science/article/pii/S0370269304007439"/></coredata><objects><object ref="si9" category="thumbnail" type="ALTIMG" multimediatype="GIF image file" mimetype="image/gif" width="31" height="18" size="241">http://api.elsevier.com/content/object/eid/1-s2.0-S0370269304007439-si9.gif?httpAccept=%2A%2F%2A</object><object ref="si8" category="thumbnail" type="ALTIMG" multimediatype="GIF image file" mimetype="image/gif" width="20" height="15" size="183">http://api.elsevier.com/content/object/eid/1-s2.0-S0370269304007439-si8.gif?httpAccept=%2A%2F%2A</object><object ref="si7" category="thumbnail" type="ALTIMG" multimediatype="GIF image file" mimetype="image/gif" width="20" height="15" size="183">http://api.elsevier.com/content/object/eid/1-s2.0-S0370269304007439-si7.gif?httpAccept=%2A%2F%2A</object><object ref="si6" category="thumbnail" type="ALTIMG" multimediatype="GIF image file" mimetype="image/gif" width="13" height="12" size="148">http://api.elsevier.com/content/object/eid/1-s2.0-S0370269304007439-si6.gif?httpAccept=%2A%2F%2A</object><object ref="si5" category="thumbnail" type="ALTIMG" multimediatype="GIF image file" mimetype="image/gif" width="14" height="15" size="164">http://api.elsevier.com/content/object/eid/1-s2.0-S0370269304007439-si5.gif?httpAccept=%2A%2F%2A</object><object ref="si4" category="thumbnail" type="ALTIMG" multimediatype="GIF image file" mimetype="image/gif" width="60" height="17" size="310">http://api.elsevier.com/content/object/eid/1-s2.0-S0370269304007439-si4.gif?httpAccept=%2A%2F%2A</object><object ref="si3" category="thumbnail" type="ALTIMG" multimediatype="GIF image file" mimetype="image/gif" width="69" height="17" size="391">http://api.elsevier.com/content/object/eid/1-s2.0-S0370269304007439-si3.gif?httpAccept=%2A%2F%2A</object><object ref="si2" category="thumbnail" type="ALTIMG" multimediatype="GIF image file" mimetype="image/gif" width="69" height="17" size="391">http://api.elsevier.com/content/object/eid/1-s2.0-S0370269304007439-si2.gif?httpAccept=%2A%2F%2A</object><object ref="si13" category="thumbnail" type="ALTIMG" multimediatype="GIF image file" mimetype="image/gif" width="69" height="17" size="391">http://api.elsevier.com/content/object/eid/1-s2.0-S0370269304007439-si13.gif?httpAccept=%2A%2F%2A</object><object ref="si12" category="thumbnail" type="ALTIMG" multimediatype="GIF image file" mimetype="image/gif" width="69" height="17" size="391">http://api.elsevier.com/content/object/eid/1-s2.0-S0370269304007439-si12.gif?httpAccept=%2A%2F%2A</object><object ref="si11" category="thumbnail" type="ALTIMG" multimediatype="GIF image file" mimetype="image/gif" width="14" height="15" size="149">http://api.elsevier.com/content/object/eid/1-s2.0-S0370269304007439-si11.gif?httpAccept=%2A%2F%2A</object><object ref="si10" category="thumbnail" type="ALTIMG" multimediatype="GIF image file" mimetype="image/gif" width="47" height="16" size="248">http://api.elsevier.com/content/object/eid/1-s2.0-S0370269304007439-si10.gif?httpAccept=%2A%2F%2A</object><object ref="si1" category="thumbnail" type="ALTIMG" multimediatype="GIF image file" mimetype="image/gif" width="69" height="17" size="391">http://api.elsevier.com/content/object/eid/1-s2.0-S0370269304007439-si1.gif?httpAccept=%2A%2F%2A</object><object ref="gr001" category="high" type="IMAGE-HIGH-RES" multimediatype="JPEG image file" mimetype="image/jpeg" width="474" height="269" size="27479">http://api.elsevier.com/content/object/eid/1-s2.0-S0370269304007439-gr001_lrg.jpg?httpAccept=%2A%2F%2A</object><object ref="gr005" category="high" type="IMAGE-HIGH-RES" multimediatype="GIF image file" mimetype="image/gif" width="3000" height="2852" size="53384">http://api.elsevier.com/content/object/eid/1-s2.0-S0370269304007439-gr005_lrg.gif?httpAccept=%2A%2F%2A</object><object ref="gr004" category="high" type="IMAGE-HIGH-RES" multimediatype="GIF image file" mimetype="image/gif" width="3032" height="2722" size="55524">http://api.elsevier.com/content/object/eid/1-s2.0-S0370269304007439-gr004_lrg.gif?httpAccept=%2A%2F%2A</object><object ref="gr003" category="high" type="IMAGE-HIGH-RES" multimediatype="GIF image file" mimetype="image/gif" width="3000" height="2852" size="52175">http://api.elsevier.com/content/object/eid/1-s2.0-S0370269304007439-gr003_lrg.gif?httpAccept=%2A%2F%2A</object><object ref="gr002" category="high" type="IMAGE-HIGH-RES" multimediatype="GIF image file" mimetype="image/gif" width="2993" height="2687" size="51853">http://api.elsevier.com/content/object/eid/1-s2.0-S0370269304007439-gr002_lrg.gif?httpAccept=%2A%2F%2A</object><object ref="gr001" category="standard" type="IMAGE-DOWNSAMPLED" multimediatype="JPEG image file" mimetype="image/jpeg" width="178" height="101" size="8293">http://api.elsevier.com/content/object/eid/1-s2.0-S0370269304007439-gr001.jpg?httpAccept=%2A%2F%2A</object><object ref="gr005" category="standard" type="IMAGE-DOWNSAMPLED" multimediatype="GIF image file" mimetype="image/gif" width="339" height="322" size="5995">http://api.elsevier.com/content/object/eid/1-s2.0-S0370269304007439-gr005.gif?httpAccept=%2A%2F%2A</object><object ref="gr004" category="standard" type="IMAGE-DOWNSAMPLED" multimediatype="GIF image file" mimetype="image/gif" width="342" height="307" size="6229">http://api.elsevier.com/content/object/eid/1-s2.0-S0370269304007439-gr004.gif?httpAccept=%2A%2F%2A</object><object ref="gr003" category="standard" type="IMAGE-DOWNSAMPLED" multimediatype="GIF image file" mimetype="image/gif" width="339" height="322" size="5851">http://api.elsevier.com/content/object/eid/1-s2.0-S0370269304007439-gr003.gif?httpAccept=%2A%2F%2A</object><object ref="gr002" category="standard" type="IMAGE-DOWNSAMPLED" multimediatype="GIF image file" mimetype="image/gif" width="338" height="303" size="5575">http://api.elsevier.com/content/object/eid/1-s2.0-S0370269304007439-gr002.gif?httpAccept=%2A%2F%2A</object><object ref="gr005" category="thumbnail" type="IMAGE-THUMBNAIL" multimediatype="GIF image file" mimetype="image/gif" width="172" height="164" size="2526">http://api.elsevier.com/content/object/eid/1-s2.0-S0370269304007439-gr005.sml?httpAccept=%2A%2F%2A</object><object ref="gr004" category="thumbnail" type="IMAGE-THUMBNAIL" multimediatype="GIF image file" mimetype="image/gif" width="182" height="163" size="2837">http://api.elsevier.com/content/object/eid/1-s2.0-S0370269304007439-gr004.sml?httpAccept=%2A%2F%2A</object><object ref="gr003" category="thumbnail" type="IMAGE-THUMBNAIL" multimediatype="GIF image file" mimetype="image/gif" width="172" height="164" size="2491">http://api.elsevier.com/content/object/eid/1-s2.0-S0370269304007439-gr003.sml?httpAccept=%2A%2F%2A</object><object ref="gr002" category="thumbnail" type="IMAGE-THUMBNAIL" multimediatype="GIF image file" mimetype="image/gif" width="182" height="163" size="2550">http://api.elsevier.com/content/object/eid/1-s2.0-S0370269304007439-gr002.sml?httpAccept=%2A%2F%2A</object><object ref="gr001" category="thumbnail" type="IMAGE-THUMBNAIL" multimediatype="GIF image file" mimetype="image/gif" width="219" height="124" size="4895">http://api.elsevier.com/content/object/eid/1-s2.0-S0370269304007439-gr001.sml?httpAccept=%2A%2F%2A</object></objects><scopus-id>3843122996</scopus-id><scopus-eid>2-s2.0-3843122996</scopus-eid><link rel="abstract" href="http://api.elsevier.com/content/abstract/scopus_id/3843122996"/><originalText><xocs:doc xmlns:xoe="http://www.elsevier.com/xml/xoe/dtd" xsi:schemaLocation="http://www.elsevier.com/xml/xocs/dtd http://be-prod3a/schema/dtds/document/fulltext/xcr/xocs-article.xsd"><xocs:meta><xocs:content-family>serial</xocs:content-family><xocs:content-type>JL</xocs:content-type><xocs:cid>271623</xocs:cid><xocs:ssids><xocs:ssid type="alllist">291210</xocs:ssid><xocs:ssid type="subj">291829</xocs:ssid><xocs:ssid type="content">31</xocs:ssid><xocs:ssid type="oa">90</xocs:ssid></xocs:ssids><xocs:srctitle>Physics Letters B</xocs:srctitle><xocs:normalized-srctitle>PHYSICSLETTERSB</xocs:normalized-srctitle><xocs:orig-load-date yyyymmdd="20040715">2004-07-15</xocs:orig-load-date><xocs:available-online-date yyyymmdd="20040715">2004-07-15</xocs:available-online-date><xocs:ew-transaction-id>2014-10-22T08:09:00</xocs:ew-transaction-id><xocs:eid>1-s2.0-S0370269304007439</xocs:eid><xocs:pii-formatted>S0370-2693(04)00743-9</xocs:pii-formatted><xocs:pii-unformatted>S0370269304007439</xocs:pii-unformatted><xocs:doi>10.1016/j.physletb.2004.05.010</xocs:doi><xocs:item-stage>S300</xocs:item-stage><xocs:item-version-number>S300.3</xocs:item-version-number><xocs:item-weight>FULL-TEXT</xocs:item-weight><xocs:hub-eid>1-s2.0-S0370269300X16267</xocs:hub-eid><xocs:timestamp yyyymmdd="20150514">2015-05-14T07:34:07.351008-04:00</xocs:timestamp><xocs:dco>0</xocs:dco><xocs:tomb>0</xocs:tomb><xocs:date-search-begin>20040812</xocs:date-search-begin><xocs:year-nav>2004</xocs:year-nav><xocs:indexeddate epoch="1089849600">2004-07-15T00:00:00Z</xocs:indexeddate><xocs:articleinfo>absattachment articleinfo articletitlenorm authfirstinitialnorm authfirstsurnamenorm cid cids contenttype copyright crossmark dateloaded dateloadedtxt datesearch datesort dateupdated dco docsubtype doctype doi eid ewtransactionid hubeid indexeddate issfirst issn issnnorm issuelist itemstage itemtransactionid itemweight oauserlicense openaccess openarchive pg pgfirst pglast pii piinorm pubdatestart pubdatetxt pubyr sortorder srctitle srctitlenorm srctype ssids alllist content oa subj subheadings tomb volfirst volissue volumelist webpdf webpdfpagecount yearnav figure table body acknowledge affil articletitle auth authfirstini authfull authlast doctopic footnotes misctext primabst ref</xocs:articleinfo><xocs:issns><xocs:issn-primary-formatted>0370-2693</xocs:issn-primary-formatted><xocs:issn-primary-unformatted>03702693</xocs:issn-primary-unformatted></xocs:issns><xocs:crossmark is-crossmark="0">false</xocs:crossmark><xocs:vol-first>595</xocs:vol-first><xocs:volume-list><xocs:volume>595</xocs:volume></xocs:volume-list><xocs:iss-first>1</xocs:iss-first><xocs:iss-last>4</xocs:iss-last><xocs:issue-list><xocs:issue>1</xocs:issue><xocs:issue>2</xocs:issue><xocs:issue>3</xocs:issue><xocs:issue>4</xocs:issue></xocs:issue-list><xocs:vol-iss-suppl-text>Volume 595, Issues 1–4</xocs:vol-iss-suppl-text><xocs:sort-order>41</xocs:sort-order><xocs:first-fp>288</xocs:first-fp><xocs:last-lp>292</xocs:last-lp><xocs:pages><xocs:first-page>288</xocs:first-page><xocs:last-page>292</xocs:last-page></xocs:pages><xocs:cover-date-orig><xocs:start-date>20040812</xocs:start-date></xocs:cover-date-orig><xocs:cover-date-text>12 August 2004</xocs:cover-date-text><xocs:cover-date-start>2004-08-12</xocs:cover-date-start><xocs:cover-date-year>2004</xocs:cover-date-year><xocs:document-type>converted-article</xocs:document-type><xocs:document-subtype>sco</xocs:document-subtype><xocs:copyright-line>Copyright © 2004 Elsevier B.V.</xocs:copyright-line><xocs:normalized-article-title>PRODUCTION1540PENTAQUARKSTATESINPROTONPROTONINTERACTIONS</xocs:normalized-article-title><xocs:normalized-first-auth-surname>BLEICHER</xocs:normalized-first-auth-surname><xocs:normalized-first-auth-initial>M</xocs:normalized-first-auth-initial><xocs:item-toc><xocs:item-toc-entry ref-elem="ce:acknowledgment"><xocs:item-toc-section-title>Acknowledgements</xocs:item-toc-section-title></xocs:item-toc-entry><xocs:item-toc-entry ref-elem="ce:bibliography"><xocs:item-toc-section-title>References</xocs:item-toc-section-title></xocs:item-toc-entry></xocs:item-toc><xocs:references><xocs:ref-info refid="BIB001"><xocs:ref-normalized-surname>NAKANO</xocs:ref-normalized-surname><xocs:ref-pub-year>2003</xocs:ref-pub-year><xocs:ref-first-fp>012002</xocs:ref-first-fp><xocs:ref-normalized-initial>T</xocs:ref-normalized-initial></xocs:ref-info><xocs:ref-info refid="BIB002"><xocs:ref-normalized-surname>STEPANYAN</xocs:ref-normalized-surname><xocs:ref-normalized-initial>S</xocs:ref-normalized-initial></xocs:ref-info><xocs:ref-info refid="BIB003"><xocs:ref-normalized-surname>BARMIN</xocs:ref-normalized-surname><xocs:ref-normalized-initial>V</xocs:ref-normalized-initial></xocs:ref-info><xocs:ref-info refid="BIB004"><xocs:ref-normalized-surname>DIAKONOV</xocs:ref-normalized-surname><xocs:ref-pub-year>1997</xocs:ref-pub-year><xocs:ref-first-fp>305</xocs:ref-first-fp><xocs:ref-normalized-initial>D</xocs:ref-normalized-initial></xocs:ref-info><xocs:ref-info refid="BIB005"><xocs:ref-normalized-surname>DIAKONOV</xocs:ref-normalized-surname><xocs:ref-normalized-initial>D</xocs:ref-normalized-initial></xocs:ref-info><xocs:ref-info refid="BIB006"><xocs:ref-normalized-surname>DIAKONOV</xocs:ref-normalized-surname><xocs:ref-normalized-initial>D</xocs:ref-normalized-initial></xocs:ref-info><xocs:ref-info refid="BIB007"><xocs:ref-normalized-surname>PRASZALOWICZ</xocs:ref-normalized-surname><xocs:ref-pub-year>2003</xocs:ref-pub-year><xocs:ref-first-fp>234</xocs:ref-first-fp><xocs:ref-normalized-initial>M</xocs:ref-normalized-initial></xocs:ref-info><xocs:ref-info refid="BIB008"><xocs:ref-normalized-surname>ITZHAKI</xocs:ref-normalized-surname><xocs:ref-normalized-initial>N</xocs:ref-normalized-initial></xocs:ref-info><xocs:ref-info refid="BIB009"><xocs:ref-normalized-surname>BORISYUK</xocs:ref-normalized-surname><xocs:ref-normalized-initial>D</xocs:ref-normalized-initial></xocs:ref-info><xocs:ref-info refid="BIB010"><xocs:ref-normalized-surname>JAFFE</xocs:ref-normalized-surname><xocs:ref-pub-year>2003</xocs:ref-pub-year><xocs:ref-first-fp>232003</xocs:ref-first-fp><xocs:ref-normalized-initial>R</xocs:ref-normalized-initial></xocs:ref-info><xocs:ref-info refid="BIB011"><xocs:ref-normalized-surname>STANCU</xocs:ref-normalized-surname><xocs:ref-pub-year>2003</xocs:ref-pub-year><xocs:ref-first-fp>242</xocs:ref-first-fp><xocs:ref-normalized-initial>F</xocs:ref-normalized-initial></xocs:ref-info><xocs:ref-info refid="BIB012"><xocs:ref-normalized-surname>CSIKOR</xocs:ref-normalized-surname><xocs:ref-normalized-initial>F</xocs:ref-normalized-initial></xocs:ref-info><xocs:ref-info refid="BIB013"><xocs:ref-normalized-surname>SUGIYAMA</xocs:ref-normalized-surname><xocs:ref-normalized-initial>J</xocs:ref-normalized-initial></xocs:ref-info><xocs:ref-info refid="BIB014"><xocs:ref-normalized-surname>SASAKI</xocs:ref-normalized-surname><xocs:ref-normalized-initial>S</xocs:ref-normalized-initial></xocs:ref-info><xocs:ref-info refid="BIB015"><xocs:ref-normalized-surname>RANDRUP</xocs:ref-normalized-surname><xocs:ref-pub-year>2003</xocs:ref-pub-year><xocs:ref-first-fp>031903</xocs:ref-first-fp><xocs:ref-normalized-initial>J</xocs:ref-normalized-initial></xocs:ref-info><xocs:ref-info refid="BIB016"><xocs:ref-normalized-surname>LIU</xocs:ref-normalized-surname><xocs:ref-normalized-initial>W</xocs:ref-normalized-initial></xocs:ref-info><xocs:ref-info refid="BIB017"><xocs:ref-normalized-surname>LETESSIER</xocs:ref-normalized-surname><xocs:ref-normalized-initial>J</xocs:ref-normalized-initial></xocs:ref-info><xocs:ref-info refid="BIB018"><xocs:ref-normalized-surname>BLEICHER</xocs:ref-normalized-surname><xocs:ref-pub-year>2002</xocs:ref-pub-year><xocs:ref-first-fp>202501</xocs:ref-first-fp><xocs:ref-normalized-initial>M</xocs:ref-normalized-initial></xocs:ref-info><xocs:ref-info refid="BIB019"><xocs:ref-normalized-surname>JAFFE</xocs:ref-normalized-surname><xocs:ref-pub-year>1977</xocs:ref-pub-year><xocs:ref-first-fp>195</xocs:ref-first-fp><xocs:ref-normalized-initial>R</xocs:ref-normalized-initial></xocs:ref-info><xocs:ref-info refid="BIB020"><xocs:ref-normalized-surname>AHN</xocs:ref-normalized-surname><xocs:ref-pub-year>2001</xocs:ref-pub-year><xocs:ref-first-fp>132504</xocs:ref-first-fp><xocs:ref-normalized-initial>J</xocs:ref-normalized-initial></xocs:ref-info><xocs:ref-info refid="BIB021"><xocs:ref-normalized-surname>TAKAHASHI</xocs:ref-normalized-surname><xocs:ref-pub-year>2001</xocs:ref-pub-year><xocs:ref-first-fp>212502</xocs:ref-first-fp><xocs:ref-normalized-initial>H</xocs:ref-normalized-initial></xocs:ref-info><xocs:ref-info refid="BIB022"><xocs:ref-normalized-surname>DRESCHER</xocs:ref-normalized-surname><xocs:ref-pub-year>2001</xocs:ref-pub-year><xocs:ref-first-fp>93</xocs:ref-first-fp><xocs:ref-normalized-initial>H</xocs:ref-normalized-initial></xocs:ref-info><xocs:ref-info refid="BIB023"><xocs:ref-normalized-surname>LIU</xocs:ref-normalized-surname><xocs:ref-pub-year>2003</xocs:ref-pub-year><xocs:ref-first-fp>034011</xocs:ref-first-fp><xocs:ref-normalized-initial>F</xocs:ref-normalized-initial></xocs:ref-info><xocs:ref-info refid="BIB024"><xocs:ref-normalized-surname>WERNER</xocs:ref-normalized-surname><xocs:ref-pub-year>2004</xocs:ref-pub-year><xocs:ref-first-fp>s211</xocs:ref-first-fp><xocs:ref-normalized-initial>K</xocs:ref-normalized-initial></xocs:ref-info><xocs:ref-info refid="BIB024"><xocs:ref-normalized-surname>LIU</xocs:ref-normalized-surname><xocs:ref-normalized-initial>F</xocs:ref-normalized-initial></xocs:ref-info><xocs:ref-info refid="BIB025"><xocs:ref-normalized-surname>WERNER</xocs:ref-normalized-surname><xocs:ref-pub-year>1995</xocs:ref-pub-year><xocs:ref-first-fp>1584</xocs:ref-first-fp><xocs:ref-normalized-initial>K</xocs:ref-normalized-initial></xocs:ref-info><xocs:ref-info refid="BIB026"><xocs:ref-normalized-surname>BLEICHER</xocs:ref-normalized-surname><xocs:ref-pub-year>2004</xocs:ref-pub-year><xocs:ref-first-fp>072301</xocs:ref-first-fp><xocs:ref-normalized-initial>M</xocs:ref-normalized-initial></xocs:ref-info></xocs:references><xocs:refkeys><xocs:refkey3>BLEICHERX2004X288</xocs:refkey3><xocs:refkey4lp>BLEICHERX2004X288X292</xocs:refkey4lp><xocs:refkey4ai>BLEICHERX2004X288XM</xocs:refkey4ai><xocs:refkey5>BLEICHERX2004X288X292XM</xocs:refkey5></xocs:refkeys><xocs:open-access><xocs:oa-article-status is-open-access="1" is-open-archive="0">Full</xocs:oa-article-status><xocs:oa-access-effective-date>2014-01-01T00:14:32Z</xocs:oa-access-effective-date><xocs:oa-sponsor><xocs:oa-sponsor-type>FundingBody</xocs:oa-sponsor-type><xocs:oa-sponsor-name>SCOAP3 - Sponsoring Consortium for Open Access Publishing in Particle Physics</xocs:oa-sponsor-name></xocs:oa-sponsor><xocs:oa-user-license>http://creativecommons.org/licenses/by/3.0/</xocs:oa-user-license><xocs:oa-access-inherited-from winid="http://vtw.elsevier.com/content/oaw/SCOAP320142016">OA-Window</xocs:oa-access-inherited-from></xocs:open-access><xocs:attachment-metadata-doc><xocs:attachment-set-type>item</xocs:attachment-set-type><xocs:pii-formatted>S0370-2693(04)00743-9</xocs:pii-formatted><xocs:pii-unformatted>S0370269304007439</xocs:pii-unformatted><xocs:eid>1-s2.0-S0370269304007439</xocs:eid><xocs:doi>10.1016/j.physletb.2004.05.010</xocs:doi><xocs:cid>271623</xocs:cid><xocs:timestamp>2014-10-22T04:39:59.979802-04:00</xocs:timestamp><xocs:cover-date-start>2004-08-12</xocs:cover-date-start><xocs:attachments><xocs:web-pdf><xocs:attachment-eid>1-s2.0-S0370269304007439-main.pdf</xocs:attachment-eid><xocs:ucs-locator>https://s3.amazonaws.com/prod-ucs-content-store-us-east/content/pii:S0370269304007439/MAIN/application/pdf/6c885519228b75022e4fbaa899b8919e/main.pdf</xocs:ucs-locator><xocs:ucs-locator>https://s3-eu-west-1.amazonaws.com/prod-ucs-content-store-eu-west/content/pii:S0370269304007439/MAIN/application/pdf/6c885519228b75022e4fbaa899b8919e/main.pdf</xocs:ucs-locator><xocs:filename>main.pdf</xocs:filename><xocs:extension>pdf</xocs:extension><xocs:pdf-optimized>true</xocs:pdf-optimized><xocs:filesize>247813</xocs:filesize><xocs:web-pdf-purpose>MAIN</xocs:web-pdf-purpose><xocs:web-pdf-page-count>5</xocs:web-pdf-page-count><xocs:web-pdf-images><xocs:web-pdf-image><xocs:attachment-eid>1-s2.0-S0370269304007439-main_1.png</xocs:attachment-eid><xocs:ucs-locator>https://s3-eu-west-1.amazonaws.com/prod-ucs-content-store-eu-west/content/pii:S0370269304007439/PREVIEW/image/png/20895f6959932414970698e7726c4aba/main_1.png</xocs:ucs-locator><xocs:ucs-locator>https://s3.amazonaws.com/prod-ucs-content-store-us-east/content/pii:S0370269304007439/PREVIEW/image/png/20895f6959932414970698e7726c4aba/main_1.png</xocs:ucs-locator><xocs:filename>main_1.png</xocs:filename><xocs:extension>png</xocs:extension><xocs:filesize>57107</xocs:filesize><xocs:pixel-height>849</xocs:pixel-height><xocs:pixel-width>656</xocs:pixel-width><xocs:attachment-type>IMAGE-WEB-PDF</xocs:attachment-type><xocs:pdf-page-num>1</xocs:pdf-page-num></xocs:web-pdf-image></xocs:web-pdf-images></xocs:web-pdf><xocs:attachment><xocs:attachment-eid>1-s2.0-S0370269304007439-si9.gif</xocs:attachment-eid><xocs:ucs-locator>https://s3.amazonaws.com/prod-ucs-content-store-us-east/content/pii:S0370269304007439/STRIPIN/image/gif/18bab6514c4976110b73b8b1f0507252/si9.gif</xocs:ucs-locator><xocs:ucs-locator>https://s3-eu-west-1.amazonaws.com/prod-ucs-content-store-eu-west/content/pii:S0370269304007439/STRIPIN/image/gif/18bab6514c4976110b73b8b1f0507252/si9.gif</xocs:ucs-locator><xocs:file-basename>si9</xocs:file-basename><xocs:filename>si9.gif</xocs:filename><xocs:extension>gif</xocs:extension><xocs:filesize>241</xocs:filesize><xocs:pixel-height>18</xocs:pixel-height><xocs:pixel-width>31</xocs:pixel-width><xocs:attachment-type>ALTIMG</xocs:attachment-type></xocs:attachment><xocs:attachment><xocs:attachment-eid>1-s2.0-S0370269304007439-si8.gif</xocs:attachment-eid><xocs:ucs-locator>https://s3.amazonaws.com/prod-ucs-content-store-us-east/content/pii:S0370269304007439/STRIPIN/image/gif/89f7b5de2e994bfa8ca846c3bd9a3cad/si7.gif</xocs:ucs-locator><xocs:ucs-locator>https://s3-eu-west-1.amazonaws.com/prod-ucs-content-store-eu-west/content/pii:S0370269304007439/STRIPIN/image/gif/89f7b5de2e994bfa8ca846c3bd9a3cad/si7.gif</xocs:ucs-locator><xocs:file-basename>si8</xocs:file-basename><xocs:filename>si8.gif</xocs:filename><xocs:extension>gif</xocs:extension><xocs:filesize>183</xocs:filesize><xocs:pixel-height>15</xocs:pixel-height><xocs:pixel-width>20</xocs:pixel-width><xocs:attachment-type>ALTIMG</xocs:attachment-type></xocs:attachment><xocs:attachment><xocs:attachment-eid>1-s2.0-S0370269304007439-si7.gif</xocs:attachment-eid><xocs:ucs-locator>https://s3.amazonaws.com/prod-ucs-content-store-us-east/content/pii:S0370269304007439/STRIPIN/image/gif/89f7b5de2e994bfa8ca846c3bd9a3cad/si7.gif</xocs:ucs-locator><xocs:ucs-locator>https://s3-eu-west-1.amazonaws.com/prod-ucs-content-store-eu-west/content/pii:S0370269304007439/STRIPIN/image/gif/89f7b5de2e994bfa8ca846c3bd9a3cad/si7.gif</xocs:ucs-locator><xocs:file-basename>si7</xocs:file-basename><xocs:filename>si7.gif</xocs:filename><xocs:extension>gif</xocs:extension><xocs:filesize>183</xocs:filesize><xocs:pixel-height>15</xocs:pixel-height><xocs:pixel-width>20</xocs:pixel-width><xocs:attachment-type>ALTIMG</xocs:attachment-type></xocs:attachment><xocs:attachment><xocs:attachment-eid>1-s2.0-S0370269304007439-si6.gif</xocs:attachment-eid><xocs:ucs-locator>https://s3.amazonaws.com/prod-ucs-content-store-us-east/content/pii:S0370269304007439/STRIPIN/image/gif/e1261dcdcca368ac12b8db1b7fd55c1a/si6.gif</xocs:ucs-locator><xocs:ucs-locator>https://s3-eu-west-1.amazonaws.com/prod-ucs-content-store-eu-west/content/pii:S0370269304007439/STRIPIN/image/gif/e1261dcdcca368ac12b8db1b7fd55c1a/si6.gif</xocs:ucs-locator><xocs:file-basename>si6</xocs:file-basename><xocs:filename>si6.gif</xocs:filename><xocs:extension>gif</xocs:extension><xocs:filesize>148</xocs:filesize><xocs:pixel-height>12</xocs:pixel-height><xocs:pixel-width>13</xocs:pixel-width><xocs:attachment-type>ALTIMG</xocs:attachment-type></xocs:attachment><xocs:attachment><xocs:attachment-eid>1-s2.0-S0370269304007439-si5.gif</xocs:attachment-eid><xocs:ucs-locator>https://s3.amazonaws.com/prod-ucs-content-store-us-east/content/pii:S0370269304007439/STRIPIN/image/gif/f52eb40101df95da6fb8ef1713dbe72a/si5.gif</xocs:ucs-locator><xocs:ucs-locator>https://s3-eu-west-1.amazonaws.com/prod-ucs-content-store-eu-west/content/pii:S0370269304007439/STRIPIN/image/gif/f52eb40101df95da6fb8ef1713dbe72a/si5.gif</xocs:ucs-locator><xocs:file-basename>si5</xocs:file-basename><xocs:filename>si5.gif</xocs:filename><xocs:extension>gif</xocs:extension><xocs:filesize>164</xocs:filesize><xocs:pixel-height>15</xocs:pixel-height><xocs:pixel-width>14</xocs:pixel-width><xocs:attachment-type>ALTIMG</xocs:attachment-type></xocs:attachment><xocs:attachment><xocs:attachment-eid>1-s2.0-S0370269304007439-si4.gif</xocs:attachment-eid><xocs:ucs-locator>https://s3.amazonaws.com/prod-ucs-content-store-us-east/content/pii:S0370269304007439/STRIPIN/image/gif/b3eb35d8117456d016220edb484f4c4d/si4.gif</xocs:ucs-locator><xocs:ucs-locator>https://s3-eu-west-1.amazonaws.com/prod-ucs-content-store-eu-west/content/pii:S0370269304007439/STRIPIN/image/gif/b3eb35d8117456d016220edb484f4c4d/si4.gif</xocs:ucs-locator><xocs:file-basename>si4</xocs:file-basename><xocs:abstract-attachment>true</xocs:abstract-attachment><xocs:filename>si4.gif</xocs:filename><xocs:extension>gif</xocs:extension><xocs:filesize>310</xocs:filesize><xocs:pixel-height>17</xocs:pixel-height><xocs:pixel-width>60</xocs:pixel-width><xocs:attachment-type>ALTIMG</xocs:attachment-type></xocs:attachment><xocs:attachment><xocs:attachment-eid>1-s2.0-S0370269304007439-si3.gif</xocs:attachment-eid><xocs:ucs-locator>https://s3.amazonaws.com/prod-ucs-content-store-us-east/content/pii:S0370269304007439/STRIPIN/image/gif/d1f82ddc943d3901a807c4be4b68d330/si13.gif</xocs:ucs-locator><xocs:ucs-locator>https://s3-eu-west-1.amazonaws.com/prod-ucs-content-store-eu-west/content/pii:S0370269304007439/STRIPIN/image/gif/d1f82ddc943d3901a807c4be4b68d330/si13.gif</xocs:ucs-locator><xocs:file-basename>si3</xocs:file-basename><xocs:filename>si3.gif</xocs:filename><xocs:extension>gif</xocs:extension><xocs:filesize>391</xocs:filesize><xocs:pixel-height>17</xocs:pixel-height><xocs:pixel-width>69</xocs:pixel-width><xocs:attachment-type>ALTIMG</xocs:attachment-type></xocs:attachment><xocs:attachment><xocs:attachment-eid>1-s2.0-S0370269304007439-si2.gif</xocs:attachment-eid><xocs:ucs-locator>https://s3.amazonaws.com/prod-ucs-content-store-us-east/content/pii:S0370269304007439/STRIPIN/image/gif/d1f82ddc943d3901a807c4be4b68d330/si13.gif</xocs:ucs-locator><xocs:ucs-locator>https://s3-eu-west-1.amazonaws.com/prod-ucs-content-store-eu-west/content/pii:S0370269304007439/STRIPIN/image/gif/d1f82ddc943d3901a807c4be4b68d330/si13.gif</xocs:ucs-locator><xocs:file-basename>si2</xocs:file-basename><xocs:filename>si2.gif</xocs:filename><xocs:extension>gif</xocs:extension><xocs:filesize>391</xocs:filesize><xocs:pixel-height>17</xocs:pixel-height><xocs:pixel-width>69</xocs:pixel-width><xocs:attachment-type>ALTIMG</xocs:attachment-type></xocs:attachment><xocs:attachment><xocs:attachment-eid>1-s2.0-S0370269304007439-si13.gif</xocs:attachment-eid><xocs:ucs-locator>https://s3.amazonaws.com/prod-ucs-content-store-us-east/content/pii:S0370269304007439/STRIPIN/image/gif/d1f82ddc943d3901a807c4be4b68d330/si13.gif</xocs:ucs-locator><xocs:ucs-locator>https://s3-eu-west-1.amazonaws.com/prod-ucs-content-store-eu-west/content/pii:S0370269304007439/STRIPIN/image/gif/d1f82ddc943d3901a807c4be4b68d330/si13.gif</xocs:ucs-locator><xocs:file-basename>si13</xocs:file-basename><xocs:filename>si13.gif</xocs:filename><xocs:extension>gif</xocs:extension><xocs:filesize>391</xocs:filesize><xocs:pixel-height>17</xocs:pixel-height><xocs:pixel-width>69</xocs:pixel-width><xocs:attachment-type>ALTIMG</xocs:attachment-type></xocs:attachment><xocs:attachment><xocs:attachment-eid>1-s2.0-S0370269304007439-si12.gif</xocs:attachment-eid><xocs:ucs-locator>https://s3.amazonaws.com/prod-ucs-content-store-us-east/content/pii:S0370269304007439/STRIPIN/image/gif/d1f82ddc943d3901a807c4be4b68d330/si13.gif</xocs:ucs-locator><xocs:ucs-locator>https://s3-eu-west-1.amazonaws.com/prod-ucs-content-store-eu-west/content/pii:S0370269304007439/STRIPIN/image/gif/d1f82ddc943d3901a807c4be4b68d330/si13.gif</xocs:ucs-locator><xocs:file-basename>si12</xocs:file-basename><xocs:filename>si12.gif</xocs:filename><xocs:extension>gif</xocs:extension><xocs:filesize>391</xocs:filesize><xocs:pixel-height>17</xocs:pixel-height><xocs:pixel-width>69</xocs:pixel-width><xocs:attachment-type>ALTIMG</xocs:attachment-type></xocs:attachment><xocs:attachment><xocs:attachment-eid>1-s2.0-S0370269304007439-si11.gif</xocs:attachment-eid><xocs:ucs-locator>https://s3.amazonaws.com/prod-ucs-content-store-us-east/content/pii:S0370269304007439/STRIPIN/image/gif/c4c2d3974a02c2c1775b3dc9c8a2cb93/si11.gif</xocs:ucs-locator><xocs:ucs-locator>https://s3-eu-west-1.amazonaws.com/prod-ucs-content-store-eu-west/content/pii:S0370269304007439/STRIPIN/image/gif/c4c2d3974a02c2c1775b3dc9c8a2cb93/si11.gif</xocs:ucs-locator><xocs:file-basename>si11</xocs:file-basename><xocs:filename>si11.gif</xocs:filename><xocs:extension>gif</xocs:extension><xocs:filesize>149</xocs:filesize><xocs:pixel-height>15</xocs:pixel-height><xocs:pixel-width>14</xocs:pixel-width><xocs:attachment-type>ALTIMG</xocs:attachment-type></xocs:attachment><xocs:attachment><xocs:attachment-eid>1-s2.0-S0370269304007439-si10.gif</xocs:attachment-eid><xocs:ucs-locator>https://s3.amazonaws.com/prod-ucs-content-store-us-east/content/pii:S0370269304007439/STRIPIN/image/gif/046102432b47e382cb42abb05b1e44c2/si10.gif</xocs:ucs-locator><xocs:ucs-locator>https://s3-eu-west-1.amazonaws.com/prod-ucs-content-store-eu-west/content/pii:S0370269304007439/STRIPIN/image/gif/046102432b47e382cb42abb05b1e44c2/si10.gif</xocs:ucs-locator><xocs:file-basename>si10</xocs:file-basename><xocs:filename>si10.gif</xocs:filename><xocs:extension>gif</xocs:extension><xocs:filesize>248</xocs:filesize><xocs:pixel-height>16</xocs:pixel-height><xocs:pixel-width>47</xocs:pixel-width><xocs:attachment-type>ALTIMG</xocs:attachment-type></xocs:attachment><xocs:attachment><xocs:attachment-eid>1-s2.0-S0370269304007439-si1.gif</xocs:attachment-eid><xocs:ucs-locator>https://s3.amazonaws.com/prod-ucs-content-store-us-east/content/pii:S0370269304007439/STRIPIN/image/gif/d1f82ddc943d3901a807c4be4b68d330/si13.gif</xocs:ucs-locator><xocs:ucs-locator>https://s3-eu-west-1.amazonaws.com/prod-ucs-content-store-eu-west/content/pii:S0370269304007439/STRIPIN/image/gif/d1f82ddc943d3901a807c4be4b68d330/si13.gif</xocs:ucs-locator><xocs:file-basename>si1</xocs:file-basename><xocs:filename>si1.gif</xocs:filename><xocs:extension>gif</xocs:extension><xocs:filesize>391</xocs:filesize><xocs:pixel-height>17</xocs:pixel-height><xocs:pixel-width>69</xocs:pixel-width><xocs:attachment-type>ALTIMG</xocs:attachment-type></xocs:attachment><xocs:attachment><xocs:attachment-eid>1-s2.0-S0370269304007439-gr001_lrg.jpg</xocs:attachment-eid><xocs:ucs-locator>https://s3.amazonaws.com/prod-ucs-content-store-us-east/content/pii:S0370269304007439/fgr001/HIGHRES/image/jpeg/d526262d8e97dc78658f0441c12020cf/gr001_lrg.jpg</xocs:ucs-locator><xocs:ucs-locator>https://s3-eu-west-1.amazonaws.com/prod-ucs-content-store-eu-west/content/pii:S0370269304007439/fgr001/HIGHRES/image/jpeg/d526262d8e97dc78658f0441c12020cf/gr001_lrg.jpg</xocs:ucs-locator><xocs:file-basename>gr001</xocs:file-basename><xocs:filename>gr001_lrg.jpg</xocs:filename><xocs:extension>jpg</xocs:extension><xocs:filesize>27479</xocs:filesize><xocs:pixel-height>269</xocs:pixel-height><xocs:pixel-width>474</xocs:pixel-width><xocs:attachment-type>IMAGE-HIGH-RES</xocs:attachment-type></xocs:attachment><xocs:attachment><xocs:attachment-eid>1-s2.0-S0370269304007439-gr005_lrg.gif</xocs:attachment-eid><xocs:ucs-locator>https://s3.amazonaws.com/prod-ucs-content-store-us-east/content/pii:S0370269304007439/fgr005/HIGHRES/image/gif/dc51a1090a46c7c972c348b4d08c0b7a/gr005_lrg.gif</xocs:ucs-locator><xocs:ucs-locator>https://s3-eu-west-1.amazonaws.com/prod-ucs-content-store-eu-west/content/pii:S0370269304007439/fgr005/HIGHRES/image/gif/dc51a1090a46c7c972c348b4d08c0b7a/gr005_lrg.gif</xocs:ucs-locator><xocs:file-basename>gr005</xocs:file-basename><xocs:filename>gr005_lrg.gif</xocs:filename><xocs:extension>gif</xocs:extension><xocs:filesize>53384</xocs:filesize><xocs:pixel-height>2852</xocs:pixel-height><xocs:pixel-width>3000</xocs:pixel-width><xocs:attachment-type>IMAGE-HIGH-RES</xocs:attachment-type></xocs:attachment><xocs:attachment><xocs:attachment-eid>1-s2.0-S0370269304007439-gr004_lrg.gif</xocs:attachment-eid><xocs:ucs-locator>https://s3.amazonaws.com/prod-ucs-content-store-us-east/content/pii:S0370269304007439/fgr004/HIGHRES/image/gif/1898d6733b5e327f8e245d34e6319162/gr004_lrg.gif</xocs:ucs-locator><xocs:ucs-locator>https://s3-eu-west-1.amazonaws.com/prod-ucs-content-store-eu-west/content/pii:S0370269304007439/fgr004/HIGHRES/image/gif/1898d6733b5e327f8e245d34e6319162/gr004_lrg.gif</xocs:ucs-locator><xocs:file-basename>gr004</xocs:file-basename><xocs:filename>gr004_lrg.gif</xocs:filename><xocs:extension>gif</xocs:extension><xocs:filesize>55524</xocs:filesize><xocs:pixel-height>2722</xocs:pixel-height><xocs:pixel-width>3032</xocs:pixel-width><xocs:attachment-type>IMAGE-HIGH-RES</xocs:attachment-type></xocs:attachment><xocs:attachment><xocs:attachment-eid>1-s2.0-S0370269304007439-gr003_lrg.gif</xocs:attachment-eid><xocs:ucs-locator>https://s3.amazonaws.com/prod-ucs-content-store-us-east/content/pii:S0370269304007439/fgr003/HIGHRES/image/gif/55f15011fba14a6176a37aa27b5e83e4/gr003_lrg.gif</xocs:ucs-locator><xocs:ucs-locator>https://s3-eu-west-1.amazonaws.com/prod-ucs-content-store-eu-west/content/pii:S0370269304007439/fgr003/HIGHRES/image/gif/55f15011fba14a6176a37aa27b5e83e4/gr003_lrg.gif</xocs:ucs-locator><xocs:file-basename>gr003</xocs:file-basename><xocs:filename>gr003_lrg.gif</xocs:filename><xocs:extension>gif</xocs:extension><xocs:filesize>52175</xocs:filesize><xocs:pixel-height>2852</xocs:pixel-height><xocs:pixel-width>3000</xocs:pixel-width><xocs:attachment-type>IMAGE-HIGH-RES</xocs:attachment-type></xocs:attachment><xocs:attachment><xocs:attachment-eid>1-s2.0-S0370269304007439-gr002_lrg.gif</xocs:attachment-eid><xocs:ucs-locator>https://s3.amazonaws.com/prod-ucs-content-store-us-east/content/pii:S0370269304007439/fgr002/HIGHRES/image/gif/cfd154e23be0e7c355580b50c1ac4d7a/gr002_lrg.gif</xocs:ucs-locator><xocs:ucs-locator>https://s3-eu-west-1.amazonaws.com/prod-ucs-content-store-eu-west/content/pii:S0370269304007439/fgr002/HIGHRES/image/gif/cfd154e23be0e7c355580b50c1ac4d7a/gr002_lrg.gif</xocs:ucs-locator><xocs:file-basename>gr002</xocs:file-basename><xocs:filename>gr002_lrg.gif</xocs:filename><xocs:extension>gif</xocs:extension><xocs:filesize>51853</xocs:filesize><xocs:pixel-height>2687</xocs:pixel-height><xocs:pixel-width>2993</xocs:pixel-width><xocs:attachment-type>IMAGE-HIGH-RES</xocs:attachment-type></xocs:attachment><xocs:attachment><xocs:attachment-eid>1-s2.0-S0370269304007439-gr001.jpg</xocs:attachment-eid><xocs:ucs-locator>https://s3.amazonaws.com/prod-ucs-content-store-us-east/content/pii:S0370269304007439/fgr001/DOWNSAMPLED/image/jpeg/0acc13f36baf1a4dab76b6546ad8e1aa/gr001.jpg</xocs:ucs-locator><xocs:ucs-locator>https://s3-eu-west-1.amazonaws.com/prod-ucs-content-store-eu-west/content/pii:S0370269304007439/fgr001/DOWNSAMPLED/image/jpeg/0acc13f36baf1a4dab76b6546ad8e1aa/gr001.jpg</xocs:ucs-locator><xocs:file-basename>gr001</xocs:file-basename><xocs:filename>gr001.jpg</xocs:filename><xocs:extension>jpg</xocs:extension><xocs:filesize>8293</xocs:filesize><xocs:pixel-height>101</xocs:pixel-height><xocs:pixel-width>178</xocs:pixel-width><xocs:attachment-type>IMAGE-DOWNSAMPLED</xocs:attachment-type></xocs:attachment><xocs:attachment><xocs:attachment-eid>1-s2.0-S0370269304007439-gr005.gif</xocs:attachment-eid><xocs:ucs-locator>https://s3.amazonaws.com/prod-ucs-content-store-us-east/content/pii:S0370269304007439/fgr005/DOWNSAMPLED/image/gif/ba7c82c4944775a41306f43f231534c6/gr005.gif</xocs:ucs-locator><xocs:ucs-locator>https://s3-eu-west-1.amazonaws.com/prod-ucs-content-store-eu-west/content/pii:S0370269304007439/fgr005/DOWNSAMPLED/image/gif/ba7c82c4944775a41306f43f231534c6/gr005.gif</xocs:ucs-locator><xocs:file-basename>gr005</xocs:file-basename><xocs:filename>gr005.gif</xocs:filename><xocs:extension>gif</xocs:extension><xocs:filesize>5995</xocs:filesize><xocs:pixel-height>322</xocs:pixel-height><xocs:pixel-width>339</xocs:pixel-width><xocs:attachment-type>IMAGE-DOWNSAMPLED</xocs:attachment-type></xocs:attachment><xocs:attachment><xocs:attachment-eid>1-s2.0-S0370269304007439-gr004.gif</xocs:attachment-eid><xocs:ucs-locator>https://s3.amazonaws.com/prod-ucs-content-store-us-east/content/pii:S0370269304007439/fgr004/DOWNSAMPLED/image/gif/331e41d48c1769a33d05912491250a87/gr004.gif</xocs:ucs-locator><xocs:ucs-locator>https://s3-eu-west-1.amazonaws.com/prod-ucs-content-store-eu-west/content/pii:S0370269304007439/fgr004/DOWNSAMPLED/image/gif/331e41d48c1769a33d05912491250a87/gr004.gif</xocs:ucs-locator><xocs:file-basename>gr004</xocs:file-basename><xocs:filename>gr004.gif</xocs:filename><xocs:extension>gif</xocs:extension><xocs:filesize>6229</xocs:filesize><xocs:pixel-height>307</xocs:pixel-height><xocs:pixel-width>342</xocs:pixel-width><xocs:attachment-type>IMAGE-DOWNSAMPLED</xocs:attachment-type></xocs:attachment><xocs:attachment><xocs:attachment-eid>1-s2.0-S0370269304007439-gr003.gif</xocs:attachment-eid><xocs:ucs-locator>https://s3.amazonaws.com/prod-ucs-content-store-us-east/content/pii:S0370269304007439/fgr003/DOWNSAMPLED/image/gif/4d72326b6db4214973eaa63afcfefef3/gr003.gif</xocs:ucs-locator><xocs:ucs-locator>https://s3-eu-west-1.amazonaws.com/prod-ucs-content-store-eu-west/content/pii:S0370269304007439/fgr003/DOWNSAMPLED/image/gif/4d72326b6db4214973eaa63afcfefef3/gr003.gif</xocs:ucs-locator><xocs:file-basename>gr003</xocs:file-basename><xocs:filename>gr003.gif</xocs:filename><xocs:extension>gif</xocs:extension><xocs:filesize>5851</xocs:filesize><xocs:pixel-height>322</xocs:pixel-height><xocs:pixel-width>339</xocs:pixel-width><xocs:attachment-type>IMAGE-DOWNSAMPLED</xocs:attachment-type></xocs:attachment><xocs:attachment><xocs:attachment-eid>1-s2.0-S0370269304007439-gr002.gif</xocs:attachment-eid><xocs:ucs-locator>https://s3.amazonaws.com/prod-ucs-content-store-us-east/content/pii:S0370269304007439/fgr002/DOWNSAMPLED/image/gif/9ed6a6c6d27a0bd7d6373f5cd40a0d79/gr002.gif</xocs:ucs-locator><xocs:ucs-locator>https://s3-eu-west-1.amazonaws.com/prod-ucs-content-store-eu-west/content/pii:S0370269304007439/fgr002/DOWNSAMPLED/image/gif/9ed6a6c6d27a0bd7d6373f5cd40a0d79/gr002.gif</xocs:ucs-locator><xocs:file-basename>gr002</xocs:file-basename><xocs:filename>gr002.gif</xocs:filename><xocs:extension>gif</xocs:extension><xocs:filesize>5575</xocs:filesize><xocs:pixel-height>303</xocs:pixel-height><xocs:pixel-width>338</xocs:pixel-width><xocs:attachment-type>IMAGE-DOWNSAMPLED</xocs:attachment-type></xocs:attachment><xocs:attachment><xocs:attachment-eid>1-s2.0-S0370269304007439-gr005.sml</xocs:attachment-eid><xocs:ucs-locator>https://s3.amazonaws.com/prod-ucs-content-store-us-east/content/pii:S0370269304007439/fgr005/THUMBNAIL/image/gif/cb434cf448bfb20cfbc38d2d49ea2b73/gr005.sml</xocs:ucs-locator><xocs:ucs-locator>https://s3-eu-west-1.amazonaws.com/prod-ucs-content-store-eu-west/content/pii:S0370269304007439/fgr005/THUMBNAIL/image/gif/cb434cf448bfb20cfbc38d2d49ea2b73/gr005.sml</xocs:ucs-locator><xocs:file-basename>gr005</xocs:file-basename><xocs:filename>gr005.sml</xocs:filename><xocs:extension>sml</xocs:extension><xocs:filesize>2526</xocs:filesize><xocs:pixel-height>164</xocs:pixel-height><xocs:pixel-width>172</xocs:pixel-width><xocs:attachment-type>IMAGE-THUMBNAIL</xocs:attachment-type></xocs:attachment><xocs:attachment><xocs:attachment-eid>1-s2.0-S0370269304007439-gr004.sml</xocs:attachment-eid><xocs:ucs-locator>https://s3.amazonaws.com/prod-ucs-content-store-us-east/content/pii:S0370269304007439/fgr004/THUMBNAIL/image/gif/cd90a83264ba1591a8dd26ddc7bbde80/gr004.sml</xocs:ucs-locator><xocs:ucs-locator>https://s3-eu-west-1.amazonaws.com/prod-ucs-content-store-eu-west/content/pii:S0370269304007439/fgr004/THUMBNAIL/image/gif/cd90a83264ba1591a8dd26ddc7bbde80/gr004.sml</xocs:ucs-locator><xocs:file-basename>gr004</xocs:file-basename><xocs:filename>gr004.sml</xocs:filename><xocs:extension>sml</xocs:extension><xocs:filesize>2837</xocs:filesize><xocs:pixel-height>163</xocs:pixel-height><xocs:pixel-width>182</xocs:pixel-width><xocs:attachment-type>IMAGE-THUMBNAIL</xocs:attachment-type></xocs:attachment><xocs:attachment><xocs:attachment-eid>1-s2.0-S0370269304007439-gr003.sml</xocs:attachment-eid><xocs:ucs-locator>https://s3.amazonaws.com/prod-ucs-content-store-us-east/content/pii:S0370269304007439/fgr003/THUMBNAIL/image/gif/dc0e83e285519b5e0d8ed513697d89a6/gr003.sml</xocs:ucs-locator><xocs:ucs-locator>https://s3-eu-west-1.amazonaws.com/prod-ucs-content-store-eu-west/content/pii:S0370269304007439/fgr003/THUMBNAIL/image/gif/dc0e83e285519b5e0d8ed513697d89a6/gr003.sml</xocs:ucs-locator><xocs:file-basename>gr003</xocs:file-basename><xocs:filename>gr003.sml</xocs:filename><xocs:extension>sml</xocs:extension><xocs:filesize>2491</xocs:filesize><xocs:pixel-height>164</xocs:pixel-height><xocs:pixel-width>172</xocs:pixel-width><xocs:attachment-type>IMAGE-THUMBNAIL</xocs:attachment-type></xocs:attachment><xocs:attachment><xocs:attachment-eid>1-s2.0-S0370269304007439-gr002.sml</xocs:attachment-eid><xocs:ucs-locator>https://s3.amazonaws.com/prod-ucs-content-store-us-east/content/pii:S0370269304007439/fgr002/THUMBNAIL/image/gif/9ecd03dab04e314b85c121f065ad88e2/gr002.sml</xocs:ucs-locator><xocs:ucs-locator>https://s3-eu-west-1.amazonaws.com/prod-ucs-content-store-eu-west/content/pii:S0370269304007439/fgr002/THUMBNAIL/image/gif/9ecd03dab04e314b85c121f065ad88e2/gr002.sml</xocs:ucs-locator><xocs:file-basename>gr002</xocs:file-basename><xocs:filename>gr002.sml</xocs:filename><xocs:extension>sml</xocs:extension><xocs:filesize>2550</xocs:filesize><xocs:pixel-height>163</xocs:pixel-height><xocs:pixel-width>182</xocs:pixel-width><xocs:attachment-type>IMAGE-THUMBNAIL</xocs:attachment-type></xocs:attachment><xocs:attachment><xocs:attachment-eid>1-s2.0-S0370269304007439-gr001.sml</xocs:attachment-eid><xocs:ucs-locator>https://s3.amazonaws.com/prod-ucs-content-store-us-east/content/pii:S0370269304007439/fgr001/THUMBNAIL/image/gif/bba353f6d584dd9095b830a78878929b/gr001.sml</xocs:ucs-locator><xocs:ucs-locator>https://s3-eu-west-1.amazonaws.com/prod-ucs-content-store-eu-west/content/pii:S0370269304007439/fgr001/THUMBNAIL/image/gif/bba353f6d584dd9095b830a78878929b/gr001.sml</xocs:ucs-locator><xocs:file-basename>gr001</xocs:file-basename><xocs:filename>gr001.sml</xocs:filename><xocs:extension>sml</xocs:extension><xocs:filesize>4895</xocs:filesize><xocs:pixel-height>124</xocs:pixel-height><xocs:pixel-width>219</xocs:pixel-width><xocs:attachment-type>IMAGE-THUMBNAIL</xocs:attachment-type></xocs:attachment></xocs:attachments></xocs:attachment-metadata-doc></xocs:meta><xocs:serial-item><converted-article xmlns="http://www.elsevier.com/xml/ja/dtd" version="4.5.2" docsubtype="sco" xml:lang="en"><item-info><jid>PLB</jid><aid>20956</aid><ce:pii>S0370-2693(04)00743-9</ce:pii><ce:doi>10.1016/j.physletb.2004.05.010</ce:doi><ce:copyright type="full-transfer" year="2004">Elsevier B.V.</ce:copyright><ce:doctopics><ce:doctopic><ce:text>Phenomenology</ce:text></ce:doctopic></ce:doctopics></item-info><ce:floats><ce:figure id="FIG001"><ce:label>Fig. 1</ce:label><ce:caption><ce:simple-para view="all">The typical collision configuration has two remnants and one cut pomeron represented by two q–q̄ strings. In the case of a uudds̄ flavour content a Θ<ce:sup loc="post">+</ce:sup> baryon can form.</ce:simple-para></ce:caption><ce:link locator="gr001"/></ce:figure><ce:figure id="FIG002"><ce:label>Fig. 2</ce:label><ce:caption><ce:simple-para view="all">Rapidity distributions of Θ<ce:sup loc="post">+</ce:sup>'s in pp interactions at <ce:italic>E</ce:italic><ce:inf loc="post">lab</ce:inf>=160 GeV.</ce:simple-para></ce:caption><ce:link locator="gr002"/></ce:figure><ce:figure id="FIG003"><ce:label>Fig. 3</ce:label><ce:caption><ce:simple-para view="all">Transverse momentum distributions of Θ<ce:sup loc="post">+</ce:sup>'s in pp interactions at <ce:italic>E</ce:italic><ce:inf loc="post">lab</ce:inf>=160 GeV.</ce:simple-para></ce:caption><ce:link locator="gr003"/></ce:figure><ce:figure id="FIG004"><ce:label>Fig. 4</ce:label><ce:caption><ce:simple-para view="all">Rapidity distributions of Θ<ce:sup loc="post">+</ce:sup>'s in pp interactions at <math altimg="si1.gif"><rad><rcd>s</rcd></rad>=200</math> GeV.</ce:simple-para></ce:caption><ce:link locator="gr004"/></ce:figure><ce:figure id="FIG005"><ce:label>Fig. 5</ce:label><ce:caption><ce:simple-para view="all">Transverse momentum distributions of Θ<ce:sup loc="post">+</ce:sup>'s in pp interactions at <math altimg="si2.gif"><rad><rcd>s</rcd></rad>=200</math> GeV.</ce:simple-para></ce:caption><ce:link locator="gr005"/></ce:figure><ce:table id="TBL001" colsep="0" rowsep="0" frame="topbot"><ce:label>Table 1</ce:label><ce:caption><ce:simple-para view="all">Predictions of the various pentaquark abundances in 4<ce:italic>π</ce:italic> for inelastic pp collisions at <ce:italic>E</ce:italic><ce:inf loc="post">lab</ce:inf>=160 GeV (SPS) and <math altimg="si3.gif"><rad><rcd>s</rcd></rad>=200</math> GeV (RHIC)</ce:simple-para></ce:caption><tgroup xmlns="http://www.elsevier.com/xml/common/cals/dtd" cols="4"><colspec colname="col1" colsep="0"/><colspec colname="col2" colsep="0"/><colspec colname="col3" colsep="0"/><colspec colname="col4" colsep="0"/><thead><row rowsep="1"><ce:entry>Particle</ce:entry><ce:entry>Quark content</ce:entry><ce:entry>Yield (SPS)</ce:entry><ce:entry>Yield (RHIC)</ce:entry></row></thead><tbody><row><ce:entry>Θ<ce:sup loc="post">+</ce:sup></ce:entry><ce:entry>(uudds̄)</ce:entry><ce:entry align="char" char=".">3.5×10<ce:sup loc="post">−3</ce:sup></ce:entry><ce:entry align="char" char=".">5.2×10<ce:sup loc="post">−3</ce:sup></ce:entry></row><row><ce:entry>Ξ<ce:sup loc="post">+</ce:sup></ce:entry><ce:entry>(ssuud̄)</ce:entry><ce:entry align="char" char=".">4.8×10<ce:sup loc="post">−5</ce:sup></ce:entry><ce:entry align="char" char=".">11.9×10<ce:sup loc="post">−5</ce:sup></ce:entry></row><row><ce:entry>Ξ<ce:sup loc="post">0</ce:sup></ce:entry><ce:entry>(ssudd̄)</ce:entry><ce:entry align="char" char=".">4.7×10<ce:sup loc="post">−5</ce:sup></ce:entry><ce:entry align="char" char=".">9.2×10<ce:sup loc="post">−5</ce:sup></ce:entry></row><row><ce:entry>Ξ<ce:sup loc="post">−</ce:sup></ce:entry><ce:entry>(ssudū)</ce:entry><ce:entry align="char" char=".">3.0×10<ce:sup loc="post">−5</ce:sup></ce:entry><ce:entry align="char" char=".">6.3×10<ce:sup loc="post">−5</ce:sup></ce:entry></row><row><ce:entry>Ξ<ce:sup loc="post">−−</ce:sup></ce:entry><ce:entry>(ssddū)</ce:entry><ce:entry align="char" char=".">1.8×10<ce:sup loc="post">−5</ce:sup></ce:entry><ce:entry align="char" char=".">4.5×10<ce:sup loc="post">−5</ce:sup></ce:entry></row></tbody></tgroup></ce:table></ce:floats><head><ce:title>Production of Θ<ce:sup loc="post">+</ce:sup>(1540) and Ξ pentaquark states in proton–proton interactions</ce:title><ce:author-group><ce:author><ce:given-name>M.</ce:given-name><ce:surname>Bleicher</ce:surname><ce:cross-ref refid="AFF001"><ce:sup loc="post">a</ce:sup></ce:cross-ref><ce:e-address type="email">bleicher@th.physik.uni-frankfurt.de</ce:e-address></ce:author><ce:author><ce:given-name>F.M.</ce:given-name><ce:surname>Liu</ce:surname><ce:cross-ref refid="AFF001"><ce:sup loc="post">a</ce:sup></ce:cross-ref><ce:cross-ref refid="AFF002"><ce:sup loc="post">b</ce:sup></ce:cross-ref><ce:cross-ref refid="FN001"><ce:sup loc="post">1</ce:sup></ce:cross-ref></ce:author><ce:author><ce:given-name>J.</ce:given-name><ce:surname>Aichelin</ce:surname><ce:cross-ref refid="AFF003"><ce:sup loc="post">c</ce:sup></ce:cross-ref></ce:author><ce:author><ce:given-name>T.</ce:given-name><ce:surname>Pierog</ce:surname><ce:cross-ref refid="AFF004"><ce:sup loc="post">d</ce:sup></ce:cross-ref></ce:author><ce:author><ce:given-name>K.</ce:given-name><ce:surname>Werner</ce:surname><ce:cross-ref refid="AFF003"><ce:sup loc="post">c</ce:sup></ce:cross-ref></ce:author><ce:affiliation id="AFF001"><ce:label>a</ce:label><ce:textfn>Institut für Theoretische Physik, J.W. Goethe Universität, Robert-Mayer-Str. 10, 60054 Frankfurt am Main, Germany</ce:textfn></ce:affiliation><ce:affiliation id="AFF002"><ce:label>b</ce:label><ce:textfn>Institute of Particle Physics, Huazhong Normal University, Wuhan, China</ce:textfn></ce:affiliation><ce:affiliation id="AFF003"><ce:label>c</ce:label><ce:textfn>SUBATECH, Laboratoire de Physique Subatomique et des Technologies Associées, University of Nantes, IN2P3/CNRS, Ecole des Mines de Nantes, 4 rue Alfred Kastler, F-44072 Nantes cedex 03, France</ce:textfn></ce:affiliation><ce:affiliation id="AFF004"><ce:label>d</ce:label><ce:textfn>FZK, Institut für Kernphysik, Karlsruhe, Germany</ce:textfn></ce:affiliation><ce:footnote id="FN001"><ce:label>1</ce:label><ce:note-para>Alexander von Humboldt Fellow.</ce:note-para></ce:footnote></ce:author-group><ce:date-received day="5" month="1" year="2004"/><ce:date-revised day="30" month="4" year="2004"/><ce:date-accepted day="1" month="5" year="2004"/><ce:miscellaneous>Editor: P.V. Landshoff</ce:miscellaneous><ce:abstract class="author"><ce:section-title>Abstract</ce:section-title><ce:abstract-sec><ce:simple-para view="all">The production of strange pentaquark states (e.g., Theta baryons and Ξ<ce:sup loc="post">−−</ce:sup> states) in hadronic interactions within a Gribov–Regge approach is explored. In this approach the Θ<ce:sup loc="post">+</ce:sup>(1540) and the Ξ are produced by disintegration of remnants formed by the exchange of pomerons between the two protons. We predict the rapidity and transverse momentum distributions as well as the 4<ce:italic>π</ce:italic> multiplicity of the Θ<ce:sup loc="post">+</ce:sup>, Ξ<ce:sup loc="post">−−</ce:sup>, Ξ<ce:sup loc="post">−</ce:sup>, Ξ<ce:sup loc="post">0</ce:sup> and Ξ<ce:sup loc="post">+</ce:sup> for <math altimg="si4.gif"><rad><rcd>s</rcd></rad>=17</math> GeV (SPS) and 200 GeV (RHIC). For both energies more than 10<ce:sup loc="post">−3</ce:sup> Θ<ce:sup loc="post">+</ce:sup> and more than 10<ce:sup loc="post">−5</ce:sup> Ξ per pp event should be observed by the present experiments.</ce:simple-para></ce:abstract-sec></ce:abstract></head><body><ce:sections><ce:para view="all">Very recently in photon–nucleus <ce:cross-refs refid="BIB001 BIB002">[1,2]</ce:cross-refs> and kaon–nucleus experiments <ce:cross-ref refid="BIB003">[3]</ce:cross-ref> a new baryon, consisting of five quarks, uudds̄, has been identified in the K<ce:sup loc="post">+</ce:sup>n or K<ce:sup loc="post">0</ce:sup>p invariant mass spectrum. It has been named Θ<ce:sup loc="post">+</ce:sup> particle and has spin 1/2, isospin 0 and strangeness +1. Its mass is about 1.54 GeV and its width is less than 25 MeV. Such a state has been predicted by Diakonov <ce:cross-ref refid="BIB004">[4]</ce:cross-ref> in the framework of a chiral soliton model.</ce:para><ce:para view="all">This finding has renewed the experimental and theoretical interest for novel baryon states. Major progress has been reported on a possible extension of the original model <ce:cross-refs refid="BIB005 BIB006">[5,6]</ce:cross-refs>, within the Skyrme model <ce:cross-refs refid="BIB007 BIB008 BIB009">[7–9]</ce:cross-refs>, and within the constituent quark model <ce:cross-refs refid="BIB010 BIB011">[10,11]</ce:cross-refs>. Also (lattice) QCD studies of the Θ<ce:sup loc="post">+</ce:sup> (see, e.g., <ce:cross-refs refid="BIB012 BIB013 BIB014">[12–14]</ce:cross-refs>) have been performed and first explorations of the Θ<ce:sup loc="post">+</ce:sup> multiplicity at SPS and RHIC energies are available <ce:cross-refs refid="BIB015 BIB016 BIB017">[15–17]</ce:cross-refs>. Thus, the existence of this novel state has many perspectives for pp as well as for nucleus–nucleus collisions.</ce:para><ce:para view="all">In this Letter, we present predictions for the Θ<ce:sup loc="post">+</ce:sup> in pp collisions from a newly developed approach for hadronic interactions. It has recently been shown <ce:cross-ref refid="BIB018">[18]</ce:cross-ref> that the standard string fragmentation models which described spectra and multiplicities of many hadrons rather well need to be revised: due to their diquark–quark topology these models produce more <math altimg="si5.gif"><a valign="u"><ac><rm>Ω</rm></ac><ac>̄</ac></a></math> than <math altimg="si6.gif"><rm>Ω</rm></math> in medium and low energetic pp interactions, in contradistinction to experiments. Therefore a key issue is presently to gain information on the details of hadron production. Especially more exotic states like the Λ(1405) which may be a udsuū state or the Θ<ce:sup loc="post">+</ce:sup> carry important information to tackle this question. If their multiplicity can be related to that of other particles one can hope to get experimentally a handle on the hadronization process.</ce:para><ce:para view="all">In heavy ion collisions the multiplicity of the most abundant particles can be well described in a statistical model assuming a temperature close to that where the chiral/confinement phase transition is expected and a moderate chemical potential. Unstable particles can test how the expanding system interacts afterwards because if the decay products have still an interaction in the invariant mass spectra the resonance cannot be identified anymore. Especially long living states are very useful in this respect.</ce:para><ce:para view="all">Until this year, the search for multi-quark bags focused mainly on the <ce:italic>H</ce:italic>-particle <ce:cross-ref refid="BIB019">[19]</ce:cross-ref>, because it is closely related to the study of Ξ and ΛΛ hypernuclei (see, e.g., <ce:cross-refs refid="BIB020 BIB021">[20,21]</ce:cross-refs>). The <ce:italic>H</ce:italic> is a six quark state (uuddss) coupled to an SU(3) singlet in color and flavour. Unfortunately no stringent observation of the <ce:italic>H</ce:italic>-particle exists. Even today, decades after the first prediction of the <ce:italic>H</ce:italic>-dibaryon by Jaffe <ce:cross-ref refid="BIB019">[19]</ce:cross-ref> the question of its existence is still open.</ce:para><ce:para view="all">In contrast to the <ce:italic>H</ce:italic> particle, the situation for the Θ<ce:sup loc="post">+</ce:sup> baryon is very promising. Thus, in this Letter we explore the formation of the Θ<ce:sup loc="post">+</ce:sup>-baryon within a new approach called parton-based Gribov–Regge theory. It is realized in the Monte Carlo program NEXUS 3.97 <ce:cross-refs refid="BIB022 BIB023">[22,23]</ce:cross-refs>. In this model high energy hadronic and nuclear collisions are treated within a self-consistent quantum mechanical multiple scattering formalism. Elementary interactions, happening in parallel, correspond to underlying microscopic (predominantly soft) parton cascades and are described effectively as phenomenological soft pomeron exchanges. A pomeron can be seen as layers of a (soft) parton ladder, which is attached to projectile and target nucleons via leg partons. At high energies one accounts also for the contribution of perturbative (high <ce:italic>p</ce:italic><ce:inf loc="post"><ce:italic>t</ce:italic></ce:inf>) partons described by a so-called “semihard pomeron”—a piece of the QCD parton ladder sandwiched between two soft pomerons which are connected to the projectile and to the target in the usual way. The spectator partons of both projectile and target nucleons, left after pomeron emissions, form nucleon remnants. The legs of the pomerons form color singlets, such as q–q̄, q–qq or q̄–<math altimg="si7.gif"><a valign="u"><ac><rm>q</rm></ac><ac>̄</ac></a><a valign="u"><ac><rm>q</rm></ac><ac>̄</ac></a></math>. The probability of q–qq and q̄–<math altimg="si8.gif"><a valign="u"><ac><rm>q</rm></ac><ac>̄</ac></a><a valign="u"><ac><rm>q</rm></ac><ac>̄</ac></a></math> is controlled by the parameter <ce:italic>P</ce:italic><ce:inf loc="post">qq</ce:inf> and is fixed by the experimental yields on (multi-)strange baryons <ce:cross-ref refid="BIB023">[23]</ce:cross-ref>.</ce:para><ce:para view="all">Particles are then produced from cutting the pomerons and the decay of the remnants. As an intuitive way to understand particle production, each cut pomeron is regarded as two strings, i.e., two layers of a parton ladder. Each string has two ends which are quark(s) or antiquark(s) from the two pomeron legs, respectively. To compensate the flavour, whenever a quark or an antiquark is taken as a string end, a corresponding anti-particle is put in the remnant nearby.</ce:para><ce:para view="all">Since an arbitrary number of pomerons may be involved, it is natural to take quarks and antiquarks from the sea as the string ends. In order to describe the experimental yields on (multi-)strange baryons <ce:cross-ref refid="BIB023">[23]</ce:cross-ref>, all the valence quarks stay in the remnants, whereas the string ends are represented by sea quarks. Thus, pomerons are vacuum excitations and produce particles and antiparticles equally. Note that in addition to these singlet type processes, valence quark hard interactions are treated differently in the present model. To give a proper description of deep inelastic scattering data, a certain fraction of the pomerons is connected to the valance quarks of the hadron, not leading to a quark feeding of the remnant. This kind of hard processes will not be discussed here, but is included in the simulation. Only the remnants change the balance of particles and anti-particles, due to the valence quarks inside resulting in the possibility to solve the antiomega puzzle <ce:cross-ref refid="BIB018">[18]</ce:cross-ref> at the SPS.</ce:para><ce:para view="all">This prescription is able to accumulate multiple quarks and antiquarks in the remnants depending on the number of exchanged pomerons. In the most simple case of a single pomeron exchange, the remnant may gain an additional antiquark and a quark and is transformed into a pentaquark bag as discussed in the following.</ce:para><ce:para view="all">The typical collision configuration has two remnants and one cut pomeron represented by two q–q̄ strings, see <ce:cross-ref refid="FIG001">Fig. 1</ce:cross-ref><ce:float-anchor refid="FIG001"/>. Four quarks and one antiquark are now in the remnant: the three valence quarks u, u, d plus a <math altimg="si9.gif"><rm>q</rm><inf loc="post">i</inf><a valign="u"><ac><rm>q</rm></ac><ac>̄</ac></a><inf loc="post">j</inf></math> sea quark pair. Each of the q<ce:inf loc="post"><ce:italic>i</ce:italic></ce:inf> may have the flavour u, d, or s, with relative weights <math altimg="si10.gif">1<ce:hsp sp="0.2"/>:1<ce:hsp sp="0.2"/>:f<inf loc="post"><rm>s</rm></inf></math>. The parameter <ce:italic>f</ce:italic><ce:inf loc="post">s</ce:inf>, is fixed by strange hadron data in proton–proton scatterings at 160 GeV to be <ce:italic>f</ce:italic><ce:inf loc="post">s</ce:inf>=0.26. Thus, there is a small but nonzero probability to have a uudds̄ flavour in a remnant, such that a Θ<ce:sup loc="post">+</ce:sup> pentaquark may be formed.</ce:para><ce:para view="all">The remnants have mass distribution <ce:italic>P</ce:italic>(<ce:italic>m</ce:italic><ce:sup loc="post">2</ce:sup>)∝(<ce:italic>m</ce:italic><ce:sup loc="post">2</ce:sup>)<ce:sup loc="post">−<ce:italic>α</ce:italic></ce:sup>, <ce:italic>m</ce:italic><ce:sup loc="post">2</ce:sup>∈(<ce:italic>m</ce:italic><ce:sup loc="post">2</ce:sup><ce:inf loc="post">min</ce:inf>,<ce:italic>x</ce:italic><ce:sup loc="post">+</ce:sup><ce:italic>s</ce:italic>), here <ce:italic>s</ce:italic> is the squared CMS energy. With, <ce:italic>m</ce:italic><ce:inf loc="post">min</ce:inf> being the minimal hadron mass compatible with the remnant's quark content, and <ce:italic>x</ce:italic><ce:sup loc="post">+</ce:sup> is the light-cone momentum fraction of the remnant which is determined in the collision configuration. In the present study, the parameter <ce:italic>α</ce:italic> is 2.25 for nondiffractive interactions and 1 for diffractive events <ce:cross-ref refid="BIB024">[24]</ce:cross-ref>. This remnant disintegrates into hadrons according to (microcanonical) phase space <ce:cross-ref refid="BIB025">[25]</ce:cross-ref>. This approach describes quite well multiplicity,<ce:cross-ref refid="FN002"><ce:sup loc="post">2</ce:sup></ce:cross-ref><ce:footnote id="FN002"><ce:label>2</ce:label><ce:note-para>A variation of the model parameters by 20% results in variation of the model results by roughly 10% both for the pentaquarks and the well-known hadrons. A larger variation of the parameters destroys the agreement with the NA49 pp data at 160 GeV.</ce:note-para></ce:footnote> transverse momenta and rapidity of all the observed hadrons <ce:cross-ref refid="BIB024">[24]</ce:cross-ref> in pp collisions at energies between 40 and 160 GeV.</ce:para><ce:para view="all">For the present study we have embedded the Θ<ce:sup loc="post">+</ce:sup> in the microcanonical approach to describe the disintegration of the remnant. It is therefore treated the same way as all the other hadrons. A similar approach was recently introduced to study <ce:italic>H</ce:italic><ce:sup loc="post">0</ce:sup> production in pp interactions <ce:cross-ref refid="BIB026">[26]</ce:cross-ref>.</ce:para><ce:para view="all">As discussed above, a pp collision in the present model involves two sources of particles production: <ce:list><ce:list-item><ce:label>(1)</ce:label><ce:para view="all">Fragmentation of strings (from exchanged pomerons).</ce:para></ce:list-item><ce:list-item><ce:label>(2)</ce:label><ce:para view="all">Decay of the projectile/target remnant. The decay of the remnant can happen in two distinct ways: <ce:list><ce:list-item><ce:label>(2a)</ce:label><ce:para view="all">by string fragmentation, or</ce:para></ce:list-item><ce:list-item><ce:label>(2b)</ce:label><ce:para view="all">by micro-canonical phase space.</ce:para></ce:list-item></ce:list></ce:para></ce:list-item></ce:list></ce:para><ce:para view="all">Presently, pentaquarks can only be produced from the micro-canonical remnant decay. A fragmentation of strings into pentaquarks is not included.</ce:para><ce:para view="all">This is in contrast to other hadrons, e.g., Lambdas that can be produced from all mentioned sources.</ce:para><ce:para view="all">There is no difference in the general input parameters for calculations for Λ's and pentaquarks. The main parameter is the probability for having a (anti)strange quark at the pomeron leg. This parameter controls strangess (e.g., Lambda and kaon multiplicities) and pentaquark production directly.</ce:para><ce:para view="all">The additional inputs for the study of pentaquark states are their masses, quark contents and spin, which have ultimately to be determined by the experimental results. Presently, we use the values from Refs. <ce:cross-refs refid="BIB004 BIB005 BIB006">[4–6]</ce:cross-refs>.</ce:para><ce:para view="all">Contrary to grand canonical thermal model estimates <ce:cross-refs refid="BIB015 BIB017">[15,17]</ce:cross-refs>, which implicitly assume chemical and thermal equilibrium, the present approach works differently: in the present approach, initial and final state dynamics of the pp interaction are fully taken into account, thus allowing to predict transverse and longitudinal momentum distributions all produced hadrons, including the Θ<ce:sup loc="post">+</ce:sup>. Furthermore, a microcanonical model is employed for the remnant decay which counts exactly the phase space states for a given energy and volume of the system. Only in the limit of large volumes and many particles it agrees the grand canonical approaches.</ce:para><ce:para view="all">Let us now study the multiplicities and momentum spectra of the calculated Θ<ce:sup loc="post">+</ce:sup>'s. <ce:cross-ref refid="FIG002">Fig. 2</ce:cross-ref><ce:float-anchor refid="FIG002"/> depicts the rapidity distribution of the predicted Θ<ce:sup loc="post">+</ce:sup>'s at the top SPS energy. One observes a slight dip around central rapidities due to the fact that the particles originate from remnants. The total Θ<ce:sup loc="post">+</ce:sup> multiplicity per inelastic event is 0.0035. <ce:cross-ref refid="TBL001">Table 1</ce:cross-ref><ce:float-anchor refid="TBL001"/> gives also the predicted yields of the other species of pentaquarks. It is interesting to note that the Ξ pentaquark is suppressed by two orders of magnitude compared to the Theta particle. This is due to the double strange quark component of the Ξ pentaquark that is suppressed at pomeron legs. However, it is interesting to note that for the double-strange <math altimg="si11.gif"><a valign="u"><ac><rm>Ξ</rm></ac><ac>̄</ac></a></math> pentaquark has been well observed at this energy by the NA49 Collaboration. Thus, with the presently accumulated statistics of the NA49 Collaboration, the Θ<ce:sup loc="post">+</ce:sup> should be easily visible in the data. <ce:cross-ref refid="FIG003">Fig. 3</ce:cross-ref><ce:float-anchor refid="FIG003"/> depicts the transverse momentum spectra of the Θ<ce:sup loc="post">+</ce:sup>'s. In <ce:cross-refs refid="FIG004 FIG005">Figs. 4 and 5</ce:cross-refs><ce:float-anchor refid="FIG004"/><ce:float-anchor refid="FIG005"/> we show the rapidity and transverse momentum spectra at <math altimg="si12.gif"><rad><rcd>s</rcd></rad>=200</math> GeV. Especially at RHIC energies one clearly observes the pile-up of Θ<ce:sup loc="post">+</ce:sup> baryons in the forward and backward hemisphere. In the midrapidity region the pentaquark yield vanishes. It should be noted that the vanishing yield at central rapidities might be filled up, if also the (yet unknown) fragmentation function into pentaquarks in a string break up is included.</ce:para><ce:para view="all">In conclusion, we have studied the production of pentaquark baryons in pp collisions from parton-based Gribov–Regge theory. Multiplicities, rapidity and transverse momentum spectra for the Θ<ce:sup loc="post">+</ce:sup> and Ξ pentaquarks are predicted for pp interaction at <ce:italic>E</ce:italic><ce:inf loc="post">lab</ce:inf>=160 GeV and <math altimg="si13.gif"><rad><rcd>s</rcd></rad>=200</math> GeV. We predict a total yield of 3–5×10<ce:sup loc="post">−3</ce:sup> Θ<ce:sup loc="post">+</ce:sup> per inelastic pp event at SPS and RHIC. The Ξ pentaquark states are suppressed by two orders of magnitude compared to the Θ<ce:sup loc="post">+</ce:sup>. Thus, our predictions are accessible by the NA49 experiment at CERN and the STAR experiment at RHIC.</ce:para></ce:sections><ce:acknowledgment><ce:section-title>Acknowledgements</ce:section-title><ce:para view="all">This work was supported by GSI, DFG, BMBF. F.M.L. thanks the Alexander von Humboldt foundation for financial support.</ce:para></ce:acknowledgment></body><tail><ce:bibliography view="all"><ce:section-title>References</ce:section-title><ce:bibliography-sec><ce:bib-reference id="BIB001"><ce:label>[1]</ce:label><sb:reference><sb:contribution langtype="en"><sb:authors><sb:collaboration>LEPS Collaboration</sb:collaboration><sb:author><ce:given-name>T.</ce:given-name><ce:surname>Nakano</ce:surname></sb:author><sb:et-al/></sb:authors></sb:contribution><sb:host><sb:issue><sb:series><sb:title><sb:maintitle>Phys. Rev. Lett.</sb:maintitle></sb:title><sb:volume-nr>91</sb:volume-nr></sb:series><sb:date>2003</sb:date></sb:issue><sb:pages><sb:first-page>012002</sb:first-page></sb:pages></sb:host><sb:host><sb:e-host><ce:inter-ref xlink:href="arxiv:hep-ex/0301020" xlink:role="http://www.elsevier.com/xml/linking-roles/preprint" xlink:type="simple">hep-ex/0301020</ce:inter-ref></sb:e-host></sb:host></sb:reference></ce:bib-reference><ce:bib-reference id="BIB002"><ce:label>[2]</ce:label><sb:reference><sb:contribution langtype="en"><sb:authors><sb:collaboration>CLAS Collaboration</sb:collaboration><sb:author><ce:given-name>S.</ce:given-name><ce:surname>Stepanyan</ce:surname></sb:author><sb:et-al/></sb:authors></sb:contribution><sb:host><sb:e-host><ce:inter-ref xlink:href="arxiv:hep-ex/0307018" xlink:role="http://www.elsevier.com/xml/linking-roles/preprint" xlink:type="simple">hep-ex/0307018</ce:inter-ref></sb:e-host></sb:host></sb:reference></ce:bib-reference><ce:bib-reference id="BIB003"><ce:label>[3]</ce:label><sb:reference><sb:contribution langtype="en"><sb:authors><sb:collaboration>DIANA Collaboration</sb:collaboration><sb:author><ce:given-name>V.V.</ce:given-name><ce:surname>Barmin</ce:surname></sb:author><sb:et-al/></sb:authors></sb:contribution><sb:host><sb:e-host><ce:inter-ref xlink:href="arxiv:hep-ex/0304040" xlink:role="http://www.elsevier.com/xml/linking-roles/preprint" xlink:type="simple">hep-ex/0304040</ce:inter-ref></sb:e-host></sb:host></sb:reference></ce:bib-reference><ce:bib-reference id="BIB004"><ce:label>[4]</ce:label><sb:reference><sb:contribution langtype="en"><sb:authors><sb:author><ce:given-name>D.</ce:given-name><ce:surname>Diakonov</ce:surname></sb:author><sb:author><ce:given-name>V.</ce:given-name><ce:surname>Petrov</ce:surname></sb:author><sb:author><ce:given-name>M.V.</ce:given-name><ce:surname>Polyakov</ce:surname></sb:author></sb:authors></sb:contribution><sb:host><sb:issue><sb:series><sb:title><sb:maintitle>Z. Phys. A</sb:maintitle></sb:title><sb:volume-nr>359</sb:volume-nr></sb:series><sb:date>1997</sb:date></sb:issue><sb:pages><sb:first-page>305</sb:first-page></sb:pages></sb:host><sb:host><sb:e-host><ce:inter-ref xlink:href="arxiv:hep-ph/9703373" xlink:role="http://www.elsevier.com/xml/linking-roles/preprint" xlink:type="simple">hep-ph/9703373</ce:inter-ref></sb:e-host></sb:host></sb:reference></ce:bib-reference><ce:bib-reference id="BIB005"><ce:label>[5]</ce:label><sb:reference><sb:contribution langtype="en"><sb:authors><sb:author><ce:given-name>D.</ce:given-name><ce:surname>Diakonov</ce:surname></sb:author><sb:author><ce:given-name>V.</ce:given-name><ce:surname>Petrov</ce:surname></sb:author></sb:authors></sb:contribution><sb:host><sb:e-host><ce:inter-ref xlink:href="arxiv:hep-ph/0309203" xlink:role="http://www.elsevier.com/xml/linking-roles/preprint" xlink:type="simple">hep-ph/0309203</ce:inter-ref></sb:e-host></sb:host></sb:reference></ce:bib-reference><ce:bib-reference id="BIB006"><ce:label>[6]</ce:label><sb:reference><sb:contribution langtype="en"><sb:authors><sb:author><ce:given-name>D.</ce:given-name><ce:surname>Diakonov</ce:surname></sb:author><sb:author><ce:given-name>V.</ce:given-name><ce:surname>Petrov</ce:surname></sb:author></sb:authors></sb:contribution><sb:host><sb:e-host><ce:inter-ref xlink:href="arxiv:hep-ph/0310212" xlink:role="http://www.elsevier.com/xml/linking-roles/preprint" xlink:type="simple">hep-ph/0310212</ce:inter-ref></sb:e-host></sb:host></sb:reference></ce:bib-reference><ce:bib-reference id="BIB007"><ce:label>[7]</ce:label><sb:reference><sb:contribution langtype="en"><sb:authors><sb:author><ce:given-name>M.</ce:given-name><ce:surname>Praszalowicz</ce:surname></sb:author></sb:authors></sb:contribution><sb:host><sb:issue><sb:series><sb:title><sb:maintitle>Phys. Lett. B</sb:maintitle></sb:title><sb:volume-nr>575</sb:volume-nr></sb:series><sb:date>2003</sb:date></sb:issue><sb:pages><sb:first-page>234</sb:first-page></sb:pages></sb:host><sb:host><sb:e-host><ce:inter-ref xlink:href="arxiv:hep-ph/0308114" xlink:role="http://www.elsevier.com/xml/linking-roles/preprint" xlink:type="simple">hep-ph/0308114</ce:inter-ref></sb:e-host></sb:host></sb:reference></ce:bib-reference><ce:bib-reference id="BIB008"><ce:label>[8]</ce:label><sb:reference><sb:contribution langtype="en"><sb:authors><sb:author><ce:given-name>N.</ce:given-name><ce:surname>Itzhaki</ce:surname></sb:author><sb:author><ce:given-name>I.R.</ce:given-name><ce:surname>Klebanov</ce:surname></sb:author><sb:author><ce:given-name>P.</ce:given-name><ce:surname>Ouyang</ce:surname></sb:author><sb:author><ce:given-name>L.</ce:given-name><ce:surname>Rastelli</ce:surname></sb:author></sb:authors></sb:contribution><sb:host><sb:e-host><ce:inter-ref xlink:href="arxiv:hep-ph/0309305" xlink:role="http://www.elsevier.com/xml/linking-roles/preprint" xlink:type="simple">hep-ph/0309305</ce:inter-ref></sb:e-host></sb:host></sb:reference></ce:bib-reference><ce:bib-reference id="BIB009"><ce:label>[9]</ce:label><sb:reference><sb:contribution langtype="en"><sb:authors><sb:author><ce:given-name>D.</ce:given-name><ce:surname>Borisyuk</ce:surname></sb:author><sb:author><ce:given-name>M.</ce:given-name><ce:surname>Faber</ce:surname></sb:author><sb:author><ce:given-name>A.</ce:given-name><ce:surname>Kobushkin</ce:surname></sb:author></sb:authors></sb:contribution><sb:host><sb:e-host><ce:inter-ref xlink:href="arxiv:hep-ph/0307370" xlink:role="http://www.elsevier.com/xml/linking-roles/preprint" xlink:type="simple">hep-ph/0307370</ce:inter-ref></sb:e-host></sb:host></sb:reference></ce:bib-reference><ce:bib-reference id="BIB010"><ce:label>[10]</ce:label><sb:reference><sb:contribution langtype="en"><sb:authors><sb:author><ce:given-name>R.L.</ce:given-name><ce:surname>Jaffe</ce:surname></sb:author><sb:author><ce:given-name>F.</ce:given-name><ce:surname>Wilczek</ce:surname></sb:author></sb:authors></sb:contribution><sb:host><sb:issue><sb:series><sb:title><sb:maintitle>Phys. Rev. Lett.</sb:maintitle></sb:title><sb:volume-nr>91</sb:volume-nr></sb:series><sb:date>2003</sb:date></sb:issue><sb:pages><sb:first-page>232003</sb:first-page></sb:pages></sb:host><sb:host><sb:e-host><ce:inter-ref xlink:href="arxiv:hep-ph/0307341" xlink:role="http://www.elsevier.com/xml/linking-roles/preprint" xlink:type="simple">hep-ph/0307341</ce:inter-ref></sb:e-host></sb:host></sb:reference></ce:bib-reference><ce:bib-reference id="BIB011"><ce:label>[11]</ce:label><sb:reference><sb:contribution langtype="en"><sb:authors><sb:author><ce:given-name>F.</ce:given-name><ce:surname>Stancu</ce:surname></sb:author><sb:author><ce:given-name>D.O.</ce:given-name><ce:surname>Riska</ce:surname></sb:author></sb:authors></sb:contribution><sb:host><sb:issue><sb:series><sb:title><sb:maintitle>Phys. Lett. B</sb:maintitle></sb:title><sb:volume-nr>575</sb:volume-nr></sb:series><sb:date>2003</sb:date></sb:issue><sb:pages><sb:first-page>242</sb:first-page></sb:pages></sb:host><sb:host><sb:e-host><ce:inter-ref xlink:href="arxiv:hep-ph/0307010" xlink:role="http://www.elsevier.com/xml/linking-roles/preprint" xlink:type="simple">hep-ph/0307010</ce:inter-ref></sb:e-host></sb:host></sb:reference></ce:bib-reference><ce:bib-reference id="BIB012"><ce:label>[12]</ce:label><sb:reference><sb:contribution langtype="en"><sb:authors><sb:author><ce:given-name>F.</ce:given-name><ce:surname>Csikor</ce:surname></sb:author><sb:author><ce:given-name>Z.</ce:given-name><ce:surname>Fodor</ce:surname></sb:author><sb:author><ce:given-name>S.D.</ce:given-name><ce:surname>Katz</ce:surname></sb:author><sb:author><ce:given-name>T.G.</ce:given-name><ce:surname>Kovacs</ce:surname></sb:author></sb:authors></sb:contribution><sb:host><sb:e-host><ce:inter-ref xlink:href="arxiv:hep-lat/0309090" xlink:role="http://www.elsevier.com/xml/linking-roles/preprint" xlink:type="simple">hep-lat/0309090</ce:inter-ref></sb:e-host></sb:host></sb:reference></ce:bib-reference><ce:bib-reference id="BIB013"><ce:label>[13]</ce:label><sb:reference><sb:contribution langtype="en"><sb:authors><sb:author><ce:given-name>J.</ce:given-name><ce:surname>Sugiyama</ce:surname></sb:author><sb:author><ce:given-name>T.</ce:given-name><ce:surname>Doi</ce:surname></sb:author><sb:author><ce:given-name>M.</ce:given-name><ce:surname>Oka</ce:surname></sb:author></sb:authors></sb:contribution><sb:host><sb:e-host><ce:inter-ref xlink:href="arxiv:hep-ph/0309271" xlink:role="http://www.elsevier.com/xml/linking-roles/preprint" xlink:type="simple">hep-ph/0309271</ce:inter-ref></sb:e-host></sb:host></sb:reference></ce:bib-reference><ce:bib-reference id="BIB014"><ce:label>[14]</ce:label><sb:reference><sb:contribution langtype="en"><sb:authors><sb:author><ce:given-name>S.</ce:given-name><ce:surname>Sasaki</ce:surname></sb:author></sb:authors></sb:contribution><sb:host><sb:e-host><ce:inter-ref xlink:href="arxiv:hep-lat/0310014" xlink:role="http://www.elsevier.com/xml/linking-roles/preprint" xlink:type="simple">hep-lat/0310014</ce:inter-ref></sb:e-host></sb:host></sb:reference></ce:bib-reference><ce:bib-reference id="BIB015"><ce:label>[15]</ce:label><sb:reference><sb:contribution langtype="en"><sb:authors><sb:author><ce:given-name>J.</ce:given-name><ce:surname>Randrup</ce:surname></sb:author></sb:authors></sb:contribution><sb:host><sb:issue><sb:series><sb:title><sb:maintitle>Phys. Rev. C</sb:maintitle></sb:title><sb:volume-nr>68</sb:volume-nr></sb:series><sb:date>2003</sb:date></sb:issue><sb:pages><sb:first-page>031903</sb:first-page></sb:pages></sb:host><sb:host><sb:e-host><ce:inter-ref xlink:href="arxiv:nucl-th/0307042" xlink:role="http://www.elsevier.com/xml/linking-roles/preprint" xlink:type="simple">nucl-th/0307042</ce:inter-ref></sb:e-host></sb:host></sb:reference></ce:bib-reference><ce:bib-reference id="BIB016"><ce:label>[16]</ce:label><sb:reference><sb:contribution langtype="en"><sb:authors><sb:author><ce:given-name>W.</ce:given-name><ce:surname>Liu</ce:surname></sb:author><sb:author><ce:given-name>C.M.</ce:given-name><ce:surname>Ko</ce:surname></sb:author></sb:authors></sb:contribution><sb:host><sb:e-host><ce:inter-ref xlink:href="arxiv:nucl-th/0308034" xlink:role="http://www.elsevier.com/xml/linking-roles/preprint" xlink:type="simple">nucl-th/0308034</ce:inter-ref></sb:e-host></sb:host></sb:reference></ce:bib-reference><ce:bib-reference id="BIB017"><ce:label>[17]</ce:label><sb:reference><sb:contribution langtype="en"><sb:authors><sb:author><ce:given-name>J.</ce:given-name><ce:surname>Letessier</ce:surname></sb:author><sb:author><ce:given-name>G.</ce:given-name><ce:surname>Torrieri</ce:surname></sb:author><sb:author><ce:given-name>S.</ce:given-name><ce:surname>Steinke</ce:surname></sb:author><sb:author><ce:given-name>J.</ce:given-name><ce:surname>Rafelski</ce:surname></sb:author></sb:authors></sb:contribution><sb:host><sb:e-host><ce:inter-ref xlink:href="arxiv:hep-ph/0310188" xlink:role="http://www.elsevier.com/xml/linking-roles/preprint" xlink:type="simple">hep-ph/0310188</ce:inter-ref></sb:e-host></sb:host></sb:reference></ce:bib-reference><ce:bib-reference id="BIB018"><ce:label>[18]</ce:label><sb:reference><sb:contribution langtype="en"><sb:authors><sb:author><ce:given-name>M.</ce:given-name><ce:surname>Bleicher</ce:surname></sb:author><sb:author><ce:given-name>A.</ce:given-name><ce:surname>Keränen</ce:surname></sb:author><sb:author><ce:given-name>J.</ce:given-name><ce:surname>Aichelin</ce:surname></sb:author><sb:author><ce:given-name>S.A.</ce:given-name><ce:surname>Bass</ce:surname></sb:author><sb:author><ce:given-name>F.</ce:given-name><ce:surname>Becattini</ce:surname></sb:author><sb:author><ce:given-name>K.</ce:given-name><ce:surname>Redlich</ce:surname></sb:author><sb:author><ce:given-name>K.</ce:given-name><ce:surname>Werner</ce:surname></sb:author></sb:authors></sb:contribution><sb:host><sb:issue><sb:series><sb:title><sb:maintitle>Phys. Rev. Lett.</sb:maintitle></sb:title><sb:volume-nr>88</sb:volume-nr></sb:series><sb:date>2002</sb:date></sb:issue><sb:pages><sb:first-page>202501</sb:first-page></sb:pages></sb:host><sb:host><sb:e-host><ce:inter-ref xlink:href="arxiv:hep-ph/0111187" xlink:role="http://www.elsevier.com/xml/linking-roles/preprint" xlink:type="simple">hep-ph/0111187</ce:inter-ref></sb:e-host></sb:host></sb:reference></ce:bib-reference><ce:bib-reference id="BIB019"><ce:label>[19]</ce:label><sb:reference><sb:contribution langtype="en"><sb:authors><sb:author><ce:given-name>R.L.</ce:given-name><ce:surname>Jaffe</ce:surname></sb:author></sb:authors></sb:contribution><sb:host><sb:issue><sb:series><sb:title><sb:maintitle>Phys. Rev. Lett.</sb:maintitle></sb:title><sb:volume-nr>38</sb:volume-nr></sb:series><sb:date>1977</sb:date></sb:issue><sb:pages><sb:first-page>195</sb:first-page></sb:pages></sb:host><sb:comment>Erratum</sb:comment></sb:reference></ce:bib-reference><ce:bib-reference id="BIB020"><ce:label>[20]</ce:label><sb:reference><sb:contribution langtype="en"><sb:authors><sb:author><ce:given-name>J.K.</ce:given-name><ce:surname>Ahn</ce:surname></sb:author><sb:et-al/></sb:authors></sb:contribution><sb:host><sb:issue><sb:series><sb:title><sb:maintitle>Phys. Rev. Lett.</sb:maintitle></sb:title><sb:volume-nr>87</sb:volume-nr></sb:series><sb:date>2001</sb:date></sb:issue><sb:pages><sb:first-page>132504</sb:first-page></sb:pages></sb:host></sb:reference></ce:bib-reference><ce:bib-reference id="BIB021"><ce:label>[21]</ce:label><sb:reference><sb:contribution langtype="en"><sb:authors><sb:author><ce:given-name>H.</ce:given-name><ce:surname>Takahashi</ce:surname></sb:author><sb:et-al/></sb:authors></sb:contribution><sb:host><sb:issue><sb:series><sb:title><sb:maintitle>Phys. Rev. Lett.</sb:maintitle></sb:title><sb:volume-nr>87</sb:volume-nr></sb:series><sb:date>2001</sb:date></sb:issue><sb:pages><sb:first-page>212502</sb:first-page></sb:pages></sb:host></sb:reference></ce:bib-reference><ce:bib-reference id="BIB022"><ce:label>[22]</ce:label><sb:reference><sb:contribution langtype="en"><sb:authors><sb:author><ce:given-name>H.J.</ce:given-name><ce:surname>Drescher</ce:surname></sb:author><sb:author><ce:given-name>M.</ce:given-name><ce:surname>Hladik</ce:surname></sb:author><sb:author><ce:given-name>S.</ce:given-name><ce:surname>Ostapchenko</ce:surname></sb:author><sb:author><ce:given-name>T.</ce:given-name><ce:surname>Pierog</ce:surname></sb:author><sb:author><ce:given-name>K.</ce:given-name><ce:surname>Werner</ce:surname></sb:author></sb:authors></sb:contribution><sb:host><sb:issue><sb:series><sb:title><sb:maintitle>Phys. Rep.</sb:maintitle></sb:title><sb:volume-nr>350</sb:volume-nr></sb:series><sb:date>2001</sb:date></sb:issue><sb:pages><sb:first-page>93</sb:first-page></sb:pages></sb:host><sb:host><sb:e-host><ce:inter-ref xlink:href="arxiv:hep-ph/0007198" xlink:role="http://www.elsevier.com/xml/linking-roles/preprint" xlink:type="simple">hep-ph/0007198</ce:inter-ref></sb:e-host></sb:host></sb:reference></ce:bib-reference><ce:bib-reference id="BIB023"><ce:label>[23]</ce:label><sb:reference><sb:contribution langtype="en"><sb:authors><sb:author><ce:given-name>F.M.</ce:given-name><ce:surname>Liu</ce:surname></sb:author><sb:author><ce:given-name>J.</ce:given-name><ce:surname>Aichelin</ce:surname></sb:author><sb:author><ce:given-name>M.</ce:given-name><ce:surname>Bleicher</ce:surname></sb:author><sb:author><ce:given-name>H.J.</ce:given-name><ce:surname>Drescher</ce:surname></sb:author><sb:author><ce:given-name>S.</ce:given-name><ce:surname>Ostapchenko</ce:surname></sb:author><sb:author><ce:given-name>T.</ce:given-name><ce:surname>Pierog</ce:surname></sb:author><sb:author><ce:given-name>K.</ce:given-name><ce:surname>Werner</ce:surname></sb:author></sb:authors></sb:contribution><sb:host><sb:issue><sb:series><sb:title><sb:maintitle>Phys. Rev. D</sb:maintitle></sb:title><sb:volume-nr>67</sb:volume-nr></sb:series><sb:date>2003</sb:date></sb:issue><sb:pages><sb:first-page>034011</sb:first-page></sb:pages></sb:host></sb:reference></ce:bib-reference><ce:bib-reference id="BIB024"><ce:label>[24]</ce:label><sb:reference><sb:contribution langtype="en"><sb:authors><sb:author><ce:given-name>K.</ce:given-name><ce:surname>Werner</ce:surname></sb:author><sb:author><ce:given-name>F.M.</ce:given-name><ce:surname>Liu</ce:surname></sb:author><sb:author><ce:given-name>S.</ce:given-name><ce:surname>Ostapchenko</ce:surname></sb:author><sb:author><ce:given-name>T.</ce:given-name><ce:surname>Pierog</ce:surname></sb:author></sb:authors></sb:contribution><sb:host><sb:issue><sb:series><sb:title><sb:maintitle>J. Phys. G: Nucl. Part. Phys.</sb:maintitle></sb:title><sb:volume-nr>30</sb:volume-nr></sb:series><sb:date>2004</sb:date></sb:issue><sb:pages><sb:first-page>s211</sb:first-page></sb:pages></sb:host><sb:host><sb:e-host><ce:inter-ref xlink:href="arxiv:hep-ph/0306152" xlink:role="http://www.elsevier.com/xml/linking-roles/preprint" xlink:type="simple">hep-ph/0306152</ce:inter-ref></sb:e-host></sb:host></sb:reference><sb:reference><sb:contribution langtype="en"><sb:authors><sb:author><ce:given-name>F.M.</ce:given-name><ce:surname>Liu</ce:surname></sb:author><sb:author><ce:given-name>T.</ce:given-name><ce:surname>Pierog</ce:surname></sb:author><sb:author><ce:given-name>J.</ce:given-name><ce:surname>Aichelin</ce:surname></sb:author><sb:author><ce:given-name>K.</ce:given-name><ce:surname>Werner</ce:surname></sb:author></sb:authors></sb:contribution><sb:host><sb:e-host><ce:inter-ref xlink:href="arxiv:hep-ph/0307204" xlink:role="http://www.elsevier.com/xml/linking-roles/preprint" xlink:type="simple">hep-ph/0307204</ce:inter-ref></sb:e-host></sb:host></sb:reference></ce:bib-reference><ce:bib-reference id="BIB025"><ce:label>[25]</ce:label><sb:reference><sb:contribution langtype="en"><sb:authors><sb:author><ce:given-name>K.</ce:given-name><ce:surname>Werner</ce:surname></sb:author><sb:author><ce:given-name>J.</ce:given-name><ce:surname>Aichelin</ce:surname></sb:author></sb:authors></sb:contribution><sb:host><sb:issue><sb:series><sb:title><sb:maintitle>Phys. Rev. C</sb:maintitle></sb:title><sb:volume-nr>52</sb:volume-nr></sb:series><sb:date>1995</sb:date></sb:issue><sb:pages><sb:first-page>1584</sb:first-page></sb:pages></sb:host><sb:host><sb:e-host><ce:inter-ref xlink:href="arxiv:nucl-th/9503021" xlink:role="http://www.elsevier.com/xml/linking-roles/preprint" xlink:type="simple">nucl-th/9503021</ce:inter-ref></sb:e-host></sb:host></sb:reference></ce:bib-reference><ce:bib-reference id="BIB026"><ce:label>[26]</ce:label><sb:reference><sb:contribution langtype="en"><sb:authors><sb:author><ce:given-name>M.</ce:given-name><ce:surname>Bleicher</ce:surname></sb:author><sb:author><ce:given-name>F.M.</ce:given-name><ce:surname>Liu</ce:surname></sb:author><sb:author><ce:given-name>J.</ce:given-name><ce:surname>Aichelin</ce:surname></sb:author><sb:author><ce:given-name>H.J.</ce:given-name><ce:surname>Drescher</ce:surname></sb:author><sb:author><ce:given-name>S.</ce:given-name><ce:surname>Ostapchenko</ce:surname></sb:author><sb:author><ce:given-name>T.</ce:given-name><ce:surname>Pierog</ce:surname></sb:author><sb:author><ce:given-name>K.</ce:given-name><ce:surname>Werner</ce:surname></sb:author></sb:authors></sb:contribution><sb:host><sb:issue><sb:series><sb:title><sb:maintitle>Phys. Rev. Lett.</sb:maintitle></sb:title><sb:volume-nr>92</sb:volume-nr></sb:series><sb:date>2004</sb:date></sb:issue><sb:pages><sb:first-page>072301</sb:first-page></sb:pages></sb:host><sb:host><sb:e-host><ce:inter-ref xlink:href="arxiv:hep-ph/0205182" xlink:role="http://www.elsevier.com/xml/linking-roles/preprint" xlink:type="simple">hep-ph/0205182</ce:inter-ref></sb:e-host></sb:host></sb:reference></ce:bib-reference></ce:bibliography-sec></ce:bibliography></tail></converted-article></xocs:serial-item></xocs:doc></originalText></full-text-retrieval-response>