<full-text-retrieval-response xmlns="http://www.elsevier.com/xml/svapi/article/dtd" xmlns:xsi="http://www.w3.org/2001/XMLSchema-instance" xmlns:prism="http://prismstandard.org/namespaces/basic/2.0/" xmlns:dcterms="http://purl.org/dc/terms/" xmlns:dc="http://purl.org/dc/elements/1.1/" xmlns:xocs="http://www.elsevier.com/xml/xocs/dtd" xmlns:xlink="http://www.w3.org/1999/xlink" xmlns:tb="http://www.elsevier.com/xml/common/table/dtd" xmlns:sb="http://www.elsevier.com/xml/common/struct-bib/dtd" xmlns:sa="http://www.elsevier.com/xml/common/struct-aff/dtd" xmlns:mml="http://www.w3.org/1998/Math/MathML" xmlns:ja="http://www.elsevier.com/xml/ja/dtd" xmlns:ce="http://www.elsevier.com/xml/common/dtd" xmlns:cals="http://www.elsevier.com/xml/common/cals/dtd" xmlns:bk="http://www.elsevier.com/xml/bk/dtd"><coredata><prism:url>http://api.elsevier.com/content/article/pii/S0370269304009062</prism:url><dc:identifier>doi:10.1016/j.physletb.2004.05.075</dc:identifier><eid>1-s2.0-S0370269304009062</eid><prism:doi>10.1016/j.physletb.2004.05.075</prism:doi><pii>S0370-2693(04)00906-2</pii><dc:title>Neutrino production by UHECR proton interactions in the infrared background </dc:title><prism:publicationName>Physics Letters B</prism:publicationName><prism:aggregationType>Journal</prism:aggregationType><prism:issn>03702693</prism:issn><prism:volume>595</prism:volume><prism:issueIdentifier>1-4</prism:issueIdentifier><prism:startingPage>50</prism:startingPage><prism:endingPage>54</prism:endingPage><prism:pageRange>50-54</prism:pageRange><prism:number>1-4</prism:number><dc:format>text/xml</dc:format><prism:coverDate>2004-08-12</prism:coverDate><prism:coverDisplayDate>12 August 2004</prism:coverDisplayDate><prism:copyright>Copyright © 2004 Elsevier B.V.</prism:copyright><prism:publisher>Elsevier B.V.</prism:publisher><dc:creator>Stanev, Todor</dc:creator><dc:description>AbstractWe discuss the contribution of proton photoproduction interactions in the isotropic infrared/optical background to the cosmic neutrino fluxes. This contribution has a strong dependence on the proton injection energy spectrum, and is essential at high redshifts. It is thus closely correlated with the cosmological evolution of the ultra-high energy proton sources and of the infrared background itself. These interactions may also contribute to the source fluxes of neutrinos if the proton sources are located in regions of high infrared emission and magnetic fields.</dc:description><openaccess>1</openaccess><openaccessArticle>true</openaccessArticle><openaccessType>Full</openaccessType><openArchiveArticle>false</openArchiveArticle><openaccessSponsorName>SCOAP3 - Sponsoring Consortium for Open Access Publishing in Particle Physics</openaccessSponsorName><openaccessSponsorType>FundingBody</openaccessSponsorType><openaccessUserLicense>http://creativecommons.org/licenses/by/3.0/</openaccessUserLicense><link rel="self" href="http://api.elsevier.com/content/article/pii/S0370269304009062"/><link rel="scidir" href="http://www.sciencedirect.com/science/article/pii/S0370269304009062"/></coredata><objects><object ref="si9" category="thumbnail" type="ALTIMG" multimediatype="GIF image file" mimetype="image/gif" width="57" height="16" size="302">http://api.elsevier.com/content/object/eid/1-s2.0-S0370269304009062-si9.gif?httpAccept=%2A%2F%2A</object><object ref="si8" category="thumbnail" type="ALTIMG" multimediatype="GIF image file" mimetype="image/gif" width="67" height="14" size="366">http://api.elsevier.com/content/object/eid/1-s2.0-S0370269304009062-si8.gif?httpAccept=%2A%2F%2A</object><object ref="si7" category="thumbnail" type="ALTIMG" multimediatype="GIF image file" mimetype="image/gif" width="65" height="14" size="345">http://api.elsevier.com/content/object/eid/1-s2.0-S0370269304009062-si7.gif?httpAccept=%2A%2F%2A</object><object ref="si6" category="thumbnail" type="ALTIMG" multimediatype="GIF image file" mimetype="image/gif" width="57" height="16" size="302">http://api.elsevier.com/content/object/eid/1-s2.0-S0370269304009062-si6.gif?httpAccept=%2A%2F%2A</object><object ref="si5" category="thumbnail" type="ALTIMG" multimediatype="GIF image file" mimetype="image/gif" width="33" height="14" size="250">http://api.elsevier.com/content/object/eid/1-s2.0-S0370269304009062-si5.gif?httpAccept=%2A%2F%2A</object><object ref="si4" category="thumbnail" type="ALTIMG" multimediatype="GIF image file" mimetype="image/gif" width="312" height="44" size="1669">http://api.elsevier.com/content/object/eid/1-s2.0-S0370269304009062-si4.gif?httpAccept=%2A%2F%2A</object><object ref="si3" category="thumbnail" type="ALTIMG" multimediatype="GIF image file" mimetype="image/gif" width="61" height="17" size="372">http://api.elsevier.com/content/object/eid/1-s2.0-S0370269304009062-si3.gif?httpAccept=%2A%2F%2A</object><object ref="si2" category="thumbnail" type="ALTIMG" multimediatype="GIF image file" mimetype="image/gif" width="162" height="18" size="687">http://api.elsevier.com/content/object/eid/1-s2.0-S0370269304009062-si2.gif?httpAccept=%2A%2F%2A</object><object ref="si12" category="thumbnail" type="ALTIMG" multimediatype="GIF image file" mimetype="image/gif" width="57" height="16" size="302">http://api.elsevier.com/content/object/eid/1-s2.0-S0370269304009062-si12.gif?httpAccept=%2A%2F%2A</object><object ref="si11" category="thumbnail" type="ALTIMG" multimediatype="GIF image file" mimetype="image/gif" width="19" height="13" size="167">http://api.elsevier.com/content/object/eid/1-s2.0-S0370269304009062-si11.gif?httpAccept=%2A%2F%2A</object><object ref="si10" category="thumbnail" type="ALTIMG" multimediatype="GIF image file" mimetype="image/gif" width="19" height="13" size="167">http://api.elsevier.com/content/object/eid/1-s2.0-S0370269304009062-si10.gif?httpAccept=%2A%2F%2A</object><object ref="si1" category="thumbnail" type="ALTIMG" multimediatype="GIF image file" mimetype="image/gif" width="57" height="16" size="302">http://api.elsevier.com/content/object/eid/1-s2.0-S0370269304009062-si1.gif?httpAccept=%2A%2F%2A</object><object ref="gr004" category="high" type="IMAGE-HIGH-RES" multimediatype="JPEG image file" mimetype="image/jpeg" width="836" height="624" size="57647">http://api.elsevier.com/content/object/eid/1-s2.0-S0370269304009062-gr004_lrg.jpg?httpAccept=%2A%2F%2A</object><object ref="gr003" category="high" type="IMAGE-HIGH-RES" multimediatype="JPEG image file" mimetype="image/jpeg" width="832" height="624" size="56103">http://api.elsevier.com/content/object/eid/1-s2.0-S0370269304009062-gr003_lrg.jpg?httpAccept=%2A%2F%2A</object><object ref="gr002" category="high" type="IMAGE-HIGH-RES" multimediatype="JPEG image file" mimetype="image/jpeg" width="827" height="587" size="39928">http://api.elsevier.com/content/object/eid/1-s2.0-S0370269304009062-gr002_lrg.jpg?httpAccept=%2A%2F%2A</object><object ref="gr001" category="high" type="IMAGE-HIGH-RES" multimediatype="GIF image file" mimetype="image/gif" width="2799" height="1978" size="45900">http://api.elsevier.com/content/object/eid/1-s2.0-S0370269304009062-gr001_lrg.gif?httpAccept=%2A%2F%2A</object><object ref="gr004" category="standard" type="IMAGE-DOWNSAMPLED" multimediatype="JPEG image file" mimetype="image/jpeg" width="314" height="234" size="15617">http://api.elsevier.com/content/object/eid/1-s2.0-S0370269304009062-gr004.jpg?httpAccept=%2A%2F%2A</object><object ref="gr003" category="standard" type="IMAGE-DOWNSAMPLED" multimediatype="JPEG image file" mimetype="image/jpeg" width="313" height="235" size="15239">http://api.elsevier.com/content/object/eid/1-s2.0-S0370269304009062-gr003.jpg?httpAccept=%2A%2F%2A</object><object ref="gr002" category="standard" type="IMAGE-DOWNSAMPLED" multimediatype="JPEG image file" mimetype="image/jpeg" width="311" height="221" size="10993">http://api.elsevier.com/content/object/eid/1-s2.0-S0370269304009062-gr002.jpg?httpAccept=%2A%2F%2A</object><object ref="gr001" category="standard" type="IMAGE-DOWNSAMPLED" multimediatype="GIF image file" mimetype="image/gif" width="316" height="223" size="5279">http://api.elsevier.com/content/object/eid/1-s2.0-S0370269304009062-gr001.gif?httpAccept=%2A%2F%2A</object><object ref="gr001" category="thumbnail" type="IMAGE-THUMBNAIL" multimediatype="GIF image file" mimetype="image/gif" width="219" height="155" size="3349">http://api.elsevier.com/content/object/eid/1-s2.0-S0370269304009062-gr001.sml?httpAccept=%2A%2F%2A</object><object ref="gr004" category="thumbnail" type="IMAGE-THUMBNAIL" multimediatype="GIF image file" mimetype="image/gif" width="219" height="163" size="4370">http://api.elsevier.com/content/object/eid/1-s2.0-S0370269304009062-gr004.sml?httpAccept=%2A%2F%2A</object><object ref="gr003" category="thumbnail" type="IMAGE-THUMBNAIL" multimediatype="GIF image file" mimetype="image/gif" width="219" height="164" size="4321">http://api.elsevier.com/content/object/eid/1-s2.0-S0370269304009062-gr003.sml?httpAccept=%2A%2F%2A</object><object ref="gr002" category="thumbnail" type="IMAGE-THUMBNAIL" multimediatype="GIF image file" mimetype="image/gif" width="219" height="155" size="3087">http://api.elsevier.com/content/object/eid/1-s2.0-S0370269304009062-gr002.sml?httpAccept=%2A%2F%2A</object></objects><scopus-id>3843137106</scopus-id><scopus-eid>2-s2.0-3843137106</scopus-eid><link rel="abstract" href="http://api.elsevier.com/content/abstract/scopus_id/3843137106"/><originalText><xocs:doc xmlns:xoe="http://www.elsevier.com/xml/xoe/dtd" xsi:schemaLocation="http://www.elsevier.com/xml/xocs/dtd http://be-prod3a/schema/dtds/document/fulltext/xcr/xocs-article.xsd"><xocs:meta><xocs:content-family>serial</xocs:content-family><xocs:content-type>JL</xocs:content-type><xocs:cid>271623</xocs:cid><xocs:ssids><xocs:ssid type="alllist">291210</xocs:ssid><xocs:ssid type="subj">291829</xocs:ssid><xocs:ssid type="content">31</xocs:ssid><xocs:ssid type="oa">90</xocs:ssid></xocs:ssids><xocs:srctitle>Physics Letters B</xocs:srctitle><xocs:normalized-srctitle>PHYSICSLETTERSB</xocs:normalized-srctitle><xocs:orig-load-date yyyymmdd="20040622">2004-06-22</xocs:orig-load-date><xocs:available-online-date yyyymmdd="20040622">2004-06-22</xocs:available-online-date><xocs:ew-transaction-id>2014-10-22T08:09:00</xocs:ew-transaction-id><xocs:eid>1-s2.0-S0370269304009062</xocs:eid><xocs:pii-formatted>S0370-2693(04)00906-2</xocs:pii-formatted><xocs:pii-unformatted>S0370269304009062</xocs:pii-unformatted><xocs:doi>10.1016/j.physletb.2004.05.075</xocs:doi><xocs:item-stage>S300</xocs:item-stage><xocs:item-version-number>S300.3</xocs:item-version-number><xocs:item-weight>FULL-TEXT</xocs:item-weight><xocs:hub-eid>1-s2.0-S0370269300X16267</xocs:hub-eid><xocs:timestamp yyyymmdd="20150514">2015-05-14T07:34:07.351008-04:00</xocs:timestamp><xocs:dco>0</xocs:dco><xocs:tomb>0</xocs:tomb><xocs:date-search-begin>20040812</xocs:date-search-begin><xocs:year-nav>2004</xocs:year-nav><xocs:indexeddate epoch="1087862400">2004-06-22T00:00:00Z</xocs:indexeddate><xocs:articleinfo>articleinfo articletitlenorm authfirstinitialnorm authfirstsurnamenorm cid cids contenttype copyright crossmark dateloaded dateloadedtxt datesearch datesort dateupdated dco docsubtype doctype doi eid ewtransactionid hubeid indexeddate issfirst issn issnnorm issuelist itemstage itemtransactionid itemweight oauserlicense openaccess openarchive pg pgfirst pglast pii piinorm pubdatestart pubdatetxt pubyr sortorder srctitle srctitlenorm srctype ssids alllist content oa subj subheadings tomb volfirst volissue volumelist webpdf webpdfpagecount yearnav figure body acknowledge affil articletitle auth authfirstini authfull authlast doctopic misctext primabst ref</xocs:articleinfo><xocs:issns><xocs:issn-primary-formatted>0370-2693</xocs:issn-primary-formatted><xocs:issn-primary-unformatted>03702693</xocs:issn-primary-unformatted></xocs:issns><xocs:crossmark is-crossmark="0">false</xocs:crossmark><xocs:vol-first>595</xocs:vol-first><xocs:volume-list><xocs:volume>595</xocs:volume></xocs:volume-list><xocs:iss-first>1</xocs:iss-first><xocs:iss-last>4</xocs:iss-last><xocs:issue-list><xocs:issue>1</xocs:issue><xocs:issue>2</xocs:issue><xocs:issue>3</xocs:issue><xocs:issue>4</xocs:issue></xocs:issue-list><xocs:vol-iss-suppl-text>Volume 595, Issues 1–4</xocs:vol-iss-suppl-text><xocs:sort-order>10</xocs:sort-order><xocs:first-fp>50</xocs:first-fp><xocs:last-lp>54</xocs:last-lp><xocs:pages><xocs:first-page>50</xocs:first-page><xocs:last-page>54</xocs:last-page></xocs:pages><xocs:cover-date-orig><xocs:start-date>20040812</xocs:start-date></xocs:cover-date-orig><xocs:cover-date-text>12 August 2004</xocs:cover-date-text><xocs:cover-date-start>2004-08-12</xocs:cover-date-start><xocs:cover-date-year>2004</xocs:cover-date-year><xocs:document-type>converted-article</xocs:document-type><xocs:document-subtype>sco</xocs:document-subtype><xocs:copyright-line>Copyright © 2004 Elsevier B.V.</xocs:copyright-line><xocs:normalized-article-title>NEUTRINOPRODUCTIONBYUHECRPROTONINTERACTIONSININFRAREDBACKGROUND</xocs:normalized-article-title><xocs:normalized-first-auth-surname>STANEV</xocs:normalized-first-auth-surname><xocs:normalized-first-auth-initial>T</xocs:normalized-first-auth-initial><xocs:item-toc><xocs:item-toc-entry ref-elem="ce:sections"><xocs:item-toc-section-title>Note added in proof</xocs:item-toc-section-title></xocs:item-toc-entry><xocs:item-toc-entry ref-elem="ce:acknowledgment"><xocs:item-toc-section-title>Acknowledgements</xocs:item-toc-section-title></xocs:item-toc-entry><xocs:item-toc-entry ref-elem="ce:bibliography"><xocs:item-toc-section-title>References</xocs:item-toc-section-title></xocs:item-toc-entry></xocs:item-toc><xocs:references><xocs:ref-info refid="BIB001"><xocs:ref-normalized-surname>BEREZINSKY</xocs:ref-normalized-surname><xocs:ref-pub-year>1969</xocs:ref-pub-year><xocs:ref-first-fp>423</xocs:ref-first-fp><xocs:ref-normalized-initial>V</xocs:ref-normalized-initial></xocs:ref-info><xocs:ref-info refid="BIB001"><xocs:ref-normalized-surname>BEREZINSKY</xocs:ref-normalized-surname><xocs:ref-pub-year>1970</xocs:ref-pub-year><xocs:ref-first-fp>111</xocs:ref-first-fp><xocs:ref-normalized-initial>V</xocs:ref-normalized-initial></xocs:ref-info><xocs:ref-info refid="BIB002"><xocs:ref-normalized-surname>GREISEN</xocs:ref-normalized-surname><xocs:ref-pub-year>1966</xocs:ref-pub-year><xocs:ref-first-fp>748</xocs:ref-first-fp><xocs:ref-normalized-initial>K</xocs:ref-normalized-initial></xocs:ref-info><xocs:ref-info refid="BIB002"><xocs:ref-normalized-surname>ZATSEPIN</xocs:ref-normalized-surname><xocs:ref-pub-year>1966</xocs:ref-pub-year><xocs:ref-first-fp>78</xocs:ref-first-fp><xocs:ref-normalized-initial>G</xocs:ref-normalized-initial></xocs:ref-info><xocs:ref-info refid="BIB003"><xocs:ref-normalized-surname>STECKER</xocs:ref-normalized-surname><xocs:ref-pub-year>1973</xocs:ref-pub-year><xocs:ref-first-fp>47</xocs:ref-first-fp><xocs:ref-normalized-initial>F</xocs:ref-normalized-initial></xocs:ref-info><xocs:ref-info refid="BIB004"><xocs:ref-normalized-surname>HILL</xocs:ref-normalized-surname><xocs:ref-pub-year>1985</xocs:ref-pub-year><xocs:ref-first-fp>564</xocs:ref-first-fp><xocs:ref-normalized-initial>C</xocs:ref-normalized-initial></xocs:ref-info><xocs:ref-info refid="BIB005"><xocs:ref-normalized-surname>WAXMAN</xocs:ref-normalized-surname><xocs:ref-pub-year>1999</xocs:ref-pub-year><xocs:ref-first-fp>023002</xocs:ref-first-fp><xocs:ref-normalized-initial>E</xocs:ref-normalized-initial></xocs:ref-info><xocs:ref-info refid="BIB006"><xocs:ref-normalized-surname>FRANCESCHINI</xocs:ref-normalized-surname><xocs:ref-pub-year>2001</xocs:ref-pub-year><xocs:ref-first-fp>1</xocs:ref-first-fp><xocs:ref-normalized-initial>A</xocs:ref-normalized-initial></xocs:ref-info><xocs:ref-info refid="BIB007"><xocs:ref-normalized-surname>STECKER</xocs:ref-normalized-surname><xocs:ref-pub-year>1999</xocs:ref-pub-year><xocs:ref-first-fp>83</xocs:ref-first-fp><xocs:ref-normalized-initial>F</xocs:ref-normalized-initial></xocs:ref-info><xocs:ref-info refid="BIB008"><xocs:ref-normalized-surname>STANEV</xocs:ref-normalized-surname><xocs:ref-pub-year>1998</xocs:ref-pub-year><xocs:ref-first-fp>L159</xocs:ref-first-fp><xocs:ref-normalized-initial>T</xocs:ref-normalized-initial></xocs:ref-info><xocs:ref-info refid="BIB009"><xocs:ref-normalized-surname>HAUSER</xocs:ref-normalized-surname><xocs:ref-pub-year>1998</xocs:ref-pub-year><xocs:ref-first-fp>25</xocs:ref-first-fp><xocs:ref-normalized-initial>M</xocs:ref-normalized-initial></xocs:ref-info><xocs:ref-info refid="BIB010"><xocs:ref-normalized-surname>LAGACHE</xocs:ref-normalized-surname><xocs:ref-pub-year>1999</xocs:ref-pub-year><xocs:ref-first-fp>L322</xocs:ref-first-fp><xocs:ref-normalized-initial>G</xocs:ref-normalized-initial></xocs:ref-info><xocs:ref-info refid="BIB011"><xocs:ref-normalized-surname>ENGEL</xocs:ref-normalized-surname><xocs:ref-pub-year>2001</xocs:ref-pub-year><xocs:ref-first-fp>093010</xocs:ref-first-fp><xocs:ref-normalized-initial>R</xocs:ref-normalized-initial></xocs:ref-info><xocs:ref-info refid="BIB012"><xocs:ref-normalized-surname>WAXMAN</xocs:ref-normalized-surname><xocs:ref-pub-year>1995</xocs:ref-pub-year><xocs:ref-first-fp>L1</xocs:ref-first-fp><xocs:ref-normalized-initial>E</xocs:ref-normalized-initial></xocs:ref-info><xocs:ref-info refid="BIB013"><xocs:ref-normalized-surname>MANNHEIM</xocs:ref-normalized-surname><xocs:ref-pub-year>2001</xocs:ref-pub-year><xocs:ref-first-fp>0.23003</xocs:ref-first-fp><xocs:ref-normalized-initial>K</xocs:ref-normalized-initial></xocs:ref-info><xocs:ref-info refid="BIB014"/><xocs:ref-info refid="BIB015"/><xocs:ref-info refid="BIB016"/><xocs:ref-info refid="BIB017"><xocs:ref-normalized-surname>HAIMAN</xocs:ref-normalized-surname><xocs:ref-pub-year>2003</xocs:ref-pub-year><xocs:ref-first-fp>630</xocs:ref-first-fp><xocs:ref-normalized-initial>Z</xocs:ref-normalized-initial></xocs:ref-info><xocs:ref-info refid="BIB018"><xocs:ref-normalized-surname>BLASI</xocs:ref-normalized-surname><xocs:ref-pub-year>2004</xocs:ref-pub-year><xocs:ref-first-fp>559</xocs:ref-first-fp><xocs:ref-normalized-initial>P</xocs:ref-normalized-initial></xocs:ref-info><xocs:ref-info refid="BIB019"><xocs:ref-normalized-surname>STANEV</xocs:ref-normalized-surname><xocs:ref-pub-year>2003</xocs:ref-pub-year><xocs:ref-normalized-initial>T</xocs:ref-normalized-initial><xocs:ref-normalized-srctitle>EXTREMELYHIGHENERGYCOSMICRAYS</xocs:ref-normalized-srctitle></xocs:ref-info><xocs:ref-info refid="BIB020"><xocs:ref-normalized-surname>BEREZINSKY</xocs:ref-normalized-surname><xocs:ref-normalized-initial>V</xocs:ref-normalized-initial></xocs:ref-info><xocs:ref-info refid="BIB020"><xocs:ref-normalized-surname>BEREZINSKY</xocs:ref-normalized-surname><xocs:ref-normalized-initial>V</xocs:ref-normalized-initial></xocs:ref-info></xocs:references><xocs:refkeys><xocs:refkey3>STANEVX2004X50</xocs:refkey3><xocs:refkey4lp>STANEVX2004X50X54</xocs:refkey4lp><xocs:refkey4ai>STANEVX2004X50XT</xocs:refkey4ai><xocs:refkey5>STANEVX2004X50X54XT</xocs:refkey5></xocs:refkeys><xocs:open-access><xocs:oa-article-status is-open-access="1" is-open-archive="0">Full</xocs:oa-article-status><xocs:oa-access-effective-date>2014-01-01T00:14:32Z</xocs:oa-access-effective-date><xocs:oa-sponsor><xocs:oa-sponsor-type>FundingBody</xocs:oa-sponsor-type><xocs:oa-sponsor-name>SCOAP3 - Sponsoring Consortium for Open Access Publishing in Particle Physics</xocs:oa-sponsor-name></xocs:oa-sponsor><xocs:oa-user-license>http://creativecommons.org/licenses/by/3.0/</xocs:oa-user-license><xocs:oa-access-inherited-from winid="http://vtw.elsevier.com/content/oaw/SCOAP320142016">OA-Window</xocs:oa-access-inherited-from></xocs:open-access><xocs:attachment-metadata-doc><xocs:attachment-set-type>item</xocs:attachment-set-type><xocs:pii-formatted>S0370-2693(04)00906-2</xocs:pii-formatted><xocs:pii-unformatted>S0370269304009062</xocs:pii-unformatted><xocs:eid>1-s2.0-S0370269304009062</xocs:eid><xocs:doi>10.1016/j.physletb.2004.05.075</xocs:doi><xocs:cid>271623</xocs:cid><xocs:timestamp>2014-10-22T04:39:59.968984-04:00</xocs:timestamp><xocs:cover-date-start>2004-08-12</xocs:cover-date-start><xocs:attachments><xocs:web-pdf><xocs:attachment-eid>1-s2.0-S0370269304009062-main.pdf</xocs:attachment-eid><xocs:ucs-locator>https://s3.amazonaws.com/prod-ucs-content-store-us-east/content/pii:S0370269304009062/MAIN/application/pdf/493f0bf672bc869f9735087f2464ddd5/main.pdf</xocs:ucs-locator><xocs:ucs-locator>https://s3-eu-west-1.amazonaws.com/prod-ucs-content-store-eu-west/content/pii:S0370269304009062/MAIN/application/pdf/493f0bf672bc869f9735087f2464ddd5/main.pdf</xocs:ucs-locator><xocs:filename>main.pdf</xocs:filename><xocs:extension>pdf</xocs:extension><xocs:pdf-optimized>true</xocs:pdf-optimized><xocs:filesize>299930</xocs:filesize><xocs:web-pdf-purpose>MAIN</xocs:web-pdf-purpose><xocs:web-pdf-page-count>5</xocs:web-pdf-page-count><xocs:web-pdf-images><xocs:web-pdf-image><xocs:attachment-eid>1-s2.0-S0370269304009062-main_1.png</xocs:attachment-eid><xocs:ucs-locator>https://s3-eu-west-1.amazonaws.com/prod-ucs-content-store-eu-west/content/pii:S0370269304009062/PREVIEW/image/png/572380b077c07243b9399b006adf0ec8/main_1.png</xocs:ucs-locator><xocs:ucs-locator>https://s3.amazonaws.com/prod-ucs-content-store-us-east/content/pii:S0370269304009062/PREVIEW/image/png/572380b077c07243b9399b006adf0ec8/main_1.png</xocs:ucs-locator><xocs:filename>main_1.png</xocs:filename><xocs:extension>png</xocs:extension><xocs:filesize>58004</xocs:filesize><xocs:pixel-height>849</xocs:pixel-height><xocs:pixel-width>656</xocs:pixel-width><xocs:attachment-type>IMAGE-WEB-PDF</xocs:attachment-type><xocs:pdf-page-num>1</xocs:pdf-page-num></xocs:web-pdf-image></xocs:web-pdf-images></xocs:web-pdf><xocs:attachment><xocs:attachment-eid>1-s2.0-S0370269304009062-si9.gif</xocs:attachment-eid><xocs:ucs-locator>https://s3.amazonaws.com/prod-ucs-content-store-us-east/content/pii:S0370269304009062/STRIPIN/image/gif/5e67a8e8afe569dc676372211dce41e2/si6.gif</xocs:ucs-locator><xocs:ucs-locator>https://s3-eu-west-1.amazonaws.com/prod-ucs-content-store-eu-west/content/pii:S0370269304009062/STRIPIN/image/gif/5e67a8e8afe569dc676372211dce41e2/si6.gif</xocs:ucs-locator><xocs:file-basename>si9</xocs:file-basename><xocs:filename>si9.gif</xocs:filename><xocs:extension>gif</xocs:extension><xocs:filesize>302</xocs:filesize><xocs:pixel-height>16</xocs:pixel-height><xocs:pixel-width>57</xocs:pixel-width><xocs:attachment-type>ALTIMG</xocs:attachment-type></xocs:attachment><xocs:attachment><xocs:attachment-eid>1-s2.0-S0370269304009062-si8.gif</xocs:attachment-eid><xocs:ucs-locator>https://s3.amazonaws.com/prod-ucs-content-store-us-east/content/pii:S0370269304009062/STRIPIN/image/gif/9012a7ae4380e050a6d959ee74845994/si8.gif</xocs:ucs-locator><xocs:ucs-locator>https://s3-eu-west-1.amazonaws.com/prod-ucs-content-store-eu-west/content/pii:S0370269304009062/STRIPIN/image/gif/9012a7ae4380e050a6d959ee74845994/si8.gif</xocs:ucs-locator><xocs:file-basename>si8</xocs:file-basename><xocs:filename>si8.gif</xocs:filename><xocs:extension>gif</xocs:extension><xocs:filesize>366</xocs:filesize><xocs:pixel-height>14</xocs:pixel-height><xocs:pixel-width>67</xocs:pixel-width><xocs:attachment-type>ALTIMG</xocs:attachment-type></xocs:attachment><xocs:attachment><xocs:attachment-eid>1-s2.0-S0370269304009062-si7.gif</xocs:attachment-eid><xocs:ucs-locator>https://s3.amazonaws.com/prod-ucs-content-store-us-east/content/pii:S0370269304009062/STRIPIN/image/gif/505747d79413a387092ab60d9ce661fd/si7.gif</xocs:ucs-locator><xocs:ucs-locator>https://s3-eu-west-1.amazonaws.com/prod-ucs-content-store-eu-west/content/pii:S0370269304009062/STRIPIN/image/gif/505747d79413a387092ab60d9ce661fd/si7.gif</xocs:ucs-locator><xocs:file-basename>si7</xocs:file-basename><xocs:filename>si7.gif</xocs:filename><xocs:extension>gif</xocs:extension><xocs:filesize>345</xocs:filesize><xocs:pixel-height>14</xocs:pixel-height><xocs:pixel-width>65</xocs:pixel-width><xocs:attachment-type>ALTIMG</xocs:attachment-type></xocs:attachment><xocs:attachment><xocs:attachment-eid>1-s2.0-S0370269304009062-si6.gif</xocs:attachment-eid><xocs:ucs-locator>https://s3.amazonaws.com/prod-ucs-content-store-us-east/content/pii:S0370269304009062/STRIPIN/image/gif/5e67a8e8afe569dc676372211dce41e2/si6.gif</xocs:ucs-locator><xocs:ucs-locator>https://s3-eu-west-1.amazonaws.com/prod-ucs-content-store-eu-west/content/pii:S0370269304009062/STRIPIN/image/gif/5e67a8e8afe569dc676372211dce41e2/si6.gif</xocs:ucs-locator><xocs:file-basename>si6</xocs:file-basename><xocs:filename>si6.gif</xocs:filename><xocs:extension>gif</xocs:extension><xocs:filesize>302</xocs:filesize><xocs:pixel-height>16</xocs:pixel-height><xocs:pixel-width>57</xocs:pixel-width><xocs:attachment-type>ALTIMG</xocs:attachment-type></xocs:attachment><xocs:attachment><xocs:attachment-eid>1-s2.0-S0370269304009062-si5.gif</xocs:attachment-eid><xocs:ucs-locator>https://s3.amazonaws.com/prod-ucs-content-store-us-east/content/pii:S0370269304009062/STRIPIN/image/gif/963c0efaa7b90ccae5aaa4f333a0d5b3/si5.gif</xocs:ucs-locator><xocs:ucs-locator>https://s3-eu-west-1.amazonaws.com/prod-ucs-content-store-eu-west/content/pii:S0370269304009062/STRIPIN/image/gif/963c0efaa7b90ccae5aaa4f333a0d5b3/si5.gif</xocs:ucs-locator><xocs:file-basename>si5</xocs:file-basename><xocs:filename>si5.gif</xocs:filename><xocs:extension>gif</xocs:extension><xocs:filesize>250</xocs:filesize><xocs:pixel-height>14</xocs:pixel-height><xocs:pixel-width>33</xocs:pixel-width><xocs:attachment-type>ALTIMG</xocs:attachment-type></xocs:attachment><xocs:attachment><xocs:attachment-eid>1-s2.0-S0370269304009062-si4.gif</xocs:attachment-eid><xocs:ucs-locator>https://s3.amazonaws.com/prod-ucs-content-store-us-east/content/pii:S0370269304009062/STRIPIN/image/gif/2253925dac0872a9b0c6cd7d361faf23/si4.gif</xocs:ucs-locator><xocs:ucs-locator>https://s3-eu-west-1.amazonaws.com/prod-ucs-content-store-eu-west/content/pii:S0370269304009062/STRIPIN/image/gif/2253925dac0872a9b0c6cd7d361faf23/si4.gif</xocs:ucs-locator><xocs:file-basename>si4</xocs:file-basename><xocs:filename>si4.gif</xocs:filename><xocs:extension>gif</xocs:extension><xocs:filesize>1669</xocs:filesize><xocs:pixel-height>44</xocs:pixel-height><xocs:pixel-width>312</xocs:pixel-width><xocs:attachment-type>ALTIMG</xocs:attachment-type></xocs:attachment><xocs:attachment><xocs:attachment-eid>1-s2.0-S0370269304009062-si3.gif</xocs:attachment-eid><xocs:ucs-locator>https://s3.amazonaws.com/prod-ucs-content-store-us-east/content/pii:S0370269304009062/STRIPIN/image/gif/fbb64ba495997fc6f257e6103f756307/si3.gif</xocs:ucs-locator><xocs:ucs-locator>https://s3-eu-west-1.amazonaws.com/prod-ucs-content-store-eu-west/content/pii:S0370269304009062/STRIPIN/image/gif/fbb64ba495997fc6f257e6103f756307/si3.gif</xocs:ucs-locator><xocs:file-basename>si3</xocs:file-basename><xocs:filename>si3.gif</xocs:filename><xocs:extension>gif</xocs:extension><xocs:filesize>372</xocs:filesize><xocs:pixel-height>17</xocs:pixel-height><xocs:pixel-width>61</xocs:pixel-width><xocs:attachment-type>ALTIMG</xocs:attachment-type></xocs:attachment><xocs:attachment><xocs:attachment-eid>1-s2.0-S0370269304009062-si2.gif</xocs:attachment-eid><xocs:ucs-locator>https://s3.amazonaws.com/prod-ucs-content-store-us-east/content/pii:S0370269304009062/STRIPIN/image/gif/e66079be6b8c059618d0c94510fe7703/si2.gif</xocs:ucs-locator><xocs:ucs-locator>https://s3-eu-west-1.amazonaws.com/prod-ucs-content-store-eu-west/content/pii:S0370269304009062/STRIPIN/image/gif/e66079be6b8c059618d0c94510fe7703/si2.gif</xocs:ucs-locator><xocs:file-basename>si2</xocs:file-basename><xocs:filename>si2.gif</xocs:filename><xocs:extension>gif</xocs:extension><xocs:filesize>687</xocs:filesize><xocs:pixel-height>18</xocs:pixel-height><xocs:pixel-width>162</xocs:pixel-width><xocs:attachment-type>ALTIMG</xocs:attachment-type></xocs:attachment><xocs:attachment><xocs:attachment-eid>1-s2.0-S0370269304009062-si12.gif</xocs:attachment-eid><xocs:ucs-locator>https://s3.amazonaws.com/prod-ucs-content-store-us-east/content/pii:S0370269304009062/STRIPIN/image/gif/5e67a8e8afe569dc676372211dce41e2/si6.gif</xocs:ucs-locator><xocs:ucs-locator>https://s3-eu-west-1.amazonaws.com/prod-ucs-content-store-eu-west/content/pii:S0370269304009062/STRIPIN/image/gif/5e67a8e8afe569dc676372211dce41e2/si6.gif</xocs:ucs-locator><xocs:file-basename>si12</xocs:file-basename><xocs:filename>si12.gif</xocs:filename><xocs:extension>gif</xocs:extension><xocs:filesize>302</xocs:filesize><xocs:pixel-height>16</xocs:pixel-height><xocs:pixel-width>57</xocs:pixel-width><xocs:attachment-type>ALTIMG</xocs:attachment-type></xocs:attachment><xocs:attachment><xocs:attachment-eid>1-s2.0-S0370269304009062-si11.gif</xocs:attachment-eid><xocs:ucs-locator>https://s3.amazonaws.com/prod-ucs-content-store-us-east/content/pii:S0370269304009062/STRIPIN/image/gif/8f4e201fbf925d7721c62138aa39118a/si10.gif</xocs:ucs-locator><xocs:ucs-locator>https://s3-eu-west-1.amazonaws.com/prod-ucs-content-store-eu-west/content/pii:S0370269304009062/STRIPIN/image/gif/8f4e201fbf925d7721c62138aa39118a/si10.gif</xocs:ucs-locator><xocs:file-basename>si11</xocs:file-basename><xocs:filename>si11.gif</xocs:filename><xocs:extension>gif</xocs:extension><xocs:filesize>167</xocs:filesize><xocs:pixel-height>13</xocs:pixel-height><xocs:pixel-width>19</xocs:pixel-width><xocs:attachment-type>ALTIMG</xocs:attachment-type></xocs:attachment><xocs:attachment><xocs:attachment-eid>1-s2.0-S0370269304009062-si10.gif</xocs:attachment-eid><xocs:ucs-locator>https://s3.amazonaws.com/prod-ucs-content-store-us-east/content/pii:S0370269304009062/STRIPIN/image/gif/8f4e201fbf925d7721c62138aa39118a/si10.gif</xocs:ucs-locator><xocs:ucs-locator>https://s3-eu-west-1.amazonaws.com/prod-ucs-content-store-eu-west/content/pii:S0370269304009062/STRIPIN/image/gif/8f4e201fbf925d7721c62138aa39118a/si10.gif</xocs:ucs-locator><xocs:file-basename>si10</xocs:file-basename><xocs:filename>si10.gif</xocs:filename><xocs:extension>gif</xocs:extension><xocs:filesize>167</xocs:filesize><xocs:pixel-height>13</xocs:pixel-height><xocs:pixel-width>19</xocs:pixel-width><xocs:attachment-type>ALTIMG</xocs:attachment-type></xocs:attachment><xocs:attachment><xocs:attachment-eid>1-s2.0-S0370269304009062-si1.gif</xocs:attachment-eid><xocs:ucs-locator>https://s3.amazonaws.com/prod-ucs-content-store-us-east/content/pii:S0370269304009062/STRIPIN/image/gif/5e67a8e8afe569dc676372211dce41e2/si6.gif</xocs:ucs-locator><xocs:ucs-locator>https://s3-eu-west-1.amazonaws.com/prod-ucs-content-store-eu-west/content/pii:S0370269304009062/STRIPIN/image/gif/5e67a8e8afe569dc676372211dce41e2/si6.gif</xocs:ucs-locator><xocs:file-basename>si1</xocs:file-basename><xocs:filename>si1.gif</xocs:filename><xocs:extension>gif</xocs:extension><xocs:filesize>302</xocs:filesize><xocs:pixel-height>16</xocs:pixel-height><xocs:pixel-width>57</xocs:pixel-width><xocs:attachment-type>ALTIMG</xocs:attachment-type></xocs:attachment><xocs:attachment><xocs:attachment-eid>1-s2.0-S0370269304009062-gr004_lrg.jpg</xocs:attachment-eid><xocs:ucs-locator>https://s3.amazonaws.com/prod-ucs-content-store-us-east/content/pii:S0370269304009062/fgr004/HIGHRES/image/jpeg/7286e3fd69ab7b86bc49ce3556d9534b/gr004_lrg.jpg</xocs:ucs-locator><xocs:ucs-locator>https://s3-eu-west-1.amazonaws.com/prod-ucs-content-store-eu-west/content/pii:S0370269304009062/fgr004/HIGHRES/image/jpeg/7286e3fd69ab7b86bc49ce3556d9534b/gr004_lrg.jpg</xocs:ucs-locator><xocs:file-basename>gr004</xocs:file-basename><xocs:filename>gr004_lrg.jpg</xocs:filename><xocs:extension>jpg</xocs:extension><xocs:filesize>57647</xocs:filesize><xocs:pixel-height>624</xocs:pixel-height><xocs:pixel-width>836</xocs:pixel-width><xocs:attachment-type>IMAGE-HIGH-RES</xocs:attachment-type></xocs:attachment><xocs:attachment><xocs:attachment-eid>1-s2.0-S0370269304009062-gr003_lrg.jpg</xocs:attachment-eid><xocs:ucs-locator>https://s3.amazonaws.com/prod-ucs-content-store-us-east/content/pii:S0370269304009062/fgr003/HIGHRES/image/jpeg/d21528aa8b8e1fefc24d16eef24dc219/gr003_lrg.jpg</xocs:ucs-locator><xocs:ucs-locator>https://s3-eu-west-1.amazonaws.com/prod-ucs-content-store-eu-west/content/pii:S0370269304009062/fgr003/HIGHRES/image/jpeg/d21528aa8b8e1fefc24d16eef24dc219/gr003_lrg.jpg</xocs:ucs-locator><xocs:file-basename>gr003</xocs:file-basename><xocs:filename>gr003_lrg.jpg</xocs:filename><xocs:extension>jpg</xocs:extension><xocs:filesize>56103</xocs:filesize><xocs:pixel-height>624</xocs:pixel-height><xocs:pixel-width>832</xocs:pixel-width><xocs:attachment-type>IMAGE-HIGH-RES</xocs:attachment-type></xocs:attachment><xocs:attachment><xocs:attachment-eid>1-s2.0-S0370269304009062-gr002_lrg.jpg</xocs:attachment-eid><xocs:ucs-locator>https://s3.amazonaws.com/prod-ucs-content-store-us-east/content/pii:S0370269304009062/fgr002/HIGHRES/image/jpeg/61e72d1555c7a13e04267c988ef11dde/gr002_lrg.jpg</xocs:ucs-locator><xocs:ucs-locator>https://s3-eu-west-1.amazonaws.com/prod-ucs-content-store-eu-west/content/pii:S0370269304009062/fgr002/HIGHRES/image/jpeg/61e72d1555c7a13e04267c988ef11dde/gr002_lrg.jpg</xocs:ucs-locator><xocs:file-basename>gr002</xocs:file-basename><xocs:filename>gr002_lrg.jpg</xocs:filename><xocs:extension>jpg</xocs:extension><xocs:filesize>39928</xocs:filesize><xocs:pixel-height>587</xocs:pixel-height><xocs:pixel-width>827</xocs:pixel-width><xocs:attachment-type>IMAGE-HIGH-RES</xocs:attachment-type></xocs:attachment><xocs:attachment><xocs:attachment-eid>1-s2.0-S0370269304009062-gr001_lrg.gif</xocs:attachment-eid><xocs:ucs-locator>https://s3.amazonaws.com/prod-ucs-content-store-us-east/content/pii:S0370269304009062/fgr001/HIGHRES/image/gif/a737a4bb69ae068e06cf8848ba03e6a5/gr001_lrg.gif</xocs:ucs-locator><xocs:ucs-locator>https://s3-eu-west-1.amazonaws.com/prod-ucs-content-store-eu-west/content/pii:S0370269304009062/fgr001/HIGHRES/image/gif/a737a4bb69ae068e06cf8848ba03e6a5/gr001_lrg.gif</xocs:ucs-locator><xocs:file-basename>gr001</xocs:file-basename><xocs:filename>gr001_lrg.gif</xocs:filename><xocs:extension>gif</xocs:extension><xocs:filesize>45900</xocs:filesize><xocs:pixel-height>1978</xocs:pixel-height><xocs:pixel-width>2799</xocs:pixel-width><xocs:attachment-type>IMAGE-HIGH-RES</xocs:attachment-type></xocs:attachment><xocs:attachment><xocs:attachment-eid>1-s2.0-S0370269304009062-gr004.jpg</xocs:attachment-eid><xocs:ucs-locator>https://s3.amazonaws.com/prod-ucs-content-store-us-east/content/pii:S0370269304009062/fgr004/DOWNSAMPLED/image/jpeg/3e7a227dcfd8a7386f6c2578ac2dfeb4/gr004.jpg</xocs:ucs-locator><xocs:ucs-locator>https://s3-eu-west-1.amazonaws.com/prod-ucs-content-store-eu-west/content/pii:S0370269304009062/fgr004/DOWNSAMPLED/image/jpeg/3e7a227dcfd8a7386f6c2578ac2dfeb4/gr004.jpg</xocs:ucs-locator><xocs:file-basename>gr004</xocs:file-basename><xocs:filename>gr004.jpg</xocs:filename><xocs:extension>jpg</xocs:extension><xocs:filesize>15617</xocs:filesize><xocs:pixel-height>234</xocs:pixel-height><xocs:pixel-width>314</xocs:pixel-width><xocs:attachment-type>IMAGE-DOWNSAMPLED</xocs:attachment-type></xocs:attachment><xocs:attachment><xocs:attachment-eid>1-s2.0-S0370269304009062-gr003.jpg</xocs:attachment-eid><xocs:ucs-locator>https://s3.amazonaws.com/prod-ucs-content-store-us-east/content/pii:S0370269304009062/fgr003/DOWNSAMPLED/image/jpeg/893c9b92fda65c72fd40dd1b91931e5c/gr003.jpg</xocs:ucs-locator><xocs:ucs-locator>https://s3-eu-west-1.amazonaws.com/prod-ucs-content-store-eu-west/content/pii:S0370269304009062/fgr003/DOWNSAMPLED/image/jpeg/893c9b92fda65c72fd40dd1b91931e5c/gr003.jpg</xocs:ucs-locator><xocs:file-basename>gr003</xocs:file-basename><xocs:filename>gr003.jpg</xocs:filename><xocs:extension>jpg</xocs:extension><xocs:filesize>15239</xocs:filesize><xocs:pixel-height>235</xocs:pixel-height><xocs:pixel-width>313</xocs:pixel-width><xocs:attachment-type>IMAGE-DOWNSAMPLED</xocs:attachment-type></xocs:attachment><xocs:attachment><xocs:attachment-eid>1-s2.0-S0370269304009062-gr002.jpg</xocs:attachment-eid><xocs:ucs-locator>https://s3.amazonaws.com/prod-ucs-content-store-us-east/content/pii:S0370269304009062/fgr002/DOWNSAMPLED/image/jpeg/f2fb645701792538968f7beab2bb683b/gr002.jpg</xocs:ucs-locator><xocs:ucs-locator>https://s3-eu-west-1.amazonaws.com/prod-ucs-content-store-eu-west/content/pii:S0370269304009062/fgr002/DOWNSAMPLED/image/jpeg/f2fb645701792538968f7beab2bb683b/gr002.jpg</xocs:ucs-locator><xocs:file-basename>gr002</xocs:file-basename><xocs:filename>gr002.jpg</xocs:filename><xocs:extension>jpg</xocs:extension><xocs:filesize>10993</xocs:filesize><xocs:pixel-height>221</xocs:pixel-height><xocs:pixel-width>311</xocs:pixel-width><xocs:attachment-type>IMAGE-DOWNSAMPLED</xocs:attachment-type></xocs:attachment><xocs:attachment><xocs:attachment-eid>1-s2.0-S0370269304009062-gr001.gif</xocs:attachment-eid><xocs:ucs-locator>https://s3.amazonaws.com/prod-ucs-content-store-us-east/content/pii:S0370269304009062/fgr001/DOWNSAMPLED/image/gif/c040d286c489215c9fe8b2f686a7ae50/gr001.gif</xocs:ucs-locator><xocs:ucs-locator>https://s3-eu-west-1.amazonaws.com/prod-ucs-content-store-eu-west/content/pii:S0370269304009062/fgr001/DOWNSAMPLED/image/gif/c040d286c489215c9fe8b2f686a7ae50/gr001.gif</xocs:ucs-locator><xocs:file-basename>gr001</xocs:file-basename><xocs:filename>gr001.gif</xocs:filename><xocs:extension>gif</xocs:extension><xocs:filesize>5279</xocs:filesize><xocs:pixel-height>223</xocs:pixel-height><xocs:pixel-width>316</xocs:pixel-width><xocs:attachment-type>IMAGE-DOWNSAMPLED</xocs:attachment-type></xocs:attachment><xocs:attachment><xocs:attachment-eid>1-s2.0-S0370269304009062-gr001.sml</xocs:attachment-eid><xocs:ucs-locator>https://s3.amazonaws.com/prod-ucs-content-store-us-east/content/pii:S0370269304009062/fgr001/THUMBNAIL/image/gif/15c5c7a478695d8cce73820a89e72d06/gr001.sml</xocs:ucs-locator><xocs:ucs-locator>https://s3-eu-west-1.amazonaws.com/prod-ucs-content-store-eu-west/content/pii:S0370269304009062/fgr001/THUMBNAIL/image/gif/15c5c7a478695d8cce73820a89e72d06/gr001.sml</xocs:ucs-locator><xocs:file-basename>gr001</xocs:file-basename><xocs:filename>gr001.sml</xocs:filename><xocs:extension>sml</xocs:extension><xocs:filesize>3349</xocs:filesize><xocs:pixel-height>155</xocs:pixel-height><xocs:pixel-width>219</xocs:pixel-width><xocs:attachment-type>IMAGE-THUMBNAIL</xocs:attachment-type></xocs:attachment><xocs:attachment><xocs:attachment-eid>1-s2.0-S0370269304009062-gr004.sml</xocs:attachment-eid><xocs:ucs-locator>https://s3.amazonaws.com/prod-ucs-content-store-us-east/content/pii:S0370269304009062/fgr004/THUMBNAIL/image/gif/a2ba7d391c5af40e8d1fb496bf1f2ca8/gr004.sml</xocs:ucs-locator><xocs:ucs-locator>https://s3-eu-west-1.amazonaws.com/prod-ucs-content-store-eu-west/content/pii:S0370269304009062/fgr004/THUMBNAIL/image/gif/a2ba7d391c5af40e8d1fb496bf1f2ca8/gr004.sml</xocs:ucs-locator><xocs:file-basename>gr004</xocs:file-basename><xocs:filename>gr004.sml</xocs:filename><xocs:extension>sml</xocs:extension><xocs:filesize>4370</xocs:filesize><xocs:pixel-height>163</xocs:pixel-height><xocs:pixel-width>219</xocs:pixel-width><xocs:attachment-type>IMAGE-THUMBNAIL</xocs:attachment-type></xocs:attachment><xocs:attachment><xocs:attachment-eid>1-s2.0-S0370269304009062-gr003.sml</xocs:attachment-eid><xocs:ucs-locator>https://s3.amazonaws.com/prod-ucs-content-store-us-east/content/pii:S0370269304009062/fgr003/THUMBNAIL/image/gif/0fc7427c2c207a17229d718397e3905d/gr003.sml</xocs:ucs-locator><xocs:ucs-locator>https://s3-eu-west-1.amazonaws.com/prod-ucs-content-store-eu-west/content/pii:S0370269304009062/fgr003/THUMBNAIL/image/gif/0fc7427c2c207a17229d718397e3905d/gr003.sml</xocs:ucs-locator><xocs:file-basename>gr003</xocs:file-basename><xocs:filename>gr003.sml</xocs:filename><xocs:extension>sml</xocs:extension><xocs:filesize>4321</xocs:filesize><xocs:pixel-height>164</xocs:pixel-height><xocs:pixel-width>219</xocs:pixel-width><xocs:attachment-type>IMAGE-THUMBNAIL</xocs:attachment-type></xocs:attachment><xocs:attachment><xocs:attachment-eid>1-s2.0-S0370269304009062-gr002.sml</xocs:attachment-eid><xocs:ucs-locator>https://s3.amazonaws.com/prod-ucs-content-store-us-east/content/pii:S0370269304009062/fgr002/THUMBNAIL/image/gif/3cdac9a533623c8450c449255502e90d/gr002.sml</xocs:ucs-locator><xocs:ucs-locator>https://s3-eu-west-1.amazonaws.com/prod-ucs-content-store-eu-west/content/pii:S0370269304009062/fgr002/THUMBNAIL/image/gif/3cdac9a533623c8450c449255502e90d/gr002.sml</xocs:ucs-locator><xocs:file-basename>gr002</xocs:file-basename><xocs:filename>gr002.sml</xocs:filename><xocs:extension>sml</xocs:extension><xocs:filesize>3087</xocs:filesize><xocs:pixel-height>155</xocs:pixel-height><xocs:pixel-width>219</xocs:pixel-width><xocs:attachment-type>IMAGE-THUMBNAIL</xocs:attachment-type></xocs:attachment></xocs:attachments></xocs:attachment-metadata-doc></xocs:meta><xocs:serial-item><converted-article xmlns="http://www.elsevier.com/xml/ja/dtd" version="4.5.2" docsubtype="sco" xml:lang="en"><item-info><jid>PLB</jid><aid>21146</aid><ce:pii>S0370-2693(04)00906-2</ce:pii><ce:doi>10.1016/j.physletb.2004.05.075</ce:doi><ce:copyright type="full-transfer" year="2004">Elsevier B.V.</ce:copyright><ce:doctopics><ce:doctopic><ce:text>Astrophysics and Cosmology</ce:text></ce:doctopic></ce:doctopics></item-info><ce:floats><ce:figure id="FIG001"><ce:label>Fig. 1</ce:label><ce:caption><ce:simple-para view="all">The energy density in MBR and IRB according to the model of Ref. <ce:cross-ref refid="BIB006">[6]</ce:cross-ref>. The data points are from analyzes of the DIRBE measurements <ce:cross-refs refid="BIB009 BIB010">[9,10]</ce:cross-refs>.</ce:simple-para></ce:caption><ce:link locator="gr001"/></ce:figure><ce:figure id="FIG002"><ce:label>Fig. 2</ce:label><ce:caption><ce:simple-para view="all">Fraction of the proton energy that is converted to neutrinos on propagation on 200 Mpc. The histogram shows interaction on MBR only, while the points represent interactions of the total photon spectrum of <ce:cross-ref refid="FIG001">Fig. 1</ce:cross-ref>.</ce:simple-para></ce:caption><ce:link locator="gr002"/></ce:figure><ce:figure id="FIG003"><ce:label>Fig. 3</ce:label><ce:caption><ce:simple-para view="all">Fluxes of cosmogenic neutrinos (<math altimg="si1.gif">ν<inf loc="post">μ</inf>+<a valign="u"><ac>ν</ac><ac>̄</ac></a><inf loc="post">μ</inf></math>) generated only by interactions on IRB. All three calculations use the UHECR flux normalization at 10<ce:sup loc="post">19</ce:sup> eV derived by Waxman <ce:cross-ref refid="BIB012">[12]</ce:cross-ref>. The power law spectral indices and the cosmological evolution of UHECR sources <ce:italic>n</ce:italic> are given by each curve. The dash-dotted line shows the ‘standard’ <ce:italic>n</ce:italic>=3 cosmogenic neutrino flux from interactions in the MBR.</ce:simple-para></ce:caption><ce:link locator="gr003"/></ce:figure><ce:figure id="FIG004"><ce:label>Fig. 4</ce:label><ce:caption><ce:simple-para view="all">Comparison of the cosmogenic neutrino fluxes with the Waxman and Bahcall limit, which is given as shaded area for the ‘standard’ power law injection spectrum and cosmological evolution. The thick white line shows the limit derived in Ref. <ce:cross-ref refid="BIB013">[13]</ce:cross-ref>. The dashed line shows the flux of cosmogenic neutrinos generated in interactions on MBR for the ‘standard’ parameters, and the solid one—for <ce:italic>α</ce:italic>=2.5 and <ce:italic>n</ce:italic>=4. The squares show the fluxes generated in the total photon background shown in <ce:cross-ref refid="FIG001">Fig. 1</ce:cross-ref>: the open squares are for the ‘standard’ parameters and the full ones—for <ce:italic>α</ce:italic>=2.5 and <ce:italic>n</ce:italic>=4.</ce:simple-para></ce:caption><ce:link locator="gr004"/></ce:figure></ce:floats><head><ce:title>Neutrino production by UHECR proton interactions in the infrared background</ce:title><ce:author-group><ce:author><ce:given-name>Todor</ce:given-name><ce:surname>Stanev</ce:surname><ce:e-address type="email">stanev@muon.bartol.udel.edu</ce:e-address></ce:author><ce:affiliation><ce:textfn>Bartol Research Institute, University of Delaware, Newark, DE 19716, USA</ce:textfn></ce:affiliation></ce:author-group><ce:date-received day="27" month="4" year="2004"/><ce:date-revised day="15" month="5" year="2004"/><ce:date-accepted day="24" month="5" year="2004"/><ce:miscellaneous>Editor: J. Frieman</ce:miscellaneous><ce:abstract class="author"><ce:section-title>Abstract</ce:section-title><ce:abstract-sec><ce:simple-para view="all">We discuss the contribution of proton photoproduction interactions in the isotropic infrared/optical background to the cosmic neutrino fluxes. This contribution has a strong dependence on the proton injection energy spectrum, and is essential at high redshifts. It is thus closely correlated with the cosmological evolution of the ultra-high energy proton sources and of the infrared background itself. These interactions may also contribute to the source fluxes of neutrinos if the proton sources are located in regions of high infrared emission and magnetic fields.</ce:simple-para></ce:abstract-sec></ce:abstract></head><body><ce:sections><ce:para view="all">The assumption that the Ultra-High Energy Cosmic Rays (UHECR) are nuclei (presumably protons) accelerated in luminous extragalactic sources provides a natural connection between these particles and ultra high energy neutrinos. This was first realized by Berezinsky and Zatsepin <ce:cross-ref refid="BIB001">[1]</ce:cross-ref> soon after the introduction of the GZK effect <ce:cross-ref refid="BIB002">[2]</ce:cross-ref>. The next full calculation of the generated neutrino flux was published by Stecker <ce:cross-ref refid="BIB003">[3]</ce:cross-ref> in 1973. The problem has been revisited many times after the paper of Hill and Schramm <ce:cross-ref refid="BIB004">[4]</ce:cross-ref> who used the non-detection of such neutrinos to limit the cosmological evolution of the sources of UHECR.</ce:para><ce:para view="all">These so-called cosmogenic neutrinos are produced in photoproduction interactions of the UHECR with the ambient photon fields, mostly with the microwave background radiation (MBR). The GZK effect is the limit on the highest energy a cosmic ray proton can retain in propagation through the MBR. It sets a cutoff in the cosmic ray energy spectrum in case UHECR sources are isotropically and homogeneously distributed in the Universe. The physics of these photoproduction interactions is very well known. Although the energy of the interacting protons is very high, the center of mass energy is low, mostly at the photoproduction threshold. The interaction cross section is studied at accelerators and is very well known. Because of the steep cosmic ray spectrum most of the interactions happen at threshold, at the Δ<ce:sup loc="post">+</ce:sup> resonance, where the cross section reaches 500 μb. The mean free path in MBR reaches a minimum of 3.4 megaparsecs (Mpc) at proton energy of 6×10<ce:sup loc="post">20</ce:sup> eV. The average energy loss of 10<ce:sup loc="post">20</ce:sup> protons is about 20% per interaction and slowly increases with the proton (and center of mass) energy.</ce:para><ce:para view="all">The fluxes of cosmogenic neutrinos are, however, very uncertain because of the lack of certainty in the astrophysical input. The main parameters that define the magnitude and the spectral shape of the cosmogenic neutrino fluxes are: the total UHECR source luminosity <ce:italic>L</ce:italic><ce:inf loc="post">CR</ce:inf>, the shape of the UHECR injection spectrum (<ce:italic>α</ce:italic><ce:inf loc="post">CR</ce:inf> in case of power law spectrum), the maximum UHECR energy at acceleration <ce:italic>E</ce:italic><ce:inf loc="post">max</ce:inf> and the cosmological evolution of the UHECR sources. These are the same parameters that Waxman and Bahcall <ce:cross-ref refid="BIB005">[5]</ce:cross-ref> used to set a limit on the neutrino fluxes generated in optically thin sources of UHECR.</ce:para><ce:para view="all">The microwave background is not the only universal photon field that has to be taken in consideration. Especially interesting is the isotropic infrared and optical background (IRB). The number density of IRB is smaller than that of MBR by more that two orders of magnitude. On the other hand, protons of lower energy can interact on the IRB, and the smaller number density has to be weighted with the higher flux of interacting protons. The present Universe is optically thin to 10<ce:sup loc="post">19</ce:sup> eV and lower energy protons, but even at low redshifts the proton interaction rate quickly increases. This is different from the interactions on MBR, where the interacting protons quickly lose their energy even at <ce:italic>z</ce:italic>=0. The cosmological evolution of UHECR injection is thus of major importance for the contribution of such interactions to the flux of cosmogenic neutrinos.</ce:para><ce:para view="all">We use the IRB model of Franceschini et al. <ce:cross-ref refid="BIB006">[6]</ce:cross-ref> shown in <ce:cross-ref refid="FIG001">Fig. 1</ce:cross-ref><ce:float-anchor refid="FIG001"/> together with the MBR in terms of energy density. The model consists of two components: ‘star’, near infrared, which covers the higher photon energies, and ‘dust’, far infrared that continues down to MBR. The total IRB number density is significantly smaller than that of MBR. The model yields 1.6 photons/cm<ce:sup loc="post">3</ce:sup>, a factor of 250 less than the MBR. The IRB is measured directly after subtraction of point sources and is also estimated from the absorption of TeV photons coming from extragalactic sources <ce:cross-ref refid="BIB007">[7]</ce:cross-ref>. Such estimates affect mostly the near infrared part of the spectrum. Photons of wavelength above 40 μm affect only the <ce:italic>γ</ce:italic>-ray fluxes above 10 TeV <ce:cross-ref refid="BIB008">[8]</ce:cross-ref> where the statistics is usually low and the flux decrease could also be due to absorption in the <ce:italic>γ</ce:italic>-ray sources.</ce:para><ce:para view="all">In addition to the lower total photon density the IRB covers much wider wavelength range than the microwave background, and its photon density per unit energy is even smaller. The interactions of UHECR on IRB photons are indeed very rare in the present universe. <ce:cross-ref refid="FIG002">Fig. 2</ce:cross-ref><ce:float-anchor refid="FIG002"/> shows the fraction of the proton energy that is converted to neutrinos as a function of the proton energy in propagation on a distance of 200 Mpc.</ce:para><ce:para view="all">In the derivation of the neutrino limit Waxman and Bahcall use cosmic ray source emissivity <math altimg="si2.gif"><sc>L</sc><inf loc="post"><rm>CR</rm></inf>=4.5±1.5×10<sup loc="post">44</sup></math> erg<ce:hsp sp="0.2"/>Mpc<ce:sup loc="post">−3</ce:sup><ce:hsp sp="0.2"/>yr<ce:sup loc="post">−1</ce:sup> between 10<ce:sup loc="post">19</ce:sup> and 10<ce:sup loc="post">21</ce:sup> eV for power law cosmic ray energy spectrum with <ce:italic>α</ce:italic>=2. The assumption is that no cosmic rays are accelerated above 10<ce:sup loc="post">21</ce:sup> eV. The cosmological evolution of the source emissivity is assumed to be (1+<ce:italic>z</ce:italic>)<ce:sup loc="post">3</ce:sup> to <ce:italic>z</ce:italic>=1.9 then flat to <ce:italic>z</ce:italic>=2.7 with an exponential decay at larger redshifts. We will first this input to find the contribution of proton interactions on the IRB.</ce:para><ce:para view="all">The local neutrino flux of flavor <ce:italic>i</ce:italic>, <math altimg="si3.gif"><sc>F</sc><inf loc="post">i</inf>(E<inf loc="post">ν<inf loc="post">i</inf></inf>)</math> generated from the propagation of cosmic ray protons over cosmological distances is calculated as an integral over redshift and over the source proton energy <ce:italic>E</ce:italic><ce:inf loc="post"><ce:italic>p</ce:italic></ce:inf><ce:sup loc="post"><ce:italic>s</ce:italic></ce:sup> <display><formula><ce:label>(1)</ce:label><math altimg="si4.gif"><fr shape="built" align="c" style="s"><nu>c</nu><de>4πE<inf loc="post">ν<inf loc="post">i</inf></inf></de></fr>∫∫<sc>L</sc><fen><cp type="lpar" style="s"/>z,E<inf loc="post">p</inf><sup loc="post">s</sup><cp type="rpar" style="s"/></fen>Y<fen><cp type="lpar" style="s"/>E<inf loc="post">p</inf><sup loc="post">s</sup>,E<inf loc="post">ν<inf loc="post">i</inf></inf>,z<cp type="rpar" style="s"/></fen><fr shape="built" align="c" style="s"><nu>dE<sup loc="post">s</sup><inf loc="post">p</inf></nu><de>E<sup loc="post">s</sup><inf loc="post">p</inf></de></fr><ce:hsp sp="0.2"/>dz</math></formula></display> with <ce:italic>z</ce:italic><ce:inf loc="post">max</ce:inf>=8 and <ce:italic>E</ce:italic><ce:inf loc="post">min</ce:inf>=10<ce:sup loc="post">18</ce:sup>/(1+<ce:italic>z</ce:italic>) eV (10<ce:sup loc="post">19</ce:sup> eV when MBR is the only target) and <ce:italic>E</ce:italic><ce:inf loc="post">max</ce:inf>=10<ce:sup loc="post">22</ce:sup> eV with a exponential cutoff at 10<ce:sup loc="post">21.5</ce:sup> eV. The neutrino yields are properly scaled with redshift and the resulting neutrinos are redshifted after production (see <ce:cross-ref refid="BIB011">[11]</ce:cross-ref> for a full description of the procedure). The emissivity <math altimg="si5.gif"><sc>L</sc><inf loc="post"><rm>CR</rm></inf></math> is used to calculated the injection flux normalization at 10<ce:sup loc="post">19</ce:sup> eV. The term ‘standard emissivity’ means that we use the W and B normalization of the flux at this energy. In case the injection spectra are steeper than <ce:italic>E</ce:italic><ce:sup loc="post">−2</ce:sup> the true emissivity above 10<ce:sup loc="post">19</ce:sup> eV is smaller.</ce:para><ce:para view="all">The resulting <math altimg="si6.gif">ν<inf loc="post">μ</inf>+<a valign="u"><ac>ν</ac><ac>̄</ac></a><inf loc="post">μ</inf></math> spectrum from interactions in the IRB photon field of <ce:cross-ref refid="FIG001">Fig. 1</ce:cross-ref> for a cosmological model with <math altimg="si7.gif">Ω<inf loc="post">Λ</inf>=0.7</math>, <math altimg="si8.gif">Ω<inf loc="post">M</inf>=0.3</math> and <ce:italic>H</ce:italic><ce:inf loc="post">0</ce:inf>=75 km<ce:hsp sp="0.2"/>s<ce:sup loc="post">−1</ce:sup><ce:hsp sp="0.2"/>Mpc<ce:sup loc="post">−1</ce:sup> is shown with a dotted line in <ce:cross-ref refid="FIG003">Fig. 3</ce:cross-ref><ce:float-anchor refid="FIG003"/>. The flux peaks at 10<ce:sup loc="post">16.3</ce:sup> eV at 2.5×10<ce:sup loc="post">−18</ce:sup>  cm<ce:sup loc="post">−2</ce:sup><ce:hsp sp="0.2"/>s<ce:sup loc="post">−1</ce:sup><ce:hsp sp="0.2"/>sr<ce:sup loc="post">−1</ce:sup>. The peak is at energy lower than the peak of the MBR interactions (shown with a dash-dot line) by a factor of 20, and its magnitude is also lower by a factor of 10. Next, we show in the same figure with a dashed line the contribution of IRB for a scenario in which the injection spectral index is changed to <ce:italic>α</ce:italic>=2.5 and all other parameters are the same. There is a noticeable shift of the peak position to still lower energy. The peak is now located at 10<ce:sup loc="post">15.7</ce:sup> eV and is higher by a factor of about 7. The contribution of IRB is now smaller than that of MBR (<ce:italic>α</ce:italic>=2) only by about 30%. The highest curve in <ce:cross-ref refid="FIG003">Fig. 3</ce:cross-ref> shows the IRB contribution for <ce:italic>α</ce:italic>=2.5 and cosmological evolution with <ce:italic>n</ce:italic>=4 and then constant to <ce:italic>z</ce:italic>=10 followed by an exponential decrease. The location of the peak does not change but its magnitude increases by almost a factor of three. It is now 50% higher than the ‘standard’ MBR generated cosmogenic neutrinos. It is obviously not correct to compare fluxes obtained with different assumptions for the cosmological evolution and we do it only to have a feeling for the magnitude of the neutrino fluxes. The <ce:italic>α</ce:italic>=2.5 spectra decrease the flux of cosmogenic neutrinos of energy above 10<ce:sup loc="post">19</ce:sup> eV.</ce:para><ce:para view="all">Both the spectral shape and the cosmological evolution of the UHECR sources affect the contribution of the IRB to the cosmogenic neutrino flux. The most important factor, however, is the shape of the injection spectrum. It is worth to note that the maximum proton energy at acceleration does not affect the IRB generated fluxes, since they are due mostly to protons of energy below 10<ce:sup loc="post">20</ce:sup> eV, as can be observed in <ce:cross-ref refid="FIG002">Fig. 2</ce:cross-ref>.</ce:para><ce:para view="all">At energy about 3×10<ce:sup loc="post">18</ce:sup> eV the cosmogenic neutrino fluxes of <math altimg="si9.gif">ν<inf loc="post">μ</inf>+<a valign="u"><ac>ν</ac><ac>̄</ac></a><inf loc="post">μ</inf></math> are very close to the limit for source neutrinos. The reason is simple—in propagation from large distances protons lose almost all of their energy in interactions on MBR. An interesting feature is the flux of <math altimg="si10.gif"><a valign="u"><ac>ν</ac><ac>̄</ac></a><inf loc="post">e</inf></math> (not shown), which peaks at energy about 3×10<ce:sup loc="post">15</ce:sup> eV. The origin of this flux is neutron decay, and a small <math altimg="si11.gif"><a valign="u"><ac>ν</ac><ac>̄</ac></a><inf loc="post">e</inf></math> flux is generated in neutron interactions on MBR.</ce:para><ce:para view="all">The <ce:italic>n</ce:italic>=3 cosmological evolution of the sources increases the fluxes by about a factor of five compared to a no-evolution scenario. The increase is not energy independent <ce:cross-ref refid="BIB011">[11]</ce:cross-ref>. The highest energy neutrinos are generated at small redshifts. The low energy neutrinos come from high redshifts because of two reasons: the threshold energy of protons for photoproduction interaction decreases, and the generated neutrinos are further redshifted to the current epoch. The ‘standard’ flux (<ce:italic>α</ce:italic>=2.0, <ce:italic>n</ce:italic>=3) would generate about 0.4 neutrino induced showers per km<ce:sup loc="post">3</ce:sup><ce:hsp sp="0.2"/>yr in the IceCube <ce:cross-ref refid="BIB014">[14]</ce:cross-ref> neutrino detector and 0.9 events with energy above 10<ce:sup loc="post">19</ce:sup> eV in the Auger <ce:cross-ref refid="BIB015">[15]</ce:cross-ref> observatory (for target mass of 30 km<ce:sup loc="post">3</ce:sup> of water) assuming that at arrival at Earth the flavor ratio <ce:italic>ν</ce:italic><ce:inf loc="post"><ce:italic>e</ce:italic></ce:inf>:<ce:italic>ν</ce:italic><ce:inf loc="post"><ce:italic>μ</ce:italic></ce:inf>:<ce:italic>ν</ce:italic><ce:inf loc="post"><ce:italic>τ</ce:italic></ce:inf> is 1:1:1 because of neutrino oscillations. The rate in EUSO <ce:cross-ref refid="BIB016">[16]</ce:cross-ref> in not affected by interactions in the IRB since the detection threshold is of order 10<ce:sup loc="post">20</ce:sup> eV. Shower events come from: NC interactions of all neutrinos, CC interactions of <ce:italic>ν</ce:italic><ce:inf loc="post"><ce:italic>e</ce:italic></ce:inf>, the hadronic (<ce:italic>yE</ce:italic><ce:inf loc="post"><ce:italic>ν</ce:italic></ce:inf>) part of the CC interactions of muon and tau neutrinos and from <ce:italic>τ</ce:italic> decay. Although very prominent, the Glashow resonance does not produce high rate of events because of its narrow width. Ice Cube should also detect very energetic muons with a comparable rate which is difficult to predict without detailed detector simulations.</ce:para><ce:para view="all">Changing the proton injection spectrum to a power law with <ce:italic>α</ce:italic>=2.5 moves the maximum of the cosmogenic neutrino flux to lower energy and increases the contribution of the interactions on IRB. At the same time the flux of higher energy cosmogenic neutrinos decreases. The shower event rates in IceCube and Auger become 0.44 and 0.31, respectively.</ce:para><ce:para view="all">Assuming a stronger source evolution, (1+<ce:italic>z</ce:italic>)<ce:sup loc="post">4</ce:sup>, makes a big difference in the expected fluxes. A power law source spectrum with <ce:italic>α</ce:italic>=2.5 it generates 1.2 events in IceCube and 0.66 events in Auger. The cosmogenic neutrino spectrum for <math altimg="si12.gif">ν<inf loc="post">μ</inf>+<a valign="u"><ac>ν</ac><ac>̄</ac></a><inf loc="post">μ</inf></math> is shown with full squares in <ce:cross-ref refid="FIG004">Fig. 4</ce:cross-ref><ce:float-anchor refid="FIG004"/>. The contribution of interactions on MBR is shown with a solid line.</ce:para><ce:para view="all">The biggest uncertainty in these results, which is not listed above, is the cosmological evolution of the infrared/optical background. The estimates above assume that it is the same as of MBR, i.e., that the IRB was fully developed at <ce:italic>z</ce:italic>=8, which is the limit of the redshift integration. This does not seem to be a realistic assumption, although models of the IRB emission <ce:cross-ref refid="BIB017">[17]</ce:cross-ref> predict very strong evolution of the far infrared emission, especially between redshifts of 10 to 100.</ce:para><ce:para view="all">The maximum proton energy at acceleration <ce:italic>E</ce:italic><ce:inf loc="post">max</ce:inf> is unknown, but having in mind the highest energy Fly's Eye shower of 3×10<ce:sup loc="post">20</ce:sup> eV one should expect that astrophysical sources accelerate protons at least to 10<ce:sup loc="post">21</ce:sup> eV. The injection spectrum is also not very well determined since the result of proton propagation depends on the UHECR source distribution. Attempts to derive the injection spectrum in the case of isotropic homogeneous source distribution end up with injection spectra not flatter than <ce:italic>E</ce:italic><ce:sup loc="post">−2.4</ce:sup> power law <ce:cross-refs refid="BIB018 BIB019">[18,19]</ce:cross-refs>. The extreme case is developed by Berezinsky et al. <ce:cross-ref refid="BIB020">[20]</ce:cross-ref> who derive <ce:italic>α</ce:italic>=2.7 injection spectrum in case of no cosmological evolution.</ce:para><ce:para view="all">The total luminosity required for the explanation of the observed events at 10<ce:sup loc="post">19</ce:sup> eV grows with the spectral index, and in the case of Berezinsky et al. becomes (3–4)×10<ce:sup loc="post">46</ce:sup> erg<ce:hsp sp="0.2"/>Mpc<ce:sup loc="post">−3</ce:sup><ce:hsp sp="0.2"/>yr<ce:sup loc="post">−1</ce:sup> for evolutionary model with <ce:italic>α</ce:italic>=2.45 or non-evolutionary models with <ce:italic>α</ce:italic>=2.70. Note that the steep injection spectra apply only to cosmic rays of energy above 10<ce:sup loc="post">18</ce:sup> eV and that the injection spectrum should flatten at lower energies. Otherwise after propagation the extragalactic protons would dominate the cosmic ray flux at 10<ce:sup loc="post">17</ce:sup> eV <ce:cross-ref refid="BIB020">[20]</ce:cross-ref> which is contrary to observations. This may suggest that the highest flux in <ce:cross-ref refid="FIG004">Fig. 4</ce:cross-ref> may have an exaggerated low energy extension.</ce:para><ce:para view="all">Generally, steep spectra generate only a small event rate for neutrinos above 10<ce:sup loc="post">19</ce:sup> eV and enhance the IRB contribution.</ce:para><ce:para view="all">Expressed in terms of (1+<ce:italic>z</ce:italic>)<ce:sup loc="post"><ce:italic>n</ce:italic></ce:sup> the cosmological evolution of different astrophysical objects is observed to be between <ce:italic>n</ce:italic>=3 and 4. A strong evolution with <ce:italic>n</ce:italic>=4, as used above, may be too optimistic, but not entirely out of range. As seen from <ce:cross-ref refid="FIG004">Fig. 4</ce:cross-ref>, a strong cosmological evolution does not only increase the total flux, but also moves the peak of the cosmogenic neutrino spectrum to somewhat lower energy.</ce:para><ce:para view="all">Finally, the cosmic ray source emissivity, which was normalized to the flux of UHECR at 10<ce:sup loc="post">19</ce:sup> by Waxman <ce:cross-ref refid="BIB012">[12]</ce:cross-ref> could easily be higher or lower by half an order of magnitude. One can then assume a pessimistic IceCube shower event rate of 0.1 event per km<ce:sup loc="post">3</ce:sup><ce:hsp sp="0.2"/>yr and an optimistic rate of 4–5 events.</ce:para><ce:para view="all">It is obvious that a detailed calculation of the flux of cosmogenic neutrinos should include the interactions on the infrared background. We plan to do that with better models of the cosmological evolution of IRB and of UHECR sources and describe the calculation in more detail in a forthcoming paper. One should also keep in mind that if the UHECR sources are located in regions of high infrared and optical photon density, the fluxes of source neutrinos could increase. The effect may be much stronger if 10<ce:sup loc="post">19</ce:sup> eV and lower energy protons are contained in the region by high magnetic fields.</ce:para><ce:section view="all"><ce:section-title>Note added in proof</ce:section-title><ce:para view="all">After the submission of this Letter, a new paper by Bugaev, Misaki and Mitsui (<ce:inter-ref xlink:href="arxiv:astro-ph/0405109" xlink:role="http://www.elsevier.com/xml/linking-roles/preprint" xlink:type="simple">astro-ph/0405109</ce:inter-ref>) emphasized the importance of the IRB as interaction target.</ce:para></ce:section></ce:sections><ce:acknowledgment><ce:section-title>Acknowledgements</ce:section-title><ce:para view="all">The author acknowledges fruitful discussions with P.L. Biermann, P. Blasi, A. Franceschini, D. Seckel and S. Yoshida. The remarks of referee contributed greatly to the quality of the Letter. This research is supported in part by NASA Grant NAG5-10919.</ce:para></ce:acknowledgment></body><tail><ce:bibliography view="all"><ce:section-title>References</ce:section-title><ce:bibliography-sec><ce:bib-reference id="BIB001"><ce:label>[1]</ce:label><sb:reference><sb:contribution langtype="en"><sb:authors><sb:author><ce:given-name>V.S.</ce:given-name><ce:surname>Berezinsky</ce:surname></sb:author><sb:author><ce:given-name>G.T.</ce:given-name><ce:surname>Zatsepin</ce:surname></sb:author></sb:authors></sb:contribution><sb:host><sb:issue><sb:series><sb:title><sb:maintitle>Phys. Lett.</sb:maintitle></sb:title><sb:volume-nr>28B</sb:volume-nr></sb:series><sb:date>1969</sb:date></sb:issue><sb:pages><sb:first-page>423</sb:first-page></sb:pages></sb:host></sb:reference><sb:reference><sb:contribution langtype="en"><sb:authors><sb:author><ce:given-name>V.S.</ce:given-name><ce:surname>Berezinsky</ce:surname></sb:author><sb:author><ce:given-name>G.T.</ce:given-name><ce:surname>Zatsepin</ce:surname></sb:author></sb:authors></sb:contribution><sb:host><sb:issue><sb:series><sb:title><sb:maintitle>Sov. J. Nucl. Phys.</sb:maintitle></sb:title><sb:volume-nr>11</sb:volume-nr></sb:series><sb:date>1970</sb:date></sb:issue><sb:pages><sb:first-page>111</sb:first-page></sb:pages></sb:host></sb:reference></ce:bib-reference><ce:bib-reference id="BIB002"><ce:label>[2]</ce:label><sb:reference><sb:contribution langtype="en"><sb:authors><sb:author><ce:given-name>K.</ce:given-name><ce:surname>Greisen</ce:surname></sb:author></sb:authors></sb:contribution><sb:host><sb:issue><sb:series><sb:title><sb:maintitle>Phys. Rev. Lett.</sb:maintitle></sb:title><sb:volume-nr>16</sb:volume-nr></sb:series><sb:date>1966</sb:date></sb:issue><sb:pages><sb:first-page>748</sb:first-page></sb:pages></sb:host></sb:reference><sb:reference><sb:contribution langtype="en"><sb:authors><sb:author><ce:given-name>G.T.</ce:given-name><ce:surname>Zatsepin</ce:surname></sb:author><sb:author><ce:given-name>V.A.</ce:given-name><ce:surname>Kuzmin</ce:surname></sb:author></sb:authors></sb:contribution><sb:host><sb:issue><sb:series><sb:title><sb:maintitle>JETP Lett.</sb:maintitle></sb:title><sb:volume-nr>4</sb:volume-nr></sb:series><sb:date>1966</sb:date></sb:issue><sb:pages><sb:first-page>78</sb:first-page></sb:pages></sb:host></sb:reference></ce:bib-reference><ce:bib-reference id="BIB003"><ce:label>[3]</ce:label><sb:reference><sb:contribution langtype="en"><sb:authors><sb:author><ce:given-name>F.W.</ce:given-name><ce:surname>Stecker</ce:surname></sb:author></sb:authors></sb:contribution><sb:host><sb:issue><sb:series><sb:title><sb:maintitle>Astrophys. Space Sci.</sb:maintitle></sb:title><sb:volume-nr>20</sb:volume-nr></sb:series><sb:date>1973</sb:date></sb:issue><sb:pages><sb:first-page>47</sb:first-page></sb:pages></sb:host></sb:reference></ce:bib-reference><ce:bib-reference id="BIB004"><ce:label>[4]</ce:label><sb:reference><sb:contribution langtype="en"><sb:authors><sb:author><ce:given-name>C.T.</ce:given-name><ce:surname>Hill</ce:surname></sb:author><sb:author><ce:given-name>D.N.</ce:given-name><ce:surname>Schramm</ce:surname></sb:author></sb:authors></sb:contribution><sb:host><sb:issue><sb:series><sb:title><sb:maintitle>Phys. Rev. D</sb:maintitle></sb:title><sb:volume-nr>31</sb:volume-nr></sb:series><sb:date>1985</sb:date></sb:issue><sb:pages><sb:first-page>564</sb:first-page></sb:pages></sb:host></sb:reference></ce:bib-reference><ce:bib-reference id="BIB005"><ce:label>[5]</ce:label><sb:reference><sb:contribution langtype="en"><sb:authors><sb:author><ce:given-name>E.</ce:given-name><ce:surname>Waxman</ce:surname></sb:author><sb:author><ce:given-name>J.</ce:given-name><ce:surname>Bahcall</ce:surname></sb:author></sb:authors></sb:contribution><sb:host><sb:issue><sb:series><sb:title><sb:maintitle>Phys. Rev. D</sb:maintitle></sb:title><sb:volume-nr>59</sb:volume-nr></sb:series><sb:date>1999</sb:date></sb:issue><sb:pages><sb:first-page>023002</sb:first-page></sb:pages></sb:host></sb:reference></ce:bib-reference><ce:bib-reference id="BIB006"><ce:label>[6]</ce:label><sb:reference><sb:contribution langtype="en"><sb:authors><sb:author><ce:given-name>A.</ce:given-name><ce:surname>Franceschini</ce:surname></sb:author><sb:et-al/></sb:authors></sb:contribution><sb:host><sb:issue><sb:series><sb:title><sb:maintitle>Astron. Astrophys.</sb:maintitle></sb:title><sb:volume-nr>378</sb:volume-nr></sb:series><sb:date>2001</sb:date></sb:issue><sb:pages><sb:first-page>1</sb:first-page></sb:pages></sb:host></sb:reference></ce:bib-reference><ce:bib-reference id="BIB007"><ce:label>[7]</ce:label><sb:reference><sb:contribution langtype="en"><sb:authors><sb:author><ce:given-name>F.W.</ce:given-name><ce:surname>Stecker</ce:surname></sb:author></sb:authors></sb:contribution><sb:host><sb:issue><sb:series><sb:title><sb:maintitle>Astropart. Phys.</sb:maintitle></sb:title><sb:volume-nr>11</sb:volume-nr></sb:series><sb:date>1999</sb:date></sb:issue><sb:pages><sb:first-page>83</sb:first-page></sb:pages></sb:host></sb:reference></ce:bib-reference><ce:bib-reference id="BIB008"><ce:label>[8]</ce:label><sb:reference><sb:contribution langtype="en"><sb:authors><sb:author><ce:given-name>T.</ce:given-name><ce:surname>Stanev</ce:surname></sb:author><sb:author><ce:given-name>A.</ce:given-name><ce:surname>Franceschini</ce:surname></sb:author></sb:authors></sb:contribution><sb:host><sb:issue><sb:series><sb:title><sb:maintitle>Astrophys. J.</sb:maintitle></sb:title><sb:volume-nr>494</sb:volume-nr></sb:series><sb:date>1998</sb:date></sb:issue><sb:pages><sb:first-page>L159</sb:first-page></sb:pages></sb:host></sb:reference></ce:bib-reference><ce:bib-reference id="BIB009"><ce:label>[9]</ce:label><sb:reference><sb:contribution langtype="en"><sb:authors><sb:author><ce:given-name>M.G.</ce:given-name><ce:surname>Hauser</ce:surname></sb:author><sb:et-al/></sb:authors></sb:contribution><sb:host><sb:issue><sb:series><sb:title><sb:maintitle>Astrophys. J.</sb:maintitle></sb:title><sb:volume-nr>508</sb:volume-nr></sb:series><sb:date>1998</sb:date></sb:issue><sb:pages><sb:first-page>25</sb:first-page></sb:pages></sb:host></sb:reference></ce:bib-reference><ce:bib-reference id="BIB010"><ce:label>[10]</ce:label><sb:reference><sb:contribution langtype="en"><sb:authors><sb:author><ce:given-name>G.</ce:given-name><ce:surname>Lagache</ce:surname></sb:author><sb:et-al/></sb:authors></sb:contribution><sb:host><sb:issue><sb:series><sb:title><sb:maintitle>Astron. Astrophys.</sb:maintitle></sb:title><sb:volume-nr>344</sb:volume-nr></sb:series><sb:date>1999</sb:date></sb:issue><sb:pages><sb:first-page>L322</sb:first-page></sb:pages></sb:host></sb:reference></ce:bib-reference><ce:bib-reference id="BIB011"><ce:label>[11]</ce:label><sb:reference><sb:contribution langtype="en"><sb:authors><sb:author><ce:given-name>R.</ce:given-name><ce:surname>Engel</ce:surname></sb:author><sb:author><ce:given-name>D.</ce:given-name><ce:surname>Seckel</ce:surname></sb:author><sb:author><ce:given-name>T.</ce:given-name><ce:surname>Stanev</ce:surname></sb:author></sb:authors></sb:contribution><sb:host><sb:issue><sb:series><sb:title><sb:maintitle>Phys. Rev. D</sb:maintitle></sb:title><sb:volume-nr>64</sb:volume-nr></sb:series><sb:date>2001</sb:date></sb:issue><sb:pages><sb:first-page>093010</sb:first-page></sb:pages></sb:host></sb:reference></ce:bib-reference><ce:bib-reference id="BIB012"><ce:label>[12]</ce:label><sb:reference><sb:contribution langtype="en"><sb:authors><sb:author><ce:given-name>E.</ce:given-name><ce:surname>Waxman</ce:surname></sb:author></sb:authors></sb:contribution><sb:host><sb:issue><sb:series><sb:title><sb:maintitle>Astrophys. J.</sb:maintitle></sb:title><sb:volume-nr>452</sb:volume-nr></sb:series><sb:date>1995</sb:date></sb:issue><sb:pages><sb:first-page>L1</sb:first-page></sb:pages></sb:host></sb:reference></ce:bib-reference><ce:bib-reference id="BIB013"><ce:label>[13]</ce:label><sb:reference><sb:contribution langtype="en"><sb:authors><sb:author><ce:given-name>K.</ce:given-name><ce:surname>Mannheim</ce:surname></sb:author><sb:author><ce:given-name>R.J.</ce:given-name><ce:surname>Protheroe</ce:surname></sb:author><sb:author><ce:given-name>J.P.</ce:given-name><ce:surname>Rachen</ce:surname></sb:author></sb:authors></sb:contribution><sb:host><sb:issue><sb:series><sb:title><sb:maintitle>Phys. Rev. D</sb:maintitle></sb:title><sb:volume-nr>63</sb:volume-nr></sb:series><sb:date>2001</sb:date></sb:issue><sb:pages><sb:first-page>0.23003</sb:first-page></sb:pages></sb:host></sb:reference></ce:bib-reference><ce:bib-reference id="BIB014"><ce:label>[14]</ce:label><sb:reference><sb:comment>The current status of the ICECUBE project is displayed at</sb:comment><sb:host><sb:e-host><ce:inter-ref xlink:href="http://pheno.physics.wisc.edu/icecube/" xlink:role="http://www.elsevier.com/xml/linking-roles/text/html" xlink:type="simple">http://pheno.physics.wisc.edu/icecube/</ce:inter-ref></sb:e-host></sb:host></sb:reference></ce:bib-reference><ce:bib-reference id="BIB015"><ce:label>[15]</ce:label><sb:reference><sb:comment>See</sb:comment><sb:host><sb:e-host><ce:inter-ref xlink:href="http://www.auger.org/" xlink:role="http://www.elsevier.com/xml/linking-roles/text/html" xlink:type="simple">http://www.auger.org/</ce:inter-ref></sb:e-host></sb:host></sb:reference></ce:bib-reference><ce:bib-reference id="BIB016"><ce:label>[16]</ce:label><sb:reference><sb:comment>See</sb:comment><sb:host><sb:e-host><ce:inter-ref xlink:href="http://www.euso-mission.org/" xlink:role="http://www.elsevier.com/xml/linking-roles/text/html" xlink:type="simple">http://www.euso-mission.org/</ce:inter-ref></sb:e-host></sb:host></sb:reference></ce:bib-reference><ce:bib-reference id="BIB017"><ce:label>[17]</ce:label><sb:reference><sb:contribution langtype="en"><sb:authors><sb:author><ce:given-name>Z.</ce:given-name><ce:surname>Haiman</ce:surname></sb:author><sb:author><ce:given-name>D.N.</ce:given-name><ce:surname>Spergel</ce:surname></sb:author><sb:author><ce:given-name>E.L.</ce:given-name><ce:surname>Turner</ce:surname></sb:author></sb:authors></sb:contribution><sb:host><sb:issue><sb:series><sb:title><sb:maintitle>Astrophys. J.</sb:maintitle></sb:title><sb:volume-nr>585</sb:volume-nr></sb:series><sb:date>2003</sb:date></sb:issue><sb:pages><sb:first-page>630</sb:first-page></sb:pages></sb:host></sb:reference></ce:bib-reference><ce:bib-reference id="BIB018"><ce:label>[18]</ce:label><sb:reference><sb:contribution langtype="en"><sb:authors><sb:author><ce:given-name>P.</ce:given-name><ce:surname>Blasi</ce:surname></sb:author><sb:author><ce:given-name>D.</ce:given-name><ce:surname>DeMarco</ce:surname></sb:author></sb:authors></sb:contribution><sb:host><sb:issue><sb:series><sb:title><sb:maintitle>Astropart. Phys.</sb:maintitle></sb:title><sb:volume-nr>20</sb:volume-nr></sb:series><sb:date>2004</sb:date></sb:issue><sb:pages><sb:first-page>559</sb:first-page></sb:pages></sb:host></sb:reference></ce:bib-reference><ce:bib-reference id="BIB019"><ce:label>[19]</ce:label><sb:reference><sb:contribution langtype="en"><sb:authors><sb:author><ce:given-name>T.</ce:given-name><ce:surname>Stanev</ce:surname></sb:author></sb:authors></sb:contribution><sb:host><sb:edited-book><sb:editors><sb:editor><ce:given-name>M.</ce:given-name><ce:surname>Teshima</ce:surname></sb:editor><sb:editor><ce:given-name>T.</ce:given-name><ce:surname>Ebisuzaki</ce:surname></sb:editor></sb:editors><sb:title><sb:maintitle>Extremely High-Energy Cosmic Rays</sb:maintitle></sb:title><sb:date>2003</sb:date><sb:publisher><sb:name>Universal Academy Press</sb:name><sb:location>Tokyo</sb:location></sb:publisher></sb:edited-book></sb:host></sb:reference></ce:bib-reference><ce:bib-reference id="BIB020"><ce:label>[20]</ce:label><sb:reference><sb:contribution langtype="en"><sb:authors><sb:author><ce:given-name>V.S.</ce:given-name><ce:surname>Berezinsky</ce:surname></sb:author><sb:author><ce:given-name>A.Z.</ce:given-name><ce:surname>Gazizov</ce:surname></sb:author><sb:author><ce:given-name>S.I.</ce:given-name><ce:surname>Grigorieva</ce:surname></sb:author></sb:authors></sb:contribution><sb:host><sb:e-host><ce:inter-ref xlink:href="arxiv:hep-ph/0204357" xlink:role="http://www.elsevier.com/xml/linking-roles/preprint" xlink:type="simple">hep-ph/0204357</ce:inter-ref></sb:e-host></sb:host></sb:reference><sb:reference><sb:contribution langtype="en"><sb:authors><sb:author><ce:given-name>V.S.</ce:given-name><ce:surname>Berezinsky</ce:surname></sb:author><sb:author><ce:given-name>A.Z.</ce:given-name><ce:surname>Gazizov</ce:surname></sb:author><sb:author><ce:given-name>S.I.</ce:given-name><ce:surname>Grigorieva</ce:surname></sb:author></sb:authors></sb:contribution><sb:host><sb:e-host><ce:inter-ref xlink:href="arxiv:astro-ph/0210095" xlink:role="http://www.elsevier.com/xml/linking-roles/preprint" xlink:type="simple">astro-ph/0210095</ce:inter-ref></sb:e-host></sb:host></sb:reference></ce:bib-reference></ce:bibliography-sec></ce:bibliography></tail></converted-article></xocs:serial-item></xocs:doc></originalText></full-text-retrieval-response>